2026-02-16 20:48:10 [info]: ✅ Database connected successfully
2026-02-16 20:48:10 [info]: 🚀 Server running on port 3001
2026-02-16 20:48:10 [info]: 📊 Environment: development
2026-02-16 20:48:10 [info]: 🔗 API URL: http://localhost:3001/api
2026-02-16 20:48:26 [info]: SIGINT received. Shutting down gracefully...
2026-02-16 20:50:53 [info]: ✅ Database connected successfully
2026-02-16 20:50:53 [info]: 🚀 Server running on port 3001
2026-02-16 20:50:53 [info]: 📊 Environment: development
2026-02-16 20:50:53 [info]: 🔗 API URL: http://localhost:3001/api
2026-02-16 22:46:17 [info]: ✅ Database connected successfully
2026-02-16 22:46:18 [info]: 🚀 Server running on port 3001
2026-02-16 22:46:18 [info]: 📊 Environment: development
2026-02-16 22:46:18 [info]: 🔗 API URL: http://localhost:3001/api
2026-02-16 22:56:07 [info]: SIGINT received. Shutting down gracefully...
2026-02-16 22:57:58 [info]: ✅ Database connected successfully
2026-02-16 22:57:58 [info]: 🚀 Server running on port 3001
2026-02-16 22:57:58 [info]: 📊 Environment: development
2026-02-16 22:57:58 [info]: 🔗 API URL: http://localhost:3001/api
2026-02-16 23:09:16 [info]: SIGINT received. Shutting down gracefully...
2026-02-16 23:09:33 [info]: ✅ Database connected successfully
2026-02-16 23:09:33 [info]: 🚀 Server running on port 3001
2026-02-16 23:09:33 [info]: 📊 Environment: development
2026-02-16 23:09:33 [info]: 🔗 API URL: http://localhost:3001/api
2026-02-17 10:59:39 [info]: ✅ Database connected successfully
2026-02-17 10:59:39 [info]: 🚀 Server running on port 3001
2026-02-17 10:59:39 [info]: 📊 Environment: development
2026-02-17 10:59:39 [info]: 🔗 API URL: http://localhost:3001/api
2026-02-17 11:00:29 [info]: POST /api/auth/login
2026-02-17 11:00:30 [info]: User logged in: matias@gmail.com
2026-02-17 11:00:33 [info]: POST /api/auth/login
2026-02-17 11:00:34 [info]: User logged in: matias@gmail.com
2026-02-17 11:01:59 [info]: POST /api/auth/login
2026-02-17 11:02:00 [info]: User logged in: matias@gmail.com
2026-02-17 11:02:00 [info]: POST /api/auth/login
2026-02-17 11:02:01 [info]: User logged in: matias@gmail.com
2026-02-17 11:03:39 [info]: POST /api/auth/login
2026-02-17 11:03:40 [info]: User logged in: matias@gmail.com
2026-02-17 11:03:53 [info]: POST /api/auth/login
2026-02-17 11:03:57 [info]: POST /api/auth/login
2026-02-17 11:04:04 [info]: POST /api/auth/login
2026-02-17 11:04:05 [info]: POST /api/auth/login
2026-02-17 11:04:05 [info]: POST /api/auth/login
2026-02-17 11:04:05 [info]: POST /api/auth/login
2026-02-17 11:10:48 [info]: GET /api/services/types/all
2026-02-17 11:10:48 [warn]: Invalid or expired token attempt
2026-02-17 11:13:09 [info]: GET /api/services/types/all
2026-02-17 11:13:09 [warn]: Invalid or expired token attempt
2026-02-17 11:13:09 [info]: GET /api/services/types/all
2026-02-17 11:13:09 [warn]: Invalid or expired token attempt
2026-02-17 11:13:15 [info]: GET /api/services/types/all
2026-02-17 11:13:15 [warn]: Invalid or expired token attempt
2026-02-17 11:13:15 [info]: GET /api/services/types/all
2026-02-17 11:13:15 [warn]: Invalid or expired token attempt
2026-02-17 11:13:19 [info]: GET /api/services/types/all
2026-02-17 11:13:19 [warn]: Invalid or expired token attempt
2026-02-17 11:13:19 [info]: GET /api/services/types/all
2026-02-17 11:13:19 [warn]: Invalid or expired token attempt
2026-02-17 11:15:22 [info]: GET /api/services/types/all
2026-02-17 11:15:22 [warn]: Invalid or expired token attempt
2026-02-17 11:18:16 [info]: GET /api/services/types/all
2026-02-17 11:18:16 [warn]: Invalid or expired token attempt
2026-02-17 11:18:16 [info]: GET /api/services/types/all
2026-02-17 11:18:16 [warn]: Invalid or expired token attempt
2026-02-17 11:18:44 [info]: POST /api/auth/login
2026-02-17 11:18:45 [warn]: Failed login attempt for: matias@gmail.com
2026-02-17 11:18:45 [error]: Error: Credenciales inválidas
    at Function.login (C:\Users\matia\Downloads\Kimi_Agent_Panel Admin Peluquería Completo\barbershop-admin\backend\src\services\auth.service.ts:34:13)
    at C:\Users\matia\Downloads\Kimi_Agent_Panel Admin Peluquería Completo\barbershop-admin\backend\src\controllers\auth.controller.ts:44:20
2026-02-17 11:20:15 [info]: GET /api/services/types/all
2026-02-17 11:20:15 [warn]: Invalid or expired token attempt
2026-02-17 11:20:15 [info]: GET /api/services/types/all
2026-02-17 11:20:15 [warn]: Invalid or expired token attempt
2026-02-17 11:27:16 [info]: GET /api/services/types/all
2026-02-17 11:27:16 [warn]: Invalid or expired token attempt
2026-02-17 11:27:16 [info]: GET /api/services/types/all
2026-02-17 11:27:16 [warn]: Invalid or expired token attempt
2026-02-17 11:30:02 [info]: GET /api/services/types/all
2026-02-17 11:30:02 [warn]: Invalid or expired token attempt
2026-02-17 11:30:02 [info]: GET /api/services/types/all
2026-02-17 11:30:02 [warn]: Invalid or expired token attempt
2026-02-17 11:31:05 [info]: GET /api/services/types/all
2026-02-17 11:31:05 [warn]: Invalid or expired token attempt
2026-02-17 11:31:05 [info]: GET /api/services/types/all
2026-02-17 11:31:05 [warn]: Invalid or expired token attempt
2026-02-17 11:31:12 [info]: GET /api/services/types/all
2026-02-17 11:31:12 [warn]: Invalid or expired token attempt
2026-02-17 11:31:12 [info]: GET /api/services/types/all
2026-02-17 11:31:12 [warn]: Invalid or expired token attempt
2026-02-17 11:31:29 [info]: GET /api/services/types/all
2026-02-17 11:31:29 [warn]: Invalid or expired token attempt
2026-02-17 11:31:29 [info]: GET /api/services/types/all
2026-02-17 11:31:29 [warn]: Invalid or expired token attempt
2026-02-17 11:32:08 [info]: POST /api/auth/login
2026-02-17 11:32:09 [info]: User logged in: matias@gmail.com
2026-02-17 11:35:30 [info]: POST /api/auth/login
2026-02-17 11:35:31 [info]: User logged in: matias@gmail.com
2026-02-17 11:35:33 [info]: POST /api/auth/login
2026-02-17 11:35:33 [info]: User logged in: matias@gmail.com
2026-02-17 11:35:44 [info]: POST /api/auth/login
2026-02-17 11:35:45 [info]: User logged in: matias@gmail.com
2026-02-17 11:36:00 [info]: POST /api/auth/login
2026-02-17 11:36:01 [info]: User logged in: matias@gmail.com
2026-02-17 11:36:19 [info]: POST /api/auth/login
2026-02-17 11:36:20 [warn]: Failed login attempt for: matias@gmail.com
2026-02-17 11:36:20 [error]: Error: Credenciales inválidas
    at Function.login (C:\Users\matia\Downloads\Kimi_Agent_Panel Admin Peluquería Completo\barbershop-admin\backend\src\services\auth.service.ts:34:13)
    at C:\Users\matia\Downloads\Kimi_Agent_Panel Admin Peluquería Completo\barbershop-admin\backend\src\controllers\auth.controller.ts:44:20
2026-02-17 11:36:27 [info]: POST /api/auth/login
2026-02-17 11:36:32 [info]: GET /api/services/types/all
2026-02-17 11:36:32 [warn]: Invalid or expired token attempt
2026-02-17 11:36:32 [info]: GET /api/services/types/all
2026-02-17 11:36:32 [warn]: Invalid or expired token attempt
2026-02-17 11:36:50 [info]: GET /api/services/types/all
2026-02-17 11:36:50 [warn]: Invalid or expired token attempt
2026-02-17 11:36:50 [info]: GET /api/services/types/all
2026-02-17 11:36:50 [warn]: Invalid or expired token attempt
2026-02-17 11:36:53 [info]: GET /api/services/types/all
2026-02-17 11:36:53 [warn]: Invalid or expired token attempt
2026-02-17 11:36:53 [info]: GET /api/services/types/all
2026-02-17 11:36:53 [warn]: Invalid or expired token attempt
2026-02-17 11:38:39 [info]: GET /api/services/types/all
2026-02-17 11:38:39 [warn]: Invalid or expired token attempt
2026-02-17 11:38:39 [info]: GET /api/services/types/all
2026-02-17 11:38:39 [warn]: Invalid or expired token attempt
2026-02-17 11:38:45 [info]: GET /api/services/types/all
2026-02-17 11:38:45 [warn]: Invalid or expired token attempt
2026-02-17 11:38:45 [info]: GET /api/services/types/all
2026-02-17 11:38:45 [warn]: Invalid or expired token attempt
2026-02-17 11:44:05 [info]: GET /api/services/types/all
2026-02-17 11:44:05 [warn]: Invalid or expired token attempt
2026-02-17 11:44:05 [info]: GET /api/services/types/all
2026-02-17 11:44:05 [warn]: Invalid or expired token attempt
2026-02-17 11:44:36 [info]: GET /api/services/types/all
2026-02-17 11:44:36 [warn]: Invalid or expired token attempt
2026-02-17 11:44:36 [info]: GET /api/services/types/all
2026-02-17 11:44:36 [warn]: Invalid or expired token attempt
2026-02-17 11:47:04 [info]: POST /api/auth/login
2026-02-17 11:47:46 [info]: GET /api/services/types/all
2026-02-17 11:47:46 [warn]: Invalid or expired token attempt
2026-02-17 11:47:46 [info]: GET /api/services/types/all
2026-02-17 11:47:46 [warn]: Invalid or expired token attempt
2026-02-17 11:59:31 [info]: POST /api/auth/login
2026-02-17 11:59:32 [info]: User logged in: matias@gmail.com
2026-02-17 15:25:39 [info]: ✅ Database connected successfully
2026-02-17 15:25:39 [info]: 🚀 Server running on port 3001
2026-02-17 15:25:39 [info]: 📊 Environment: development
2026-02-17 15:25:39 [info]: 🔗 API URL: http://localhost:3001/api
2026-02-17 15:35:37 [info]: POST /api/auth/login
2026-02-17 15:35:38 [info]: User logged in: matias@gmail.com
2026-02-17 15:35:50 [info]: GET /api/employees
2026-02-17 15:35:50 [warn]: Invalid or expired token attempt
2026-02-17 15:35:50 [info]: GET /api/employees
2026-02-17 15:35:50 [warn]: Invalid or expired token attempt
2026-02-17 15:35:52 [info]: GET /api/services/types/all
2026-02-17 15:35:52 [warn]: Invalid or expired token attempt
2026-02-17 15:35:52 [info]: GET /api/services/types/all
2026-02-17 15:35:52 [warn]: Invalid or expired token attempt
2026-02-17 15:35:55 [info]: GET /api/employees
2026-02-17 15:35:55 [warn]: Invalid or expired token attempt
2026-02-17 15:35:55 [info]: GET /api/employees
2026-02-17 15:35:55 [warn]: Invalid or expired token attempt
2026-02-17 15:41:59 [info]: GET /api/services/types/all
2026-02-17 15:41:59 [warn]: Invalid or expired token attempt
2026-02-17 15:41:59 [info]: GET /api/services/types/all
2026-02-17 15:41:59 [warn]: Invalid or expired token attempt
2026-02-17 15:42:00 [info]: GET /api/employees
2026-02-17 15:42:00 [warn]: Invalid or expired token attempt
2026-02-17 15:42:00 [info]: GET /api/employees
2026-02-17 15:42:00 [warn]: Invalid or expired token attempt
2026-02-17 15:42:01 [info]: GET /api/employees
2026-02-17 15:42:01 [warn]: Invalid or expired token attempt
2026-02-17 15:42:01 [info]: GET /api/services/types/all
2026-02-17 15:42:01 [warn]: Invalid or expired token attempt
2026-02-17 15:42:01 [info]: GET /api/services
2026-02-17 15:42:01 [warn]: Invalid or expired token attempt
2026-02-17 15:42:01 [info]: GET /api/employees
2026-02-17 15:42:01 [warn]: Invalid or expired token attempt
2026-02-17 15:42:01 [info]: GET /api/services/types/all
2026-02-17 15:42:01 [warn]: Invalid or expired token attempt
2026-02-17 15:42:01 [info]: GET /api/services
2026-02-17 15:42:01 [warn]: Invalid or expired token attempt
2026-02-17 15:46:53 [info]: POST /api/auth/login
2026-02-17 15:46:53 [info]: User logged in: matias@gmail.com
2026-02-17 15:47:16 [info]: POST /api/auth/login
2026-02-17 15:47:17 [info]: User logged in: matias@gmail.com
2026-02-17 15:51:18 [info]: POST /api/auth/login
2026-02-17 15:51:18 [info]: User logged in: matias@gmail.com
2026-02-17 15:51:36 [info]: POST /api/auth/login
2026-02-17 15:51:37 [info]: User logged in: matias@gmail.com
2026-02-17 15:56:38 [info]: POST /api/auth/login
2026-02-17 15:56:39 [info]: User logged in: matias@gmail.com
2026-02-17 15:56:56 [info]: POST /api/auth/login
2026-02-17 15:56:57 [info]: User logged in: matias@gmail.com
2026-02-17 15:57:02 [info]: SIGINT received. Shutting down gracefully...
2026-02-17 15:57:12 [info]: ✅ Database connected successfully
2026-02-17 15:57:12 [info]: 🚀 Server running on port 3001
2026-02-17 15:57:12 [info]: 📊 Environment: development
2026-02-17 15:57:12 [info]: 🔗 API URL: http://localhost:3001/api
2026-02-17 15:57:37 [info]: POST /api/auth/login
2026-02-17 15:57:38 [info]: User logged in: matias@gmail.com
2026-02-17 15:57:52 [info]: POST /api/auth/login
2026-02-17 15:57:52 [info]: User logged in: matias@gmail.com
2026-02-17 15:58:05 [info]: POST /api/auth/login
2026-02-17 15:58:05 [info]: User logged in: matias@gmail.com
2026-02-17 16:01:30 [info]: POST /api/auth/login
2026-02-17 16:01:31 [info]: User logged in: matias@gmail.com
2026-02-17 16:01:39 [info]: GET /api/services/types/all
2026-02-17 16:01:39 [info]: GET /api/services/types/all
2026-02-17 16:01:44 [info]: GET /api/services/types/all
2026-02-17 16:01:44 [info]: GET /api/services/types/all
2026-02-17 16:02:06 [info]: GET /api/services/types/all
2026-02-17 16:02:06 [info]: GET /api/services/types/all
2026-02-17 16:02:09 [info]: GET /api/services/types/all
2026-02-17 16:02:09 [info]: GET /api/services/types/all
2026-02-17 16:02:19 [info]: GET /api/services/types/all
2026-02-17 16:02:19 [info]: GET /api/services/types/all
2026-02-17 16:09:26 [info]: GET /api/services/types/all
2026-02-17 16:09:26 [info]: GET /api/services/types/all
2026-02-17 16:09:30 [info]: GET /api/services/types/all
2026-02-17 16:09:30 [info]: GET /api/services/types/all
2026-02-17 16:09:52 [info]: POST /api/auth/login
2026-02-17 16:09:53 [info]: User logged in: matias@gmail.com
2026-02-17 16:10:01 [info]: GET /api/employees
2026-02-17 16:10:01 [info]: GET /api/employees
2026-02-17 16:10:07 [info]: GET /api/services/types/all
2026-02-17 16:10:07 [info]: GET /api/services/types/all
2026-02-17 16:10:14 [info]: GET /api/employees
2026-02-17 16:10:14 [info]: GET /api/employees
2026-02-17 16:10:15 [info]: GET /api/services/types/all
2026-02-17 16:10:15 [info]: GET /api/services/types/all
2026-02-17 16:12:07 [info]: ✅ Database connected successfully
2026-02-17 16:12:07 [info]: 🚀 Server running on port 3001
2026-02-17 16:12:07 [info]: 📊 Environment: development
2026-02-17 16:12:07 [info]: 🔗 API URL: http://localhost:3001/api
2026-02-17 16:12:14 [info]: ✅ Database connected successfully
2026-02-17 16:12:14 [info]: 🚀 Server running on port 3001
2026-02-17 16:12:14 [info]: 📊 Environment: development
2026-02-17 16:12:14 [info]: 🔗 API URL: http://localhost:3001/api
2026-02-17 16:13:28 [info]: GET /api/services/types/public
2026-02-17 16:13:28 [info]: GET /api/services/types/public
2026-02-17 16:13:55 [info]: POST /api/auth/login
2026-02-17 16:13:56 [info]: User logged in: matias@gmail.com
2026-02-17 16:15:17 [info]: GET /api/services/types/all
2026-02-17 16:15:17 [info]: GET /api/services/types/all
2026-02-17 16:15:19 [info]: GET /api/employees
2026-02-17 16:15:19 [info]: GET /api/employees
2026-02-17 16:20:37 [info]: GET /api/employees
2026-02-17 16:20:37 [info]: GET /api/employees
2026-02-17 16:28:30 [info]: GET /api/services/types/all
2026-02-17 16:28:30 [info]: GET /api/services/types/all
2026-02-17 16:34:33 [info]: GET /api/services/types/all
2026-02-17 16:34:33 [warn]: Invalid or expired token attempt
2026-02-17 16:34:33 [info]: GET /api/services/types/all
2026-02-17 16:34:33 [warn]: Invalid or expired token attempt
2026-02-17 16:34:40 [info]: GET /api/employees
2026-02-17 16:34:40 [warn]: Invalid or expired token attempt
2026-02-17 16:34:40 [info]: GET /api/employees
2026-02-17 16:34:40 [warn]: Invalid or expired token attempt
2026-02-17 16:34:42 [info]: GET /api/services/types/all
2026-02-17 16:34:42 [warn]: Invalid or expired token attempt
2026-02-17 16:34:42 [info]: GET /api/services/types/all
2026-02-17 16:34:42 [warn]: Invalid or expired token attempt
2026-02-17 16:36:44 [info]: GET /api/employees
2026-02-17 16:36:44 [warn]: Invalid or expired token attempt
2026-02-17 16:36:44 [info]: GET /api/employees
2026-02-17 16:36:44 [warn]: Invalid or expired token attempt
2026-02-17 16:36:45 [info]: GET /api/services/types/all
2026-02-17 16:36:45 [warn]: Invalid or expired token attempt
2026-02-17 16:36:45 [info]: GET /api/services/types/all
2026-02-17 16:36:45 [warn]: Invalid or expired token attempt
2026-02-17 16:36:46 [info]: GET /api/employees
2026-02-17 16:36:46 [warn]: Invalid or expired token attempt
2026-02-17 16:36:46 [info]: GET /api/employees
2026-02-17 16:36:46 [warn]: Invalid or expired token attempt
2026-02-17 16:36:52 [info]: GET /api/services/types/all
2026-02-17 16:36:52 [warn]: Invalid or expired token attempt
2026-02-17 16:36:52 [info]: GET /api/services/types/all
2026-02-17 16:36:52 [warn]: Invalid or expired token attempt
2026-02-17 16:36:53 [info]: GET /api/employees
2026-02-17 16:36:53 [warn]: Invalid or expired token attempt
2026-02-17 16:36:53 [info]: GET /api/employees
2026-02-17 16:36:53 [warn]: Invalid or expired token attempt
2026-02-17 16:37:15 [info]: SIGINT received. Shutting down gracefully...
2026-02-17 16:37:21 [info]: ✅ Database connected successfully
2026-02-17 16:37:21 [info]: 🚀 Server running on port 3001
2026-02-17 16:37:21 [info]: 📊 Environment: development
2026-02-17 16:37:21 [info]: 🔗 API URL: http://localhost:3001/api
2026-02-17 16:37:34 [info]: GET /api/employees
2026-02-17 16:37:34 [warn]: Invalid or expired token attempt
2026-02-17 16:37:34 [info]: GET /api/employees
2026-02-17 16:37:34 [warn]: Invalid or expired token attempt
2026-02-17 16:37:35 [info]: GET /api/services/types/all
2026-02-17 16:37:35 [warn]: Invalid or expired token attempt
2026-02-17 16:37:35 [info]: GET /api/services/types/all
2026-02-17 16:37:35 [warn]: Invalid or expired token attempt
2026-02-17 16:37:43 [info]: GET /api/employees
2026-02-17 16:37:43 [warn]: Invalid or expired token attempt
2026-02-17 16:37:43 [info]: GET /api/employees
2026-02-17 16:37:43 [warn]: Invalid or expired token attempt
2026-02-17 16:37:59 [info]: GET /api/services/types/all
2026-02-17 16:37:59 [warn]: Invalid or expired token attempt
2026-02-17 16:37:59 [info]: GET /api/services/types/all
2026-02-17 16:37:59 [warn]: Invalid or expired token attempt
2026-02-17 16:43:42 [info]: GET /api/employees
2026-02-17 16:43:42 [warn]: Invalid or expired token attempt
2026-02-17 16:43:42 [info]: GET /api/employees
2026-02-17 16:43:42 [warn]: Invalid or expired token attempt
2026-02-17 16:43:43 [info]: GET /api/services/types/all
2026-02-17 16:43:43 [info]: GET /api/services/types/all
2026-02-17 16:43:44 [info]: GET /api/employees
2026-02-17 16:43:44 [info]: GET /api/employees
2026-02-17 16:43:46 [info]: GET /api/services/types/all
2026-02-17 16:43:46 [info]: GET /api/services/types/all
2026-02-17 16:47:40 [info]: POST /api/auth/login
2026-02-17 16:47:42 [info]: User logged in: matias@gmail.com
2026-02-17 16:47:45 [info]: GET /api/services/types/all
2026-02-17 16:47:45 [info]: GET /api/services/types/all
2026-02-17 16:47:46 [info]: GET /api/employees
2026-02-17 16:47:46 [info]: GET /api/employees
2026-02-17 16:51:32 [info]: GET /api/employees
2026-02-17 16:51:32 [info]: GET /api/services/types/all
2026-02-17 16:51:32 [info]: GET /api/employees
2026-02-17 16:51:32 [info]: GET /api/services/types/all
2026-02-17 17:33:36 [info]: GET /api/employees
2026-02-17 17:33:36 [warn]: Invalid or expired token attempt
2026-02-17 17:33:36 [info]: GET /api/employees
2026-02-17 17:33:36 [warn]: Invalid or expired token attempt
2026-02-17 17:54:24 [info]: GET /api/employees
2026-02-17 17:54:24 [warn]: Invalid or expired token attempt
2026-02-17 17:54:24 [info]: GET /api/employees
2026-02-17 17:54:24 [warn]: Invalid or expired token attempt
2026-02-17 17:54:28 [info]: GET /api/employees
2026-02-17 17:54:28 [warn]: Invalid or expired token attempt
2026-02-17 17:54:28 [info]: GET /api/employees
2026-02-17 17:54:28 [warn]: Invalid or expired token attempt
2026-02-17 17:54:30 [info]: GET /api/services/types/all
2026-02-17 17:54:30 [warn]: Invalid or expired token attempt
2026-02-17 17:54:30 [info]: GET /api/services/types/all
2026-02-17 17:54:30 [warn]: Invalid or expired token attempt
2026-02-17 17:54:30 [info]: GET /api/employees
2026-02-17 17:54:30 [warn]: Invalid or expired token attempt
2026-02-17 17:54:30 [info]: GET /api/employees
2026-02-17 17:54:30 [warn]: Invalid or expired token attempt
2026-02-17 17:54:34 [info]: GET /api/employees
2026-02-17 17:54:34 [warn]: Invalid or expired token attempt
2026-02-17 17:54:34 [info]: GET /api/employees
2026-02-17 17:54:34 [warn]: Invalid or expired token attempt
2026-02-17 17:59:05 [info]: GET /api/employees
2026-02-17 17:59:05 [warn]: Invalid or expired token attempt
2026-02-17 17:59:05 [info]: GET /api/employees
2026-02-17 17:59:05 [warn]: Invalid or expired token attempt
2026-02-17 18:00:33 [info]: POST /api/auth/login
2026-02-17 18:00:33 [info]: User logged in: matias@gmail.com
2026-02-17 18:00:33 [info]: GET /api/employees
2026-02-17 18:00:33 [info]: GET /api/employees
2026-02-17 18:00:39 [info]: GET /api/employees
2026-02-17 18:00:39 [info]: GET /api/employees
2026-02-17 18:00:42 [info]: GET /api/services/types/all
2026-02-17 18:00:42 [info]: GET /api/services/types/all
2026-02-17 18:04:53 [info]: GET /api/employees
2026-02-17 18:04:53 [info]: GET /api/employees
2026-02-17 18:05:28 [info]: GET /api/services/types/all
2026-02-17 18:05:28 [info]: GET /api/services/types/all
2026-02-17 18:05:29 [info]: GET /api/employees
2026-02-17 18:05:29 [info]: GET /api/employees
2026-02-17 18:08:38 [info]: GET /api/employees
2026-02-17 18:08:38 [info]: GET /api/employees
2026-02-17 18:09:20 [info]: GET /api/employees
2026-02-17 18:09:20 [info]: GET /api/employees
2026-02-17 18:09:26 [info]: GET /api/employees
2026-02-17 18:09:26 [info]: GET /api/services/types/all
2026-02-17 18:09:26 [info]: GET /api/employees
2026-02-17 18:09:26 [info]: GET /api/services/types/all
2026-02-17 18:13:20 [info]: GET /api/employees
2026-02-17 18:13:20 [info]: GET /api/services/types/all
2026-02-17 18:13:20 [info]: GET /api/employees
2026-02-17 18:13:20 [info]: GET /api/services/types/all
2026-02-17 18:20:29 [info]: GET /api/employees
2026-02-17 18:20:29 [warn]: Invalid or expired token attempt
2026-02-17 18:20:29 [info]: GET /api/services/types/all
2026-02-17 18:20:29 [warn]: Invalid or expired token attempt
2026-02-17 18:20:29 [info]: POST /api/auth/refresh
2026-02-17 18:20:29 [info]: GET /api/employees
2026-02-17 18:20:29 [info]: GET /api/services/types/all
2026-02-17 18:23:56 [info]: GET /api/employees
2026-02-17 18:23:56 [info]: GET /api/employees
2026-02-17 18:24:00 [info]: GET /api/employees
2026-02-17 18:24:00 [info]: GET /api/services/types/all
2026-02-17 18:24:00 [info]: GET /api/employees
2026-02-17 18:24:00 [info]: GET /api/services/types/all
2026-02-17 18:24:19 [info]: GET /api/employees
2026-02-17 18:24:19 [info]: GET /api/employees
2026-02-17 18:24:19 [info]: GET /api/services/types/all
2026-02-17 18:24:19 [info]: GET /api/services/types/all
2026-02-17 18:24:21 [info]: GET /api/employees
2026-02-17 18:24:21 [info]: GET /api/services/types/all
2026-02-17 18:24:21 [info]: GET /api/employees
2026-02-17 18:24:21 [info]: GET /api/services/types/all
2026-02-17 18:28:47 [info]: GET /api/employees
2026-02-17 18:28:47 [info]: GET /api/employees
2026-02-17 18:28:51 [info]: GET /api/employees
2026-02-17 18:28:51 [info]: GET /api/services/types/all
2026-02-17 18:28:51 [info]: GET /api/employees
2026-02-17 18:28:51 [info]: GET /api/services/types/all
2026-02-17 18:28:53 [info]: GET /api/services/types/all
2026-02-17 18:28:53 [info]: GET /api/services/types/all
2026-02-17 18:28:55 [info]: GET /api/services/types/all
2026-02-17 18:28:55 [info]: GET /api/employees
2026-02-17 18:28:55 [info]: GET /api/services/types/all
2026-02-17 18:28:55 [info]: GET /api/employees
2026-02-17 18:32:12 [info]: GET /api/employees
2026-02-17 18:32:12 [info]: GET /api/employees
2026-02-17 18:32:16 [info]: GET /api/employees
2026-02-17 18:32:16 [info]: GET /api/services/types/all
2026-02-17 18:32:16 [info]: GET /api/employees
2026-02-17 18:32:16 [info]: GET /api/services/types/all
2026-02-17 19:31:52 [info]: GET /api/employees
2026-02-17 19:31:52 [warn]: Invalid or expired token attempt
2026-02-17 19:31:52 [info]: GET /api/employees
2026-02-17 19:31:52 [warn]: Invalid or expired token attempt
2026-02-17 19:31:52 [info]: POST /api/auth/refresh
2026-02-17 19:31:52 [info]: GET /api/employees
2026-02-17 19:31:52 [info]: GET /api/employees
2026-02-17 19:53:52 [info]: GET /api/employees
2026-02-17 19:53:52 [warn]: Invalid or expired token attempt
2026-02-17 19:53:53 [info]: GET /api/employees
2026-02-17 19:53:53 [warn]: Invalid or expired token attempt
2026-02-17 19:53:53 [info]: POST /api/auth/refresh
2026-02-17 19:53:53 [info]: GET /api/employees
2026-02-17 19:53:53 [info]: GET /api/employees
2026-02-17 20:00:50 [info]: GET /api/employees
2026-02-17 20:00:56 [info]: GET /api/employees
2026-02-17 20:00:56 [info]: GET /api/employees
2026-02-17 20:03:51 [info]: GET /api/employees
2026-02-17 20:03:51 [info]: GET /api/employees
2026-02-17 20:09:37 [info]: GET /api/employees
2026-02-17 20:09:37 [warn]: Invalid or expired token attempt
2026-02-17 20:09:37 [info]: GET /api/employees
2026-02-17 20:09:37 [warn]: Invalid or expired token attempt
2026-02-17 20:09:37 [info]: POST /api/auth/refresh
2026-02-17 20:09:38 [info]: GET /api/employees
2026-02-17 20:09:38 [info]: GET /api/employees
2026-02-17 20:15:13 [info]: GET /api/employees
2026-02-17 20:15:13 [info]: GET /api/employees
2026-02-17 20:18:30 [info]: GET /api/employees
2026-02-17 20:18:30 [info]: GET /api/employees
2026-02-17 20:19:15 [info]: GET /api/employees
2026-02-17 20:19:15 [info]: GET /api/employees
2026-02-17 20:19:16 [info]: GET /api/services/types/all
2026-02-17 20:19:16 [info]: GET /api/services/types/all
2026-02-17 20:19:17 [info]: GET /api/employees
2026-02-17 20:19:17 [info]: GET /api/services/types/all
2026-02-17 20:19:17 [info]: GET /api/employees
2026-02-17 20:19:17 [info]: GET /api/services/types/all
2026-02-17 20:19:18 [info]: GET /api/employees
2026-02-17 20:19:18 [info]: GET /api/services/types/all
2026-02-17 20:19:18 [info]: GET /api/employees
2026-02-17 20:19:18 [info]: GET /api/services/types/all
2026-02-17 20:41:26 [info]: GET /api/employees
2026-02-17 20:41:26 [warn]: Invalid or expired token attempt
2026-02-17 20:41:26 [info]: GET /api/employees
2026-02-17 20:41:26 [warn]: Invalid or expired token attempt
2026-02-17 20:41:26 [info]: POST /api/auth/refresh
2026-02-17 20:41:27 [info]: GET /api/employees
2026-02-17 20:41:27 [info]: GET /api/employees
2026-02-17 20:48:21 [info]: GET /api/services/types/public
2026-02-17 20:48:21 [info]: GET /api/services/types/public
2026-02-17 21:23:42 [info]: POST /api/auth/login
2026-02-17 21:23:43 [info]: User logged in: matias@gmail.com
2026-02-17 21:23:43 [info]: GET /api/employees
2026-02-17 21:23:43 [info]: GET /api/employees
2026-02-17 21:23:57 [info]: GET /api/employees
2026-02-17 21:23:57 [info]: GET /api/employees
2026-02-17 21:24:01 [info]: GET /api/services/types/all
2026-02-17 21:24:01 [info]: GET /api/services/types/all
2026-02-17 21:24:04 [info]: GET /api/employees
2026-02-17 21:24:04 [info]: GET /api/employees
2026-02-17 21:24:07 [info]: GET /api/employees
2026-02-17 21:24:07 [info]: GET /api/services/types/all
2026-02-17 21:24:07 [info]: GET /api/employees
2026-02-17 21:24:07 [info]: GET /api/services/types/all
2026-02-17 21:25:05 [info]: GET /api/employees
2026-02-17 21:25:05 [info]: GET /api/employees
2026-02-17 21:25:07 [info]: GET /api/employees
2026-02-17 21:25:07 [info]: GET /api/services/types/all
2026-02-17 21:25:07 [info]: GET /api/employees
2026-02-17 21:25:07 [info]: GET /api/services/types/all
2026-02-17 21:26:13 [info]: GET /api/employees
2026-02-17 21:26:13 [info]: GET /api/services/types/all
2026-02-17 21:26:13 [info]: GET /api/employees
2026-02-17 21:26:13 [info]: GET /api/services/types/all
2026-02-17 21:26:16 [info]: GET /api/services/types/all
2026-02-17 21:26:16 [info]: GET /api/services/types/all
2026-02-17 21:26:18 [info]: GET /api/employees
2026-02-17 21:26:18 [info]: GET /api/employees
2026-02-17 21:26:20 [info]: GET /api/employees
2026-02-17 21:26:20 [info]: GET /api/services/types/all
2026-02-17 21:26:20 [info]: GET /api/employees
2026-02-17 21:26:20 [info]: GET /api/services/types/all
2026-02-17 21:26:48 [info]: GET /api/employees
2026-02-17 21:26:48 [info]: GET /api/services/types/all
2026-02-17 21:26:48 [info]: GET /api/services/types/all
2026-02-17 21:26:48 [info]: GET /api/employees
2026-02-17 21:27:11 [info]: GET /api/services/types/public
2026-02-17 21:27:11 [info]: GET /api/services/types/public
2026-02-17 21:27:24 [info]: POST /api/auth/login
2026-02-17 21:27:24 [info]: User logged in: matias@gmail.com
2026-02-17 21:27:24 [info]: GET /api/employees
2026-02-17 21:27:24 [info]: GET /api/employees
2026-02-17 21:27:28 [info]: GET /api/employees
2026-02-17 21:27:28 [info]: GET /api/services/types/all
2026-02-17 21:27:28 [info]: GET /api/employees
2026-02-17 21:27:28 [info]: GET /api/services/types/all
2026-02-17 21:27:30 [info]: GET /api/services/types/all
2026-02-17 21:27:30 [info]: GET /api/employees
2026-02-17 21:27:30 [info]: GET /api/services/types/all
2026-02-17 21:27:30 [info]: GET /api/employees
2026-02-17 21:27:36 [info]: GET /api/employees
2026-02-17 21:27:36 [info]: GET /api/employees
2026-02-17 21:27:37 [info]: GET /api/services/types/all
2026-02-17 21:27:37 [info]: GET /api/services/types/all
2026-02-17 21:27:40 [info]: GET /api/employees
2026-02-17 21:27:40 [info]: GET /api/services/types/all
2026-02-17 21:27:40 [info]: GET /api/employees
2026-02-17 21:27:40 [info]: GET /api/services/types/all
2026-02-17 21:27:50 [info]: GET /api/services/types/all
2026-02-17 21:27:50 [info]: GET /api/services/types/all
2026-02-17 21:27:56 [info]: GET /api/services/types/all
2026-02-17 21:27:56 [info]: GET /api/services/types/all
2026-02-17 21:29:35 [info]: GET /api/services
2026-02-17 21:32:02 [info]: GET /api/services/types/all
2026-02-17 21:32:02 [info]: GET /api/services/types/all
2026-02-17 21:32:04 [info]: GET /api/services
2026-02-17 21:32:04 [info]: GET /api/services
2026-02-17 21:32:06 [info]: GET /api/services/types/all
2026-02-17 21:32:06 [info]: GET /api/services/types/all
2026-02-17 21:35:01 [info]: GET /api/employees
2026-02-17 21:35:01 [info]: GET /api/services
2026-02-17 21:35:01 [info]: GET /api/employees
2026-02-17 21:35:01 [info]: GET /api/services
2026-02-17 21:36:09 [info]: GET /api/services
2026-02-17 21:36:09 [info]: GET /api/services
2026-02-17 21:36:26 [info]: GET /api/services
2026-02-17 21:36:27 [info]: GET /api/services
2026-02-17 21:36:33 [info]: GET /api/services
2026-02-17 21:36:33 [info]: GET /api/services
2026-02-17 21:36:46 [info]: GET /api/services
2026-02-17 21:36:46 [info]: GET /api/services
2026-02-17 21:36:47 [info]: GET /api/employees
2026-02-17 21:36:47 [info]: GET /api/services/types/all
2026-02-17 21:36:47 [info]: GET /api/employees
2026-02-17 21:36:47 [info]: GET /api/services/types/all
2026-02-17 21:36:52 [info]: POST /api/services/records
2026-02-17 21:37:01 [info]: POST /api/services/records
2026-02-17 21:37:01 [info]: POST /api/services/records
2026-02-17 21:39:56 [info]: POST /api/services
2026-02-17 21:39:56 [info]: POST /api/services
2026-02-17 21:39:56 [info]: Service created: 297144e9-aec5-4b75-9f85-13e0d1707886 for employee defc5cec-356b-41f6-9aa7-6bb44e595f29
2026-02-17 21:39:56 [info]: Service created: 02eae6af-4541-4141-b791-01c2ed935e1e for employee defc5cec-356b-41f6-9aa7-6bb44e595f29
2026-02-17 21:43:00 [info]: GET /api/services
2026-02-17 21:43:00 [warn]: Invalid or expired token attempt
2026-02-17 21:43:00 [info]: GET /api/employees
2026-02-17 21:43:00 [warn]: Invalid or expired token attempt
2026-02-17 21:43:00 [info]: GET /api/reports/dashboard
2026-02-17 21:43:00 [warn]: Invalid or expired token attempt
2026-02-17 21:43:00 [info]: GET /api/reports/weekly
2026-02-17 21:43:00 [warn]: Invalid or expired token attempt
2026-02-17 21:43:00 [info]: GET /api/services
2026-02-17 21:43:00 [warn]: Invalid or expired token attempt
2026-02-17 21:43:00 [info]: GET /api/employees
2026-02-17 21:43:00 [warn]: Invalid or expired token attempt
2026-02-17 21:43:00 [info]: GET /api/reports/dashboard
2026-02-17 21:43:00 [warn]: Invalid or expired token attempt
2026-02-17 21:43:00 [info]: GET /api/reports/weekly
2026-02-17 21:43:00 [warn]: Invalid or expired token attempt
2026-02-17 21:43:00 [info]: POST /api/auth/refresh
2026-02-17 21:43:01 [info]: GET /api/services
2026-02-17 21:43:01 [info]: GET /api/employees
2026-02-17 21:43:01 [info]: GET /api/reports/dashboard
2026-02-17 21:43:01 [info]: GET /api/reports/weekly
2026-02-17 21:43:01 [info]: GET /api/services
2026-02-17 21:43:01 [info]: GET /api/employees
2026-02-17 21:43:01 [info]: GET /api/reports/weekly
2026-02-17 21:43:01 [info]: GET /api/reports/dashboard
2026-02-17 21:44:33 [info]: GET /api/employees
2026-02-17 21:44:33 [info]: GET /api/employees
2026-02-17 21:44:33 [info]: GET /api/services/types/all
2026-02-17 21:44:33 [info]: GET /api/services/types/all
2026-02-17 21:44:34 [info]: GET /api/employees
2026-02-17 21:44:34 [info]: GET /api/services/types/all
2026-02-17 21:44:34 [info]: GET /api/employees
2026-02-17 21:44:34 [info]: GET /api/services/types/all
2026-02-17 21:44:39 [info]: POST /api/services
2026-02-17 21:44:39 [info]: Service created: ae3f495f-f0f2-48bf-a85f-0137bc9fec8f for employee defc5cec-356b-41f6-9aa7-6bb44e595f29
2026-02-17 21:44:46 [info]: GET /api/employees
2026-02-17 21:44:46 [info]: GET /api/services/types/all
2026-02-17 21:44:46 [info]: GET /api/employees
2026-02-17 21:44:46 [info]: GET /api/services/types/all
2026-02-17 21:44:52 [info]: POST /api/services
2026-02-17 21:44:52 [info]: Service created: 52fd8fd5-f1a5-4a3b-9874-022bd3c35239 for employee 21699bd1-d9c0-44b4-b334-5de0fb9b3c34
2026-02-17 21:45:12 [info]: GET /api/employees
2026-02-17 21:45:12 [info]: GET /api/services/types/all
2026-02-17 21:45:12 [info]: GET /api/employees
2026-02-17 21:45:12 [info]: GET /api/services/types/all
2026-02-17 21:45:19 [info]: POST /api/services
2026-02-17 21:45:19 [info]: POST /api/services
2026-02-17 21:45:19 [info]: POST /api/services
2026-02-17 21:45:19 [info]: POST /api/services
2026-02-17 21:45:19 [info]: POST /api/services
2026-02-17 21:45:19 [info]: POST /api/services
2026-02-17 21:45:19 [info]: Service created: cdbd7a96-6345-4e58-9c5d-b230dc0b9a45 for employee defc5cec-356b-41f6-9aa7-6bb44e595f29
2026-02-17 21:45:19 [info]: Service created: 2d051c62-ac10-4531-b0e8-2c647eb8cd4f for employee defc5cec-356b-41f6-9aa7-6bb44e595f29
2026-02-17 21:45:19 [info]: Service created: 25d65145-b781-4c9e-9a2c-5c3e76740226 for employee defc5cec-356b-41f6-9aa7-6bb44e595f29
2026-02-17 21:45:19 [info]: POST /api/services
2026-02-17 21:45:19 [info]: Service created: fc7819ad-a7de-4857-a0e6-4f2a12dbf5a8 for employee defc5cec-356b-41f6-9aa7-6bb44e595f29
2026-02-17 21:45:19 [info]: POST /api/services
2026-02-17 21:45:19 [info]: Service created: f0769f99-668e-41e6-ae5e-d70898e1fe69 for employee defc5cec-356b-41f6-9aa7-6bb44e595f29
2026-02-17 21:45:19 [info]: Service created: b42171a4-ff57-4bc2-a479-4a2203be5bb4 for employee defc5cec-356b-41f6-9aa7-6bb44e595f29
2026-02-17 21:45:19 [info]: Service created: a7634487-abed-4fb1-a2f2-9f5d5c0c523d for employee defc5cec-356b-41f6-9aa7-6bb44e595f29
2026-02-17 21:45:19 [info]: Service created: a64afce3-c410-4613-834a-5fc02c45e832 for employee defc5cec-356b-41f6-9aa7-6bb44e595f29
2026-02-17 21:45:25 [info]: GET /api/services
2026-02-17 21:45:25 [info]: GET /api/employees
2026-02-17 21:45:25 [info]: GET /api/reports/dashboard
2026-02-17 21:45:25 [info]: GET /api/reports/weekly
2026-02-17 21:45:25 [info]: GET /api/services
2026-02-17 21:45:25 [info]: GET /api/employees
2026-02-17 21:45:25 [info]: GET /api/reports/weekly
2026-02-17 21:45:25 [info]: GET /api/reports/dashboard
2026-02-17 21:51:50 [info]: GET /api/employees
2026-02-17 21:51:50 [info]: GET /api/services
2026-02-17 21:51:50 [info]: GET /api/reports/dashboard
2026-02-17 21:51:50 [info]: GET /api/reports/weekly
2026-02-17 21:51:50 [info]: GET /api/employees
2026-02-17 21:51:50 [info]: GET /api/services
2026-02-17 21:51:50 [info]: GET /api/reports/weekly
2026-02-17 21:51:51 [info]: GET /api/reports/dashboard
2026-02-17 21:53:49 [info]: GET /api/employees
2026-02-17 21:53:49 [info]: GET /api/services/types/all
2026-02-17 21:53:49 [info]: GET /api/employees
2026-02-17 21:53:49 [info]: GET /api/services/types/all
2026-02-17 21:53:54 [info]: POST /api/services
2026-02-17 21:53:54 [info]: POST /api/services
2026-02-17 21:53:54 [info]: Service created: a28f2b3d-08eb-4c69-b6df-95f54ac7cb6d for employee defc5cec-356b-41f6-9aa7-6bb44e595f29
2026-02-17 21:53:54 [info]: Service created: cdf0760d-df1e-44ec-b77d-9a059c83e7d9 for employee defc5cec-356b-41f6-9aa7-6bb44e595f29
2026-02-17 21:53:54 [info]: GET /api/services
2026-02-17 21:53:54 [info]: GET /api/employees
2026-02-17 21:53:54 [info]: GET /api/reports/dashboard
2026-02-17 21:53:54 [info]: GET /api/reports/weekly
2026-02-17 21:53:56 [info]: GET /api/services
2026-02-17 21:53:56 [info]: GET /api/reports/dashboard
2026-02-17 21:53:56 [info]: GET /api/reports/weekly
2026-02-17 21:53:56 [info]: GET /api/employees
2026-02-17 21:54:08 [info]: GET /api/employees
2026-02-17 21:54:08 [info]: GET /api/employees
2026-02-17 21:54:10 [info]: GET /api/services/types/all
2026-02-17 21:54:10 [info]: GET /api/services/types/all
2026-02-17 21:54:12 [info]: GET /api/employees
2026-02-17 21:54:12 [info]: GET /api/services/types/all
2026-02-17 21:54:12 [info]: GET /api/employees
2026-02-17 21:54:12 [info]: GET /api/services/types/all
2026-02-17 21:54:13 [info]: GET /api/services
2026-02-17 21:54:13 [info]: GET /api/services
2026-02-17 21:58:07 [info]: GET /api/employees
2026-02-17 21:58:07 [warn]: Invalid or expired token attempt
2026-02-17 21:58:07 [info]: GET /api/services
2026-02-17 21:58:07 [warn]: Invalid or expired token attempt
2026-02-17 21:58:07 [info]: GET /api/employees
2026-02-17 21:58:07 [warn]: Invalid or expired token attempt
2026-02-17 21:58:07 [info]: GET /api/reports/dashboard
2026-02-17 21:58:07 [warn]: Invalid or expired token attempt
2026-02-17 21:58:07 [info]: GET /api/reports/weekly
2026-02-17 21:58:07 [warn]: Invalid or expired token attempt
2026-02-17 21:58:07 [info]: GET /api/services
2026-02-17 21:58:07 [warn]: Invalid or expired token attempt
2026-02-17 21:58:07 [info]: GET /api/employees
2026-02-17 21:58:07 [warn]: Invalid or expired token attempt
2026-02-17 21:58:07 [info]: GET /api/reports/dashboard
2026-02-17 21:58:07 [warn]: Invalid or expired token attempt
2026-02-17 21:58:07 [info]: GET /api/reports/weekly
2026-02-17 21:58:07 [warn]: Invalid or expired token attempt
2026-02-17 21:58:07 [info]: GET /api/services
2026-02-17 21:58:07 [warn]: Invalid or expired token attempt
2026-02-17 21:58:07 [info]: GET /api/employees
2026-02-17 21:58:07 [warn]: Invalid or expired token attempt
2026-02-17 21:58:07 [info]: GET /api/reports/dashboard
2026-02-17 21:58:07 [warn]: Invalid or expired token attempt
2026-02-17 21:58:07 [info]: GET /api/reports/weekly
2026-02-17 21:58:07 [warn]: Invalid or expired token attempt
2026-02-17 21:58:07 [info]: GET /api/services
2026-02-17 21:58:07 [warn]: Invalid or expired token attempt
2026-02-17 21:58:07 [info]: GET /api/reports/dashboard
2026-02-17 21:58:07 [warn]: Invalid or expired token attempt
2026-02-17 21:58:07 [info]: GET /api/reports/weekly
2026-02-17 21:58:07 [warn]: Invalid or expired token attempt
2026-02-17 21:58:08 [info]: POST /api/auth/refresh
2026-02-17 21:58:09 [info]: GET /api/employees
2026-02-17 21:58:09 [info]: GET /api/services
2026-02-17 21:58:09 [info]: GET /api/reports/dashboard
2026-02-17 21:58:09 [info]: GET /api/reports/weekly
2026-02-17 21:58:09 [info]: GET /api/employees
2026-02-17 21:58:09 [info]: GET /api/reports/weekly
2026-02-17 21:58:09 [info]: GET /api/employees
2026-02-17 21:58:09 [info]: GET /api/reports/weekly
2026-02-17 21:58:09 [info]: GET /api/reports/weekly
2026-02-17 21:58:09 [info]: GET /api/services
2026-02-17 21:58:09 [info]: GET /api/employees
2026-02-17 21:58:09 [info]: GET /api/services
2026-02-17 21:58:09 [info]: GET /api/reports/dashboard
2026-02-17 21:58:09 [info]: GET /api/services
2026-02-17 21:58:10 [info]: GET /api/reports/dashboard
2026-02-17 21:58:10 [info]: GET /api/reports/dashboard
2026-02-17 22:00:36 [info]: GET /api/employees
2026-02-17 22:00:36 [info]: GET /api/services
2026-02-17 22:00:36 [info]: GET /api/reports/dashboard
2026-02-17 22:00:36 [info]: GET /api/reports/weekly
2026-02-17 22:00:36 [info]: GET /api/employees
2026-02-17 22:00:36 [info]: GET /api/services
2026-02-17 22:00:36 [info]: GET /api/reports/weekly
2026-02-17 22:00:36 [info]: GET /api/employees
2026-02-17 22:00:36 [info]: GET /api/services
2026-02-17 22:00:36 [info]: GET /api/reports/dashboard
2026-02-17 22:00:36 [info]: GET /api/reports/weekly
2026-02-17 22:00:36 [info]: GET /api/employees
2026-02-17 22:00:36 [info]: GET /api/services
2026-02-17 22:00:36 [info]: GET /api/reports/weekly
2026-02-17 22:00:36 [info]: GET /api/reports/dashboard
2026-02-17 22:00:36 [info]: GET /api/reports/dashboard
2026-02-17 22:04:06 [info]: GET /api/reports/weekly
2026-02-17 22:04:06 [info]: GET /api/services
2026-02-17 22:04:06 [info]: GET /api/reports/employees/comparison
2026-02-17 22:04:06 [info]: GET /api/reports/employees/comparison
2026-02-17 22:04:06 [info]: GET /api/reports/weekly
2026-02-17 22:04:06 [info]: GET /api/services
2026-02-17 22:04:10 [info]: GET /api/employees
2026-02-17 22:04:10 [info]: GET /api/services
2026-02-17 22:04:10 [info]: GET /api/reports/dashboard
2026-02-17 22:04:10 [info]: GET /api/reports/weekly
2026-02-17 22:04:10 [info]: GET /api/employees
2026-02-17 22:04:10 [info]: GET /api/employees
2026-02-17 22:04:10 [info]: GET /api/services/types/all
2026-02-17 22:04:11 [info]: GET /api/services/types/all
2026-02-17 22:04:17 [info]: POST /api/services
2026-02-17 22:04:17 [info]: POST /api/services
2026-02-17 22:04:17 [info]: POST /api/services
2026-02-17 22:04:17 [info]: POST /api/services
2026-02-17 22:04:17 [info]: POST /api/services
2026-02-17 22:04:17 [info]: Service created: b5518a1d-6836-4b61-b3a2-ea49a14948a5 for employee defc5cec-356b-41f6-9aa7-6bb44e595f29
2026-02-17 22:04:17 [info]: Service created: 8e1cbb4c-4921-4edf-8fad-2b2e5010ebad for employee defc5cec-356b-41f6-9aa7-6bb44e595f29
2026-02-17 22:04:17 [info]: Service created: 46acc6ac-b8f9-4afc-8edd-cc7c12ca8e5e for employee defc5cec-356b-41f6-9aa7-6bb44e595f29
2026-02-17 22:04:17 [info]: Service created: 0a8723e6-e28e-4bfe-acf7-b5761b7d0c89 for employee defc5cec-356b-41f6-9aa7-6bb44e595f29
2026-02-17 22:04:17 [info]: Service created: b3aed8cb-1661-4ce0-a80d-eaf25ff92078 for employee defc5cec-356b-41f6-9aa7-6bb44e595f29
2026-02-17 22:04:17 [info]: GET /api/services
2026-02-17 22:04:17 [info]: GET /api/employees
2026-02-17 22:04:17 [info]: GET /api/reports/dashboard
2026-02-17 22:04:17 [info]: GET /api/reports/weekly
2026-02-17 22:04:19 [info]: GET /api/services/types/all
2026-02-17 22:04:19 [info]: GET /api/services/types/all
2026-02-17 22:04:20 [info]: GET /api/reports/weekly
2026-02-17 22:04:20 [info]: GET /api/services
2026-02-17 22:04:20 [info]: GET /api/reports/employees/comparison
2026-02-17 22:04:20 [info]: GET /api/reports/weekly
2026-02-17 22:04:20 [info]: GET /api/reports/employees/comparison
2026-02-17 22:04:20 [info]: GET /api/services
2026-02-17 22:04:23 [info]: GET /api/employees
2026-02-17 22:04:23 [info]: GET /api/employees
2026-02-17 22:04:24 [info]: GET /api/services/types/all
2026-02-17 22:04:24 [info]: GET /api/services/types/all
2026-02-17 22:04:26 [info]: GET /api/reports/weekly
2026-02-17 22:04:26 [info]: GET /api/services
2026-02-17 22:04:26 [info]: GET /api/reports/employees/comparison
2026-02-17 22:04:26 [info]: GET /api/reports/weekly
2026-02-17 22:04:26 [info]: GET /api/reports/employees/comparison
2026-02-17 22:04:26 [info]: GET /api/services
2026-02-17 22:04:28 [info]: GET /api/employees
2026-02-17 22:04:28 [info]: GET /api/employees
2026-02-17 22:04:28 [info]: GET /api/employees
2026-02-17 22:04:28 [info]: GET /api/services
2026-02-17 22:04:28 [info]: GET /api/reports/dashboard
2026-02-17 22:04:28 [info]: GET /api/reports/weekly
2026-02-17 22:04:28 [info]: GET /api/reports/weekly
2026-02-17 22:04:28 [info]: GET /api/employees
2026-02-17 22:04:28 [info]: GET /api/services
2026-02-17 22:04:28 [info]: GET /api/reports/weekly
2026-02-17 22:05:00 [info]: SIGINT received. Shutting down gracefully...
2026-02-17 22:05:15 [info]: ✅ Database connected successfully
2026-02-17 22:05:15 [info]: 🚀 Server running on port 3001
2026-02-17 22:05:15 [info]: 📊 Environment: development
2026-02-17 22:05:15 [info]: 🔗 API URL: http://localhost:3001/api
2026-02-17 22:05:19 [info]: GET /api/employees
2026-02-17 22:05:19 [info]: GET /api/reports/dashboard
2026-02-17 22:05:19 [info]: GET /api/services
2026-02-17 22:05:19 [info]: GET /api/reports/weekly
2026-02-17 22:05:19 [info]: GET /api/employees
2026-02-17 22:05:19 [info]: GET /api/reports/weekly
2026-02-17 22:05:19 [info]: GET /api/employees
2026-02-17 22:05:19 [info]: GET /api/reports/weekly
2026-02-17 22:05:19 [info]: GET /api/employees
2026-02-17 22:05:19 [info]: GET /api/reports/weekly
2026-02-17 22:05:19 [info]: GET /api/services
2026-02-17 22:05:19 [info]: GET /api/services
2026-02-17 22:05:19 [info]: GET /api/services
2026-02-17 22:05:19 [info]: GET /api/reports/dashboard
2026-02-17 22:05:20 [info]: GET /api/reports/dashboard
2026-02-17 22:05:20 [info]: GET /api/reports/dashboard
2026-02-17 22:05:25 [info]: GET /api/employees
2026-02-17 22:05:25 [info]: GET /api/services/types/all
2026-02-17 22:05:25 [info]: GET /api/employees
2026-02-17 22:05:25 [info]: GET /api/services/types/all
2026-02-17 22:05:26 [info]: GET /api/reports/weekly
2026-02-17 22:05:26 [info]: GET /api/services
2026-02-17 22:05:26 [info]: GET /api/reports/employees/comparison
2026-02-17 22:05:26 [info]: GET /api/reports/employees/comparison
2026-02-17 22:05:26 [info]: GET /api/reports/weekly
2026-02-17 22:05:26 [info]: GET /api/services
2026-02-17 22:05:28 [info]: GET /api/employees
2026-02-17 22:05:28 [info]: GET /api/services
2026-02-17 22:05:28 [info]: GET /api/reports/dashboard
2026-02-17 22:05:28 [info]: GET /api/reports/weekly
2026-02-17 22:05:28 [info]: GET /api/employees
2026-02-17 22:05:28 [info]: GET /api/employees
2026-02-17 22:05:29 [info]: GET /api/services/types/all
2026-02-17 22:05:29 [info]: GET /api/services/types/all
2026-02-17 22:05:30 [info]: GET /api/employees
2026-02-17 22:05:30 [info]: GET /api/services/types/all
2026-02-17 22:05:30 [info]: GET /api/employees
2026-02-17 22:05:30 [info]: GET /api/services/types/all
2026-02-17 22:05:32 [info]: GET /api/reports/weekly
2026-02-17 22:05:32 [info]: GET /api/services
2026-02-17 22:05:32 [info]: GET /api/reports/employees/comparison
2026-02-17 22:05:32 [info]: GET /api/reports/weekly
2026-02-17 22:05:32 [info]: GET /api/reports/employees/comparison
2026-02-17 22:05:32 [info]: GET /api/services
2026-02-17 22:05:33 [info]: GET /api/employees
2026-02-17 22:05:33 [info]: GET /api/employees
2026-02-17 22:05:35 [info]: GET /api/services/types/all
2026-02-17 22:05:35 [info]: GET /api/services/types/all
2026-02-17 22:05:37 [info]: GET /api/employees
2026-02-17 22:05:37 [info]: GET /api/services/types/all
2026-02-17 22:05:37 [info]: GET /api/employees
2026-02-17 22:05:37 [info]: GET /api/services/types/all
2026-02-17 22:05:38 [info]: GET /api/reports/weekly
2026-02-17 22:05:38 [info]: GET /api/services
2026-02-17 22:05:38 [info]: GET /api/reports/employees/comparison
2026-02-17 22:05:38 [info]: GET /api/reports/weekly
2026-02-17 22:05:38 [info]: GET /api/reports/employees/comparison
2026-02-17 22:05:38 [info]: GET /api/services
2026-02-17 22:15:28 [info]: GET /api/reports/weekly
2026-02-17 22:15:28 [warn]: Invalid or expired token attempt
2026-02-17 22:15:28 [info]: GET /api/services
2026-02-17 22:15:28 [warn]: Invalid or expired token attempt
2026-02-17 22:15:28 [info]: POST /api/auth/refresh
2026-02-17 22:15:28 [info]: GET /api/reports/weekly
2026-02-17 22:15:29 [info]: GET /api/services
2026-02-17 22:16:27 [info]: ✅ Database connected successfully
2026-02-17 22:16:27 [info]: 🚀 Server running on port 3001
2026-02-17 22:16:27 [info]: 📊 Environment: development
2026-02-17 22:16:27 [info]: 🔗 API URL: http://localhost:3001/api
2026-02-17 22:17:53 [info]: GET /api/employees
2026-02-17 22:17:53 [info]: GET /api/services
2026-02-17 22:17:53 [info]: GET /api/reports/dashboard
2026-02-17 22:17:53 [info]: GET /api/reports/weekly
2026-02-17 22:17:53 [info]: GET /api/employees
2026-02-17 22:17:53 [info]: GET /api/reports/weekly
2026-02-17 22:17:53 [info]: GET /api/employees
2026-02-17 22:17:53 [info]: GET /api/reports/weekly
2026-02-17 22:17:53 [info]: GET /api/employees
2026-02-17 22:17:53 [info]: GET /api/reports/weekly
2026-02-17 22:17:53 [info]: GET /api/services
2026-02-17 22:17:53 [info]: GET /api/services
2026-02-17 22:17:53 [info]: GET /api/reports/dashboard
2026-02-17 22:17:53 [info]: GET /api/services
2026-02-17 22:17:53 [info]: GET /api/reports/dashboard
2026-02-17 22:17:53 [info]: GET /api/reports/dashboard
2026-02-17 22:17:56 [info]: GET /api/reports/weekly
2026-02-17 22:17:56 [info]: GET /api/services
2026-02-17 22:17:56 [info]: GET /api/reports/weekly
2026-02-17 22:17:56 [info]: GET /api/services
2026-02-17 22:18:01 [info]: GET /api/employees
2026-02-17 22:18:01 [info]: GET /api/services/types/all
2026-02-17 22:18:01 [info]: GET /api/services/types/all
2026-02-17 22:18:01 [info]: GET /api/employees
2026-02-17 22:18:05 [info]: POST /api/services
2026-02-17 22:18:05 [info]: POST /api/services
2026-02-17 22:18:05 [info]: POST /api/services
2026-02-17 22:18:05 [info]: Service created: 3a43580b-54de-470e-a176-ac141dad159e for employee defc5cec-356b-41f6-9aa7-6bb44e595f29
2026-02-17 22:18:05 [info]: Service created: 2ba8cb9f-c3c7-46da-a036-9ba24530ca0c for employee defc5cec-356b-41f6-9aa7-6bb44e595f29
2026-02-17 22:18:05 [info]: Service created: 1ecf68b5-f3c5-499b-93b9-a963acf1a1bd for employee defc5cec-356b-41f6-9aa7-6bb44e595f29
2026-02-17 22:18:05 [info]: GET /api/employees
2026-02-17 22:18:05 [info]: GET /api/services
2026-02-17 22:18:05 [info]: GET /api/reports/dashboard
2026-02-17 22:18:05 [info]: GET /api/reports/weekly
2026-02-17 22:18:07 [info]: GET /api/reports/weekly
2026-02-17 22:18:07 [info]: GET /api/services
2026-02-17 22:18:07 [info]: GET /api/reports/weekly
2026-02-17 22:18:07 [info]: GET /api/services
2026-02-17 22:18:10 [info]: GET /api/employees
2026-02-17 22:18:10 [info]: GET /api/services/types/all
2026-02-17 22:18:10 [info]: GET /api/employees
2026-02-17 22:18:10 [info]: GET /api/services/types/all
2026-02-17 22:18:20 [info]: GET /api/reports/weekly
2026-02-17 22:18:20 [info]: GET /api/services
2026-02-17 22:18:20 [info]: GET /api/reports/weekly
2026-02-17 22:18:20 [info]: GET /api/services
2026-02-17 22:18:21 [info]: GET /api/employees
2026-02-17 22:18:21 [info]: GET /api/services
2026-02-17 22:18:21 [info]: GET /api/reports/dashboard
2026-02-17 22:18:21 [info]: GET /api/reports/weekly
2026-02-17 22:18:30 [info]: GET /api/reports/weekly
2026-02-17 22:18:30 [info]: GET /api/services
2026-02-17 22:18:30 [info]: GET /api/reports/weekly
2026-02-17 22:18:30 [info]: GET /api/services
2026-02-17 22:18:32 [info]: GET /api/employees
2026-02-17 22:18:32 [info]: GET /api/services
2026-02-17 22:18:32 [info]: GET /api/reports/dashboard
2026-02-17 22:18:32 [info]: GET /api/reports/weekly
2026-02-17 22:20:24 [info]: GET /api/employees
2026-02-17 22:20:24 [info]: GET /api/services
2026-02-17 22:20:24 [info]: GET /api/reports/dashboard
2026-02-17 22:20:24 [info]: GET /api/reports/weekly
2026-02-17 22:20:25 [info]: GET /api/services
2026-02-17 22:20:25 [info]: GET /api/employees
2026-02-17 22:20:25 [info]: GET /api/reports/weekly
2026-02-17 22:20:25 [info]: GET /api/reports/dashboard
2026-02-17 22:21:22 [info]: GET /api/employees
2026-02-17 22:21:22 [info]: GET /api/services/types/all
2026-02-17 22:21:23 [info]: GET /api/employees
2026-02-17 22:21:23 [info]: GET /api/services/types/all
2026-02-17 22:21:29 [info]: POST /api/services
2026-02-17 22:21:29 [info]: POST /api/services
2026-02-17 22:21:29 [info]: Service created: 1e9124f3-dc73-4120-bb49-a876cca97b9e for employee 21699bd1-d9c0-44b4-b334-5de0fb9b3c34
2026-02-17 22:21:29 [info]: Service created: d617f882-6a47-4bc3-aaba-007c9d064e2b for employee 21699bd1-d9c0-44b4-b334-5de0fb9b3c34
2026-02-17 22:21:29 [info]: GET /api/services
2026-02-17 22:21:29 [info]: GET /api/employees
2026-02-17 22:21:29 [info]: GET /api/reports/dashboard
2026-02-17 22:21:29 [info]: GET /api/reports/weekly
2026-02-17 22:21:31 [info]: GET /api/employees
2026-02-17 22:21:31 [info]: GET /api/services
2026-02-17 22:21:31 [info]: GET /api/reports/dashboard
2026-02-17 22:21:31 [info]: GET /api/reports/weekly
2026-02-17 22:21:38 [info]: GET /api/employees
2026-02-17 22:21:38 [info]: GET /api/services/types/all
2026-02-17 22:21:38 [info]: GET /api/employees
2026-02-17 22:21:38 [info]: GET /api/services/types/all
2026-02-17 22:21:48 [info]: POST /api/services
2026-02-17 22:21:48 [info]: POST /api/services
2026-02-17 22:21:48 [info]: Service created: c43998fa-03a7-472f-85e5-6f022f1189ff for employee 07f83575-e728-4fc9-a093-0b75d4c279f6
2026-02-17 22:21:48 [info]: Service created: f7e16b0d-2f39-4e3b-b5cd-efa7ebbc020f for employee 07f83575-e728-4fc9-a093-0b75d4c279f6
2026-02-17 22:21:48 [info]: GET /api/services
2026-02-17 22:21:48 [info]: GET /api/employees
2026-02-17 22:21:48 [info]: GET /api/reports/dashboard
2026-02-17 22:21:48 [info]: GET /api/reports/weekly
2026-02-17 22:21:50 [info]: GET /api/employees
2026-02-17 22:21:50 [info]: GET /api/services
2026-02-17 22:21:50 [info]: GET /api/reports/dashboard
2026-02-17 22:21:50 [info]: GET /api/reports/weekly
2026-02-17 22:22:02 [info]: GET /api/employees
2026-02-17 22:22:02 [info]: GET /api/employees
2026-02-17 22:22:04 [info]: GET /api/services/types/all
2026-02-17 22:22:04 [info]: GET /api/services/types/all
2026-02-17 22:22:05 [info]: GET /api/employees
2026-02-17 22:22:05 [info]: GET /api/services/types/all
2026-02-17 22:22:05 [info]: GET /api/employees
2026-02-17 22:22:05 [info]: GET /api/services/types/all
2026-02-17 22:24:00 [info]: ✅ Database connected successfully
2026-02-17 22:24:00 [info]: 🚀 Server running on port 3001
2026-02-17 22:24:00 [info]: 📊 Environment: development
2026-02-17 22:24:00 [info]: 🔗 API URL: http://localhost:3001/api
2026-02-17 22:25:54 [info]: GET /api/employees
2026-02-17 22:25:54 [info]: GET /api/services
2026-02-17 22:25:54 [info]: GET /api/reports/weekly
2026-02-17 22:25:54 [info]: GET /api/reports/dashboard
2026-02-17 22:25:54 [info]: GET /api/services
2026-02-17 22:25:54 [info]: GET /api/employees
2026-02-17 22:25:54 [info]: GET /api/reports/weekly
2026-02-17 22:25:54 [info]: GET /api/services
2026-02-17 22:25:54 [info]: GET /api/employees
2026-02-17 22:25:54 [info]: GET /api/reports/weekly
2026-02-17 22:25:54 [info]: GET /api/services
2026-02-17 22:25:54 [info]: GET /api/employees
2026-02-17 22:25:54 [info]: GET /api/reports/dashboard
2026-02-17 22:25:54 [info]: GET /api/reports/weekly
2026-02-17 22:25:54 [info]: GET /api/reports/dashboard
2026-02-17 22:25:54 [info]: GET /api/reports/dashboard
2026-02-17 22:25:58 [info]: GET /api/employees
2026-02-17 22:25:58 [info]: GET /api/employees
2026-02-17 22:25:59 [info]: GET /api/services/types/all
2026-02-17 22:25:59 [info]: GET /api/services/types/all
2026-02-17 22:26:00 [info]: GET /api/employees
2026-02-17 22:26:00 [info]: GET /api/services/types/all
2026-02-17 22:26:00 [info]: GET /api/employees
2026-02-17 22:26:00 [info]: GET /api/services/types/all
2026-02-17 22:26:15 [info]: GET /api/services/types/all
2026-02-17 22:26:15 [info]: GET /api/services/types/all
2026-02-17 22:26:18 [info]: GET /api/employees
2026-02-17 22:26:18 [info]: GET /api/employees
2026-02-17 22:26:24 [info]: PUT /api/employees/defc5cec-356b-41f6-9aa7-6bb44e595f29
2026-02-17 22:26:25 [info]: Employee updated: defc5cec-356b-41f6-9aa7-6bb44e595f29
2026-02-17 22:26:25 [info]: GET /api/employees
2026-02-17 22:26:26 [info]: GET /api/services/types/all
2026-02-17 22:26:26 [info]: GET /api/services/types/all
2026-02-17 22:26:28 [info]: GET /api/employees
2026-02-17 22:26:28 [info]: GET /api/services/types/all
2026-02-17 22:26:28 [info]: GET /api/employees
2026-02-17 22:26:28 [info]: GET /api/services/types/all
2026-02-17 22:28:30 [info]: GET /api/employees
2026-02-17 22:28:30 [info]: GET /api/services/types/all
2026-02-17 22:32:58 [info]: GET /api/services/types/all
2026-02-17 22:32:58 [warn]: Invalid or expired token attempt
2026-02-17 22:32:58 [info]: GET /api/services/types/all
2026-02-17 22:32:58 [warn]: Invalid or expired token attempt
2026-02-17 22:32:58 [info]: POST /api/auth/refresh
2026-02-17 22:32:59 [info]: GET /api/services/types/all
2026-02-17 22:32:59 [info]: GET /api/services/types/all
2026-02-17 22:33:06 [info]: GET /api/employees
2026-02-17 22:33:06 [info]: GET /api/services
2026-02-17 22:33:06 [info]: GET /api/reports/dashboard
2026-02-17 22:33:06 [info]: GET /api/reports/weekly
2026-02-17 22:33:06 [info]: GET /api/employees
2026-02-17 22:33:06 [info]: GET /api/services
2026-02-17 22:33:07 [info]: GET /api/reports/weekly
2026-02-17 22:33:07 [info]: GET /api/employees
2026-02-17 22:33:07 [info]: GET /api/services
2026-02-17 22:33:07 [info]: GET /api/reports/weekly
2026-02-17 22:33:07 [info]: GET /api/employees
2026-02-17 22:33:07 [info]: GET /api/services
2026-02-17 22:33:07 [info]: GET /api/reports/weekly
2026-02-17 22:33:07 [info]: GET /api/reports/dashboard
2026-02-17 22:33:07 [info]: GET /api/reports/dashboard
2026-02-17 22:33:07 [info]: GET /api/reports/dashboard
2026-02-17 22:33:10 [info]: GET /api/services/types/all
2026-02-17 22:33:10 [info]: GET /api/services/types/all
2026-02-17 22:33:11 [info]: GET /api/employees
2026-02-17 22:33:11 [info]: GET /api/employees
2026-02-17 22:33:13 [info]: GET /api/employees
2026-02-17 22:33:13 [info]: GET /api/services/types/all
2026-02-17 22:33:13 [info]: GET /api/employees
2026-02-17 22:33:13 [info]: GET /api/services/types/all
2026-02-17 22:33:47 [info]: POST /api/services
2026-02-17 22:33:47 [info]: POST /api/services
2026-02-17 22:33:47 [info]: POST /api/services
2026-02-17 22:33:47 [info]: POST /api/services
2026-02-17 22:33:47 [info]: POST /api/services
2026-02-17 22:33:47 [info]: Service created: 15e2cc33-4665-4f90-b0be-d12d3ee79b52 for employee 21699bd1-d9c0-44b4-b334-5de0fb9b3c34
2026-02-17 22:33:47 [info]: Service created: 7cf6da16-000a-4406-b57f-a6f4ac362a99 for employee 21699bd1-d9c0-44b4-b334-5de0fb9b3c34
2026-02-17 22:33:47 [info]: Service created: 38a91ca5-720c-47c9-9b8a-6e39ce021f88 for employee 21699bd1-d9c0-44b4-b334-5de0fb9b3c34
2026-02-17 22:33:47 [info]: Service created: a105832c-da8f-4139-ba39-bb4fdb630269 for employee 21699bd1-d9c0-44b4-b334-5de0fb9b3c34
2026-02-17 22:33:47 [info]: Service created: be322b64-d23a-4527-8dbf-4fdb4c69e963 for employee 21699bd1-d9c0-44b4-b334-5de0fb9b3c34
2026-02-17 22:33:47 [info]: GET /api/services
2026-02-17 22:33:47 [info]: GET /api/employees
2026-02-17 22:33:47 [info]: GET /api/reports/dashboard
2026-02-17 22:33:47 [info]: GET /api/reports/weekly
2026-02-17 22:33:50 [info]: GET /api/services/types/all
2026-02-17 22:33:50 [info]: GET /api/services/types/all
2026-02-17 22:33:54 [info]: GET /api/services
2026-02-17 22:33:54 [info]: GET /api/reports/weekly
2026-02-17 22:33:54 [info]: GET /api/services
2026-02-17 22:33:54 [info]: GET /api/reports/weekly
2026-02-17 22:33:58 [info]: GET /api/employees
2026-02-17 22:33:58 [info]: GET /api/employees
2026-02-17 22:33:59 [info]: GET /api/services/types/all
2026-02-17 22:33:59 [info]: GET /api/services/types/all
2026-02-17 22:34:00 [info]: GET /api/employees
2026-02-17 22:34:00 [info]: GET /api/services/types/all
2026-02-17 22:34:00 [info]: GET /api/employees
2026-02-17 22:34:00 [info]: GET /api/services/types/all
2026-02-17 22:35:11 [info]: GET /api/services/types/all
2026-02-17 22:35:12 [info]: GET /api/services/types/all
2026-02-17 22:35:13 [info]: GET /api/employees
2026-02-17 22:35:13 [info]: GET /api/employees
2026-02-17 22:35:16 [info]: GET /api/employees
2026-02-17 22:35:16 [info]: GET /api/services/types/all
2026-02-17 22:35:16 [info]: GET /api/employees
2026-02-17 22:35:16 [info]: GET /api/services/types/all
2026-02-17 22:35:37 [info]: POST /api/services
2026-02-17 22:35:37 [info]: Service created: eabc4b00-0208-4730-99d3-41518e6a8fbb for employee 21699bd1-d9c0-44b4-b334-5de0fb9b3c34
2026-02-17 22:37:11 [info]: SIGINT received. Shutting down gracefully...
2026-02-17 22:37:18 [info]: ✅ Database connected successfully
2026-02-17 22:37:18 [info]: 🚀 Server running on port 3001
2026-02-17 22:37:18 [info]: 📊 Environment: development
2026-02-17 22:37:18 [info]: 🔗 API URL: http://localhost:3001/api
2026-02-17 22:37:33 [info]: GET /api/employees
2026-02-17 22:37:33 [info]: GET /api/services
2026-02-17 22:37:33 [info]: GET /api/reports/dashboard
2026-02-17 22:37:33 [info]: GET /api/reports/weekly
2026-02-17 22:37:33 [info]: GET /api/employees
2026-02-17 22:37:34 [info]: GET /api/employees
2026-02-17 22:37:34 [info]: GET /api/reports/weekly
2026-02-17 22:37:34 [info]: GET /api/employees
2026-02-17 22:37:34 [info]: GET /api/reports/weekly
2026-02-17 22:37:34 [info]: GET /api/reports/weekly
2026-02-17 22:37:34 [info]: GET /api/services
2026-02-17 22:37:34 [info]: GET /api/services
2026-02-17 22:37:34 [info]: GET /api/services
2026-02-17 22:37:34 [info]: GET /api/reports/dashboard
2026-02-17 22:37:34 [info]: GET /api/reports/dashboard
2026-02-17 22:37:34 [info]: GET /api/reports/dashboard
2026-02-17 22:37:43 [info]: GET /api/employees
2026-02-17 22:37:43 [info]: GET /api/employees
2026-02-17 22:37:45 [info]: GET /api/services/types/all
2026-02-17 22:37:45 [info]: GET /api/services/types/all
2026-02-17 22:37:46 [info]: GET /api/employees
2026-02-17 22:37:46 [info]: GET /api/services/types/all
2026-02-17 22:37:46 [info]: GET /api/employees
2026-02-17 22:37:46 [info]: GET /api/services/types/all
2026-02-17 22:37:59 [info]: POST /api/services
2026-02-17 22:37:59 [info]: POST /api/services
2026-02-17 22:37:59 [info]: Service created: c1ef0b3d-5695-4d50-815d-03cfcb583234 for employee defc5cec-356b-41f6-9aa7-6bb44e595f29
2026-02-17 22:37:59 [info]: Service created: 05396f9c-3ee3-461c-b231-0c001e320fb5 for employee defc5cec-356b-41f6-9aa7-6bb44e595f29
2026-02-17 22:37:59 [info]: GET /api/services
2026-02-17 22:37:59 [info]: GET /api/employees
2026-02-17 22:37:59 [info]: GET /api/reports/dashboard
2026-02-17 22:37:59 [info]: GET /api/reports/weekly
2026-02-17 22:38:03 [info]: GET /api/services/types/all
2026-02-17 22:38:03 [info]: GET /api/services/types/all
2026-02-17 22:38:05 [info]: GET /api/employees
2026-02-17 22:38:05 [info]: GET /api/employees
2026-02-17 22:38:08 [info]: GET /api/employees
2026-02-17 22:38:08 [info]: GET /api/services/types/all
2026-02-17 22:38:08 [info]: GET /api/employees
2026-02-17 22:38:08 [info]: GET /api/services/types/all
2026-02-17 22:38:09 [info]: GET /api/reports/weekly
2026-02-17 22:38:09 [info]: GET /api/services
2026-02-17 22:38:09 [info]: GET /api/reports/weekly
2026-02-17 22:38:09 [info]: GET /api/services
2026-02-17 22:38:13 [info]: GET /api/employees
2026-02-17 22:38:13 [info]: GET /api/services
2026-02-17 22:38:13 [info]: GET /api/reports/dashboard
2026-02-17 22:38:13 [info]: GET /api/reports/weekly
2026-02-17 22:38:16 [info]: GET /api/employees
2026-02-17 22:38:16 [info]: GET /api/services/types/all
2026-02-17 22:38:16 [info]: GET /api/employees
2026-02-17 22:38:16 [info]: GET /api/services/types/all
2026-02-17 22:38:18 [info]: GET /api/reports/weekly
2026-02-17 22:38:18 [info]: GET /api/services
2026-02-17 22:38:18 [info]: GET /api/reports/weekly
2026-02-17 22:38:18 [info]: GET /api/services
2026-02-17 22:38:20 [info]: GET /api/services/types/all
2026-02-17 22:38:20 [info]: GET /api/employees
2026-02-17 22:38:20 [info]: GET /api/services/types/all
2026-02-17 22:38:20 [info]: GET /api/employees
2026-02-17 22:38:30 [info]: POST /api/services
2026-02-17 22:38:30 [info]: POST /api/services
2026-02-17 22:38:30 [info]: Service created: fdd7e0cf-5e3d-40d7-a15a-a4f90f82e88f for employee 21699bd1-d9c0-44b4-b334-5de0fb9b3c34
2026-02-17 22:38:30 [info]: Service created: 0f2296a5-0dbe-4bdd-9963-7c03b599ac18 for employee 21699bd1-d9c0-44b4-b334-5de0fb9b3c34
2026-02-17 22:38:30 [info]: GET /api/services
2026-02-17 22:38:30 [info]: GET /api/employees
2026-02-17 22:38:31 [info]: GET /api/reports/dashboard
2026-02-17 22:38:31 [info]: GET /api/reports/weekly
2026-02-17 22:38:32 [info]: GET /api/reports/weekly
2026-02-17 22:38:32 [info]: GET /api/services
2026-02-17 22:38:32 [info]: GET /api/reports/weekly
2026-02-17 22:38:32 [info]: GET /api/services
2026-02-17 22:38:42 [info]: GET /api/employees
2026-02-17 22:38:42 [info]: GET /api/services
2026-02-17 22:38:42 [info]: GET /api/reports/dashboard
2026-02-17 22:38:42 [info]: GET /api/reports/weekly
2026-02-17 22:38:42 [info]: GET /api/employees
2026-02-17 22:38:42 [info]: GET /api/services
2026-02-17 22:38:42 [info]: GET /api/reports/weekly
2026-02-17 22:38:42 [info]: GET /api/employees
2026-02-17 22:38:42 [info]: GET /api/reports/dashboard
2026-02-17 22:38:42 [info]: GET /api/services
2026-02-17 22:38:42 [info]: GET /api/reports/weekly
2026-02-17 22:38:42 [info]: GET /api/employees
2026-02-17 22:38:42 [info]: GET /api/services
2026-02-17 22:38:42 [info]: GET /api/reports/weekly
2026-02-17 22:38:42 [info]: GET /api/reports/dashboard
2026-02-17 22:38:42 [info]: GET /api/reports/dashboard
2026-02-17 22:38:46 [info]: GET /api/reports/weekly
2026-02-17 22:38:46 [info]: GET /api/services
2026-02-17 22:38:46 [info]: GET /api/reports/weekly
2026-02-17 22:38:46 [info]: GET /api/services
2026-02-17 22:38:49 [info]: GET /api/employees
2026-02-17 22:38:49 [info]: GET /api/services/types/all
2026-02-17 22:38:49 [info]: GET /api/employees
2026-02-17 22:38:49 [info]: GET /api/services/types/all
2026-02-17 22:38:50 [info]: GET /api/services/types/all
2026-02-17 22:38:50 [info]: GET /api/services/types/all
2026-02-17 22:38:52 [info]: GET /api/employees
2026-02-17 22:38:52 [info]: GET /api/employees
2026-02-17 22:38:58 [info]: PUT /api/employees/07f83575-e728-4fc9-a093-0b75d4c279f6
2026-02-17 22:38:58 [info]: Employee updated: 07f83575-e728-4fc9-a093-0b75d4c279f6
2026-02-17 22:38:58 [info]: GET /api/employees
2026-02-17 22:38:59 [info]: GET /api/reports/weekly
2026-02-17 22:41:17 [info]: ✅ Database connected successfully
2026-02-17 22:41:17 [info]: 🚀 Server running on port 3001
2026-02-17 22:41:17 [info]: 📊 Environment: development
2026-02-17 22:41:17 [info]: 🔗 API URL: http://localhost:3001/api
2026-02-17 22:45:24 [info]: GET /api/employees
2026-02-17 22:45:24 [info]: GET /api/services
2026-02-17 22:45:24 [info]: GET /api/reports/dashboard
2026-02-17 22:45:24 [info]: GET /api/reports/weekly
2026-02-17 22:45:24 [info]: GET /api/employees
2026-02-17 22:45:24 [info]: GET /api/services
2026-02-17 22:45:25 [info]: GET /api/employees
2026-02-17 22:45:25 [info]: GET /api/reports/weekly
2026-02-17 22:45:25 [info]: GET /api/services
2026-02-17 22:45:25 [info]: GET /api/employees
2026-02-17 22:45:25 [info]: GET /api/reports/dashboard
2026-02-17 22:45:25 [info]: GET /api/reports/weekly
2026-02-17 22:45:25 [info]: GET /api/services
2026-02-17 22:45:25 [info]: GET /api/reports/weekly
2026-02-17 22:45:25 [info]: GET /api/reports/dashboard
2026-02-17 22:45:25 [info]: GET /api/reports/dashboard
2026-02-17 22:45:29 [info]: GET /api/services/types/all
2026-02-17 22:45:29 [info]: GET /api/services/types/all
2026-02-17 22:45:30 [info]: GET /api/employees
2026-02-17 22:45:30 [info]: GET /api/services/types/all
2026-02-17 22:45:30 [info]: GET /api/employees
2026-02-17 22:45:30 [info]: GET /api/services/types/all
2026-02-17 22:45:31 [info]: GET /api/services/types/all
2026-02-17 22:45:31 [info]: GET /api/services/types/all
2026-02-17 22:45:32 [info]: GET /api/employees
2026-02-17 22:45:32 [info]: GET /api/employees
2026-02-17 22:45:34 [info]: GET /api/services/types/all
2026-02-17 22:45:34 [info]: GET /api/services/types/all
2026-02-17 22:45:35 [info]: GET /api/employees
2026-02-17 22:45:35 [info]: GET /api/services/types/all
2026-02-17 22:45:35 [info]: GET /api/employees
2026-02-17 22:45:35 [info]: GET /api/services/types/all
2026-02-17 22:45:47 [info]: GET /api/reports/weekly
2026-02-17 22:45:47 [info]: GET /api/services
2026-02-17 22:45:47 [info]: GET /api/reports/weekly
2026-02-17 22:45:47 [info]: GET /api/services
2026-02-17 22:45:50 [info]: GET /api/employees
2026-02-17 22:45:50 [info]: GET /api/services/types/all
2026-02-17 22:45:50 [info]: GET /api/services/types/all
2026-02-17 22:45:50 [info]: GET /api/employees
2026-02-17 22:45:56 [info]: POST /api/services
2026-02-17 22:45:56 [info]: Service created: f232efdb-2d52-4014-9ca8-47f982a8b0e4 for employee 21699bd1-d9c0-44b4-b334-5de0fb9b3c34
2026-02-17 22:45:56 [info]: GET /api/services
2026-02-17 22:45:56 [info]: GET /api/employees
2026-02-17 22:45:56 [info]: GET /api/reports/dashboard
2026-02-17 22:45:56 [info]: GET /api/reports/weekly
2026-02-17 22:45:59 [info]: GET /api/reports/weekly
2026-02-17 22:45:59 [info]: GET /api/services
2026-02-17 22:45:59 [info]: GET /api/reports/weekly
2026-02-17 22:45:59 [info]: GET /api/services
2026-02-17 22:46:18 [info]: GET /api/employees
2026-02-17 22:46:18 [info]: GET /api/services/types/all
2026-02-17 22:46:18 [info]: GET /api/employees
2026-02-17 22:46:18 [info]: GET /api/services/types/all
2026-02-17 22:46:22 [info]: POST /api/services
2026-02-17 22:46:23 [info]: Service created: 3a0aa921-ec8b-46ed-862d-2a9dda3a7e38 for employee 21699bd1-d9c0-44b4-b334-5de0fb9b3c34
2026-02-17 22:46:23 [info]: GET /api/services
2026-02-17 22:46:23 [info]: GET /api/employees
2026-02-17 22:46:23 [info]: GET /api/reports/dashboard
2026-02-17 22:46:23 [info]: GET /api/reports/weekly
2026-02-17 22:46:24 [info]: GET /api/reports/weekly
2026-02-17 22:46:24 [info]: GET /api/services
2026-02-17 22:46:24 [info]: GET /api/reports/weekly
2026-02-17 22:46:24 [info]: GET /api/services
2026-02-17 22:48:05 [info]: GET /api/services/types/all
2026-02-17 22:48:05 [warn]: Invalid or expired token attempt
2026-02-17 22:48:05 [info]: GET /api/services/types/all
2026-02-17 22:48:05 [warn]: Invalid or expired token attempt
2026-02-17 22:48:05 [info]: POST /api/auth/refresh
2026-02-17 22:48:05 [info]: GET /api/services/types/all
2026-02-17 22:48:05 [info]: GET /api/services/types/all
2026-02-17 22:48:06 [info]: GET /api/employees
2026-02-17 22:48:06 [info]: GET /api/services/types/all
2026-02-17 22:48:06 [info]: GET /api/employees
2026-02-17 22:48:06 [info]: GET /api/services/types/all
2026-02-17 22:51:05 [info]: GET /api/employees
2026-02-17 22:51:05 [info]: GET /api/services
2026-02-17 22:51:05 [info]: GET /api/reports/dashboard
2026-02-17 22:51:05 [info]: GET /api/reports/weekly
2026-02-17 22:51:05 [info]: GET /api/employees
2026-02-17 22:51:05 [info]: GET /api/employees
2026-02-17 22:51:06 [info]: GET /api/services
2026-02-17 22:51:06 [info]: GET /api/employees
2026-02-17 22:51:06 [info]: GET /api/services
2026-02-17 22:51:06 [info]: GET /api/services
2026-02-17 22:51:06 [info]: GET /api/reports/dashboard
2026-02-17 22:51:06 [info]: GET /api/reports/weekly
2026-02-17 22:51:06 [info]: GET /api/reports/weekly
2026-02-17 22:51:06 [info]: GET /api/reports/dashboard
2026-02-17 22:51:06 [info]: GET /api/reports/weekly
2026-02-17 22:51:06 [info]: GET /api/reports/dashboard
2026-02-17 22:51:08 [info]: GET /api/employees
2026-02-17 22:51:08 [info]: GET /api/services/types/all
2026-02-17 22:51:08 [info]: GET /api/employees
2026-02-17 22:51:08 [info]: GET /api/services/types/all
2026-02-17 22:51:25 [info]: GET /api/reports/weekly
2026-02-17 22:51:25 [info]: GET /api/services
2026-02-17 22:51:25 [info]: GET /api/reports/weekly
2026-02-17 22:51:25 [info]: GET /api/services
2026-02-17 22:51:34 [info]: GET /api/employees
2026-02-17 22:51:34 [info]: GET /api/employees
2026-02-17 22:51:37 [info]: GET /api/employees
2026-02-17 22:51:37 [info]: GET /api/services/types/all
2026-02-17 22:51:37 [info]: GET /api/employees
2026-02-17 22:51:37 [info]: GET /api/services/types/all
2026-02-17 22:51:38 [info]: GET /api/services/types/all
2026-02-17 22:51:38 [info]: GET /api/services/types/all
2026-02-17 22:51:39 [info]: GET /api/reports/weekly
2026-02-17 22:51:39 [info]: GET /api/services
2026-02-17 22:51:39 [info]: GET /api/reports/weekly
2026-02-17 22:51:39 [info]: GET /api/services
2026-02-17 22:51:50 [info]: GET /api/employees
2026-02-17 22:51:50 [info]: GET /api/employees
2026-02-17 22:51:56 [info]: GET /api/employees
2026-02-17 22:51:56 [info]: GET /api/services/types/all
2026-02-17 22:51:56 [info]: GET /api/employees
2026-02-17 22:51:56 [info]: GET /api/services/types/all
2026-02-17 22:52:17 [info]: GET /api/employees
2026-02-17 22:52:17 [info]: GET /api/employees
2026-02-17 22:53:15 [info]: GET /api/reports/weekly
2026-02-17 22:53:15 [info]: GET /api/services
2026-02-17 22:53:15 [info]: GET /api/reports/weekly
2026-02-17 22:53:15 [info]: GET /api/services
2026-02-17 22:53:16 [info]: GET /api/employees
2026-02-17 22:53:16 [info]: GET /api/services/types/all
2026-02-17 22:53:17 [info]: GET /api/employees
2026-02-17 22:53:17 [info]: GET /api/services/types/all
2026-02-17 22:56:29 [info]: GET /api/employees
2026-02-17 22:56:29 [info]: GET /api/services
2026-02-17 22:56:29 [info]: GET /api/reports/dashboard
2026-02-17 22:56:29 [info]: GET /api/reports/weekly
2026-02-17 22:56:30 [info]: GET /api/employees
2026-02-17 22:56:30 [info]: GET /api/services
2026-02-17 22:56:30 [info]: GET /api/employees
2026-02-17 22:56:30 [info]: GET /api/services
2026-02-17 22:56:30 [info]: GET /api/employees
2026-02-17 22:56:30 [info]: GET /api/services
2026-02-17 22:56:30 [info]: GET /api/reports/weekly
2026-02-17 22:56:30 [info]: GET /api/reports/weekly
2026-02-17 22:56:30 [info]: GET /api/reports/dashboard
2026-02-17 22:56:30 [info]: GET /api/reports/weekly
2026-02-17 22:56:30 [info]: GET /api/reports/dashboard
2026-02-17 22:56:30 [info]: GET /api/reports/dashboard
2026-02-17 22:56:35 [info]: GET /api/employees
2026-02-17 22:56:35 [info]: GET /api/services/types/all
2026-02-17 22:56:35 [info]: GET /api/employees
2026-02-17 22:56:35 [info]: GET /api/services/types/all
2026-02-17 22:56:40 [info]: GET /api/reports/weekly
2026-02-17 22:56:40 [info]: GET /api/services
2026-02-17 22:56:40 [info]: GET /api/reports/weekly
2026-02-17 22:56:40 [info]: GET /api/services
2026-02-17 22:56:44 [info]: GET /api/employees
2026-02-17 22:56:44 [info]: GET /api/services/types/all
2026-02-17 22:56:44 [info]: GET /api/employees
2026-02-17 22:56:44 [info]: GET /api/services/types/all
2026-02-17 22:57:00 [info]: POST /api/services
2026-02-17 22:57:01 [info]: Service created: 915a6daa-bf23-4b6d-ac1a-2961dc557f71 for employee 21699bd1-d9c0-44b4-b334-5de0fb9b3c34
2026-02-17 22:57:01 [info]: GET /api/services
2026-02-17 22:57:01 [info]: GET /api/employees
2026-02-17 22:57:01 [info]: GET /api/reports/dashboard
2026-02-17 22:57:01 [info]: GET /api/reports/weekly
2026-02-17 22:57:02 [info]: GET /api/reports/weekly
2026-02-17 22:57:02 [info]: GET /api/services
2026-02-17 22:57:02 [info]: GET /api/reports/weekly
2026-02-17 22:57:02 [info]: GET /api/services
2026-02-17 22:57:05 [info]: GET /api/employees
2026-02-17 22:57:05 [info]: GET /api/services
2026-02-17 22:57:05 [info]: GET /api/reports/dashboard
2026-02-17 22:57:05 [info]: GET /api/reports/weekly
2026-02-17 22:57:05 [info]: GET /api/employees
2026-02-17 22:57:05 [info]: GET /api/services
2026-02-17 22:57:05 [info]: GET /api/reports/weekly
2026-02-17 22:57:05 [info]: GET /api/employees
2026-02-17 22:57:05 [info]: GET /api/services
2026-02-17 22:57:05 [info]: GET /api/reports/weekly
2026-02-17 22:57:05 [info]: GET /api/reports/dashboard
2026-02-17 22:57:05 [info]: GET /api/employees
2026-02-17 22:57:05 [info]: GET /api/services
2026-02-17 22:57:05 [info]: GET /api/reports/weekly
2026-02-17 22:57:05 [info]: GET /api/reports/dashboard
2026-02-17 22:57:05 [info]: GET /api/reports/dashboard
2026-02-17 22:57:08 [info]: GET /api/reports/weekly
2026-02-17 22:57:08 [info]: GET /api/services
2026-02-17 22:57:08 [info]: GET /api/reports/weekly
2026-02-17 22:57:09 [info]: GET /api/services
2026-02-17 22:57:13 [info]: GET /api/employees
2026-02-17 22:57:13 [info]: GET /api/services/types/all
2026-02-17 22:57:13 [info]: GET /api/employees
2026-02-17 22:57:13 [info]: GET /api/services/types/all
2026-02-17 22:57:22 [info]: POST /api/services
2026-02-17 22:57:22 [info]: Service created: bd6e12d5-b5d5-45d0-b148-8e63a6f53003 for employee 07f83575-e728-4fc9-a093-0b75d4c279f6
2026-02-17 22:57:22 [info]: GET /api/services
2026-02-17 22:57:23 [info]: GET /api/employees
2026-02-17 22:57:23 [info]: GET /api/reports/dashboard
2026-02-17 22:57:23 [info]: GET /api/reports/weekly
2026-02-17 22:57:24 [info]: GET /api/reports/weekly
2026-02-17 22:57:24 [info]: GET /api/services
2026-02-17 22:57:24 [info]: GET /api/reports/weekly
2026-02-17 22:57:24 [info]: GET /api/services
2026-02-17 22:57:33 [info]: GET /api/employees
2026-02-17 22:57:33 [info]: GET /api/services/types/all
2026-02-17 22:57:33 [info]: GET /api/employees
2026-02-17 22:57:33 [info]: GET /api/services/types/all
2026-02-17 22:57:39 [info]: POST /api/services
2026-02-17 22:57:39 [info]: Service created: 7b1ef681-9c87-4ce8-8a98-1a707d9b8df1 for employee 07f83575-e728-4fc9-a093-0b75d4c279f6
2026-02-17 22:57:39 [info]: GET /api/services
2026-02-17 22:57:39 [info]: GET /api/employees
2026-02-17 22:57:39 [info]: GET /api/reports/dashboard
2026-02-17 22:57:39 [info]: GET /api/reports/weekly
2026-02-17 22:57:42 [info]: GET /api/reports/weekly
2026-02-17 22:57:42 [info]: GET /api/services
2026-02-17 22:57:42 [info]: GET /api/reports/weekly
2026-02-17 22:57:42 [info]: GET /api/services
2026-02-17 22:58:41 [info]: GET /api/employees
2026-02-17 22:58:41 [info]: GET /api/services/types/all
2026-02-17 22:58:42 [info]: GET /api/employees
2026-02-17 22:58:42 [info]: GET /api/services/types/all
2026-02-17 23:02:29 [info]: GET /api/reports/weekly
2026-02-17 23:02:29 [info]: GET /api/services
2026-02-17 23:02:30 [info]: GET /api/reports/weekly
2026-02-17 23:02:30 [info]: GET /api/services
2026-02-17 23:02:37 [info]: GET /api/employees
2026-02-17 23:02:37 [info]: GET /api/services/types/all
2026-02-17 23:02:37 [info]: GET /api/services/types/all
2026-02-17 23:02:37 [info]: GET /api/employees
2026-02-17 23:02:38 [info]: GET /api/reports/weekly
2026-02-17 23:02:38 [info]: GET /api/services
2026-02-17 23:02:38 [info]: GET /api/reports/weekly
2026-02-17 23:02:38 [info]: GET /api/services
2026-02-17 23:02:40 [info]: GET /api/employees
2026-02-17 23:02:40 [info]: GET /api/services/types/all
2026-02-17 23:02:40 [info]: GET /api/employees
2026-02-17 23:02:40 [info]: GET /api/services/types/all
2026-02-17 23:02:45 [info]: POST /api/services
2026-02-17 23:02:45 [info]: Service created: f5cff81e-7384-4699-80f3-bd7a4223c03e for employee 21699bd1-d9c0-44b4-b334-5de0fb9b3c34
2026-02-17 23:02:45 [info]: GET /api/services
2026-02-17 23:02:45 [info]: GET /api/employees
2026-02-17 23:02:45 [info]: GET /api/reports/dashboard
2026-02-17 23:02:45 [info]: GET /api/reports/weekly
2026-02-17 23:02:46 [info]: GET /api/reports/weekly
2026-02-17 23:02:46 [info]: GET /api/services
2026-02-17 23:02:46 [info]: GET /api/reports/weekly
2026-02-17 23:02:46 [info]: GET /api/services
2026-02-17 23:03:16 [info]: GET /api/employees
2026-02-17 23:03:16 [warn]: Invalid or expired token attempt
2026-02-17 23:03:16 [info]: GET /api/services/types/all
2026-02-17 23:03:16 [warn]: Invalid or expired token attempt
2026-02-17 23:03:16 [info]: GET /api/employees
2026-02-17 23:03:16 [warn]: Invalid or expired token attempt
2026-02-17 23:03:16 [info]: GET /api/services/types/all
2026-02-17 23:03:16 [warn]: Invalid or expired token attempt
2026-02-17 23:03:16 [info]: POST /api/auth/refresh
2026-02-17 23:03:16 [info]: GET /api/employees
2026-02-17 23:03:16 [info]: GET /api/services/types/all
2026-02-17 23:03:16 [info]: GET /api/employees
2026-02-17 23:03:16 [info]: GET /api/services/types/all
2026-02-17 23:03:17 [info]: GET /api/services/types/all
2026-02-17 23:03:17 [info]: GET /api/services/types/all
2026-02-17 23:03:18 [info]: GET /api/employees
2026-02-17 23:03:18 [info]: GET /api/employees
2026-02-17 23:03:34 [info]: GET /api/employees
2026-02-17 23:03:34 [info]: GET /api/services
2026-02-17 23:03:34 [info]: GET /api/reports/dashboard
2026-02-17 23:03:34 [info]: GET /api/reports/weekly
2026-02-17 23:03:46 [info]: GET /api/employees
2026-02-17 23:03:46 [info]: GET /api/employees
2026-02-17 23:03:59 [info]: GET /api/reports/weekly
2026-02-17 23:03:59 [info]: GET /api/services
2026-02-17 23:03:59 [info]: GET /api/reports/weekly
2026-02-17 23:03:59 [info]: GET /api/services
2026-02-17 23:05:45 [info]: GET /api/employees
2026-02-17 23:05:45 [info]: GET /api/services/types/all
2026-02-17 23:05:45 [info]: GET /api/employees
2026-02-17 23:05:45 [info]: GET /api/services/types/all
2026-02-17 23:05:47 [info]: GET /api/services/types/all
2026-02-17 23:05:47 [info]: GET /api/services/types/all
2026-02-17 23:05:48 [info]: GET /api/employees
2026-02-17 23:05:48 [info]: GET /api/services
2026-02-17 23:05:48 [info]: GET /api/reports/dashboard
2026-02-17 23:05:48 [info]: GET /api/reports/weekly
2026-02-17 23:08:44 [info]: GET /api/employees
2026-02-17 23:08:44 [info]: GET /api/services
2026-02-17 23:08:44 [info]: GET /api/reports/dashboard
2026-02-17 23:08:44 [info]: GET /api/reports/weekly
2026-02-17 23:08:44 [info]: GET /api/services
2026-02-17 23:08:44 [info]: GET /api/employees
2026-02-17 23:08:44 [info]: GET /api/services
2026-02-17 23:08:44 [info]: GET /api/employees
2026-02-17 23:08:44 [info]: GET /api/reports/weekly
2026-02-17 23:08:44 [info]: GET /api/reports/dashboard
2026-02-17 23:08:44 [info]: GET /api/services
2026-02-17 23:08:44 [info]: GET /api/employees
2026-02-17 23:08:44 [info]: GET /api/reports/weekly
2026-02-17 23:08:44 [info]: GET /api/reports/dashboard
2026-02-17 23:08:44 [info]: GET /api/reports/weekly
2026-02-17 23:08:44 [info]: GET /api/reports/dashboard
2026-02-17 23:08:52 [info]: GET /api/employees
2026-02-17 23:08:52 [info]: GET /api/employees
2026-02-17 23:08:53 [info]: GET /api/reports/weekly
2026-02-17 23:08:53 [info]: GET /api/services
2026-02-17 23:08:53 [info]: GET /api/reports/weekly
2026-02-17 23:08:53 [info]: GET /api/services
2026-02-17 23:08:56 [info]: GET /api/services/types/all
2026-02-17 23:08:56 [info]: GET /api/services/types/all
2026-02-17 23:08:57 [info]: GET /api/employees
2026-02-17 23:08:57 [info]: GET /api/services/types/all
2026-02-17 23:08:57 [info]: GET /api/services/types/all
2026-02-17 23:08:57 [info]: GET /api/employees
2026-02-17 23:09:01 [info]: POST /api/services
2026-02-17 23:09:01 [info]: Service created: 6100e98e-9dc2-4d0c-a84d-cf910ca2f13e for employee 21699bd1-d9c0-44b4-b334-5de0fb9b3c34
2026-02-17 23:09:01 [info]: GET /api/services
2026-02-17 23:09:01 [info]: GET /api/employees
2026-02-17 23:09:01 [info]: GET /api/reports/dashboard
2026-02-17 23:09:01 [info]: GET /api/reports/weekly
2026-02-17 23:09:03 [info]: GET /api/reports/weekly
2026-02-17 23:09:03 [info]: GET /api/services
2026-02-17 23:09:03 [info]: GET /api/reports/weekly
2026-02-17 23:09:03 [info]: GET /api/services
2026-02-17 23:09:05 [info]: GET /api/services
2026-02-17 23:09:05 [info]: GET /api/reports/dashboard
2026-02-17 23:09:05 [info]: GET /api/reports/weekly
2026-02-17 23:09:05 [info]: GET /api/employees
2026-02-17 23:10:23 [info]: GET /api/employees
2026-02-17 23:10:23 [info]: GET /api/employees
2026-02-17 23:10:24 [info]: GET /api/reports/weekly
2026-02-17 23:10:24 [info]: GET /api/services
2026-02-17 23:10:24 [info]: GET /api/reports/weekly
2026-02-17 23:10:24 [info]: GET /api/services
2026-02-17 23:10:45 [info]: GET /api/employees
2026-02-17 23:10:45 [info]: GET /api/services
2026-02-17 23:10:45 [info]: GET /api/reports/dashboard
2026-02-17 23:10:45 [info]: GET /api/reports/weekly
2026-02-17 23:10:53 [info]: GET /api/reports/weekly
2026-02-17 23:10:53 [info]: GET /api/services
2026-02-17 23:10:53 [info]: GET /api/reports/weekly
2026-02-17 23:10:53 [info]: GET /api/services
2026-02-17 23:13:01 [info]: GET /api/reports/weekly
2026-02-17 23:13:01 [info]: GET /api/services
2026-02-17 23:14:39 [info]: GET /api/employees
2026-02-17 23:14:39 [info]: GET /api/services
2026-02-17 23:14:39 [info]: GET /api/reports/dashboard
2026-02-17 23:14:39 [info]: GET /api/reports/weekly
2026-02-17 23:14:39 [info]: GET /api/services
2026-02-17 23:14:39 [info]: GET /api/services
2026-02-17 23:14:39 [info]: GET /api/reports/weekly
2026-02-17 23:14:39 [info]: GET /api/reports/dashboard
2026-02-17 23:14:39 [info]: GET /api/services
2026-02-17 23:14:39 [info]: GET /api/reports/weekly
2026-02-17 23:14:39 [info]: GET /api/employees
2026-02-17 23:14:39 [info]: GET /api/reports/dashboard
2026-02-17 23:14:39 [info]: GET /api/reports/weekly
2026-02-17 23:14:39 [info]: GET /api/employees
2026-02-17 23:14:39 [info]: GET /api/employees
2026-02-17 23:14:39 [info]: GET /api/reports/dashboard
2026-02-17 23:14:44 [info]: GET /api/reports/weekly
2026-02-17 23:14:44 [info]: GET /api/services
2026-02-17 23:14:44 [info]: GET /api/reports/weekly
2026-02-17 23:14:44 [info]: GET /api/services
2026-02-17 23:14:47 [info]: GET /api/employees
2026-02-17 23:14:47 [info]: GET /api/services/types/all
2026-02-17 23:14:47 [info]: GET /api/employees
2026-02-17 23:14:47 [info]: GET /api/services/types/all
2026-02-17 23:14:48 [info]: GET /api/services/types/all
2026-02-17 23:14:48 [info]: GET /api/services/types/all
2026-02-17 23:14:49 [info]: GET /api/employees
2026-02-17 23:14:49 [info]: GET /api/employees
2026-02-17 23:14:49 [info]: GET /api/employees
2026-02-17 23:14:49 [info]: GET /api/services
2026-02-17 23:14:49 [info]: GET /api/reports/dashboard
2026-02-17 23:14:49 [info]: GET /api/reports/weekly
2026-02-17 23:14:50 [info]: GET /api/reports/weekly
2026-02-17 23:14:50 [info]: GET /api/services
2026-02-17 23:14:50 [info]: GET /api/reports/weekly
2026-02-17 23:14:50 [info]: GET /api/services
2026-02-17 23:14:55 [info]: GET /api/reports/daily
2026-02-17 23:14:55 [info]: GET /api/services
2026-02-17 23:14:56 [info]: GET /api/reports/monthly
2026-02-17 23:14:56 [info]: GET /api/services
2026-02-17 23:14:58 [info]: GET /api/reports/weekly
2026-02-17 23:14:58 [info]: GET /api/services
2026-02-17 23:17:48 [info]: GET /api/reports/weekly
2026-02-17 23:17:48 [info]: GET /api/services
2026-02-17 23:18:44 [info]: GET /api/reports/weekly
2026-02-17 23:18:44 [warn]: Invalid or expired token attempt
2026-02-17 23:18:44 [info]: GET /api/services
2026-02-17 23:18:44 [warn]: Invalid or expired token attempt
2026-02-17 23:18:44 [info]: GET /api/services
2026-02-17 23:18:44 [warn]: Invalid or expired token attempt
2026-02-17 23:18:44 [info]: POST /api/auth/refresh
2026-02-17 23:18:44 [info]: GET /api/reports/weekly
2026-02-17 23:18:44 [info]: GET /api/services
2026-02-17 23:18:44 [info]: GET /api/services
2026-02-17 23:19:24 [info]: GET /api/employees
2026-02-17 23:19:24 [info]: GET /api/services
2026-02-17 23:19:24 [info]: GET /api/reports/dashboard
2026-02-17 23:19:24 [info]: GET /api/reports/weekly
2026-02-17 23:19:24 [info]: GET /api/employees
2026-02-17 23:19:24 [info]: GET /api/services
2026-02-17 23:19:24 [info]: GET /api/reports/weekly
2026-02-17 23:19:24 [info]: GET /api/employees
2026-02-17 23:19:24 [info]: GET /api/reports/dashboard
2026-02-17 23:19:24 [info]: GET /api/services
2026-02-17 23:19:24 [info]: GET /api/reports/weekly
2026-02-17 23:19:24 [info]: GET /api/employees
2026-02-17 23:19:24 [info]: GET /api/services
2026-02-17 23:19:24 [info]: GET /api/reports/weekly
2026-02-17 23:19:24 [info]: GET /api/reports/dashboard
2026-02-17 23:19:25 [info]: GET /api/reports/dashboard
2026-02-17 23:20:22 [info]: GET /api/reports/weekly
2026-02-17 23:20:22 [info]: GET /api/services
2026-02-17 23:20:22 [info]: GET /api/services
2026-02-17 23:20:22 [info]: GET /api/reports/weekly
2026-02-17 23:20:22 [info]: GET /api/services
2026-02-17 23:20:22 [info]: GET /api/services
2026-02-17 23:20:31 [info]: GET /api/employees
2026-02-17 23:20:31 [info]: GET /api/services/types/all
2026-02-17 23:20:31 [info]: GET /api/services/types/all
2026-02-17 23:20:31 [info]: GET /api/employees
2026-02-17 23:20:32 [info]: GET /api/services/types/all
2026-02-17 23:20:32 [info]: GET /api/services/types/all
2026-02-17 23:20:33 [info]: GET /api/employees
2026-02-17 23:20:33 [info]: GET /api/employees
2026-02-17 23:20:34 [info]: GET /api/employees
2026-02-17 23:20:34 [info]: GET /api/services
2026-02-17 23:20:34 [info]: GET /api/reports/dashboard
2026-02-17 23:20:34 [info]: GET /api/reports/weekly
2026-02-17 23:20:37 [info]: GET /api/services
2026-02-17 23:20:37 [info]: GET /api/reports/weekly
2026-02-17 23:20:37 [info]: GET /api/services
2026-02-17 23:20:37 [info]: GET /api/services
2026-02-17 23:20:37 [info]: GET /api/reports/weekly
2026-02-17 23:20:37 [info]: GET /api/services
2026-02-17 23:22:05 [info]: GET /api/employees
2026-02-17 23:22:05 [info]: GET /api/services/types/all
2026-02-17 23:22:05 [info]: GET /api/services/types/all
2026-02-17 23:22:05 [info]: GET /api/employees
2026-02-17 23:22:06 [info]: GET /api/services/types/all
2026-02-17 23:22:06 [info]: GET /api/services/types/all
2026-02-17 23:22:08 [info]: GET /api/employees
2026-02-17 23:22:08 [info]: GET /api/services
2026-02-17 23:22:08 [info]: GET /api/reports/dashboard
2026-02-17 23:22:08 [info]: GET /api/reports/weekly
2026-02-17 23:25:29 [info]: GET /api/employees
2026-02-17 23:25:29 [info]: GET /api/services/types/all
2026-02-17 23:25:29 [info]: GET /api/employees
2026-02-17 23:25:29 [info]: GET /api/services/types/all
2026-02-17 23:25:30 [info]: GET /api/reports/weekly
2026-02-17 23:25:30 [info]: GET /api/services
2026-02-17 23:25:30 [info]: GET /api/services
2026-02-17 23:25:31 [info]: GET /api/services
2026-02-17 23:25:31 [info]: GET /api/reports/weekly
2026-02-17 23:25:31 [info]: GET /api/services
2026-02-17 23:25:51 [info]: GET /api/employees
2026-02-17 23:25:51 [info]: GET /api/services/types/all
2026-02-17 23:25:51 [info]: GET /api/employees
2026-02-17 23:25:51 [info]: GET /api/services/types/all
2026-02-17 23:25:52 [info]: GET /api/employees
2026-02-17 23:25:52 [info]: GET /api/employees
2026-02-17 23:25:53 [info]: GET /api/employees
2026-02-17 23:25:53 [info]: GET /api/services
2026-02-17 23:25:53 [info]: GET /api/reports/dashboard
2026-02-17 23:25:53 [info]: GET /api/reports/weekly
2026-02-17 23:25:54 [info]: GET /api/services/types/all
2026-02-17 23:25:54 [info]: GET /api/services/types/all
2026-02-17 23:26:04 [info]: GET /api/employees
2026-02-17 23:26:04 [info]: GET /api/employees
2026-02-17 23:26:44 [info]: GET /api/services/types/public
2026-02-17 23:26:44 [info]: GET /api/services/types/public
2026-02-17 23:35:16 [info]: GET /api/services/types/public
2026-02-17 23:35:16 [info]: GET /api/services/types/public
2026-02-17 23:35:35 [info]: GET /api/services/types/public
2026-02-17 23:35:35 [info]: GET /api/services/types/public
2026-02-17 23:41:01 [info]: GET /api/employees
2026-02-17 23:41:01 [info]: GET /api/services
2026-02-17 23:41:01 [info]: GET /api/reports/dashboard
2026-02-17 23:41:01 [info]: GET /api/reports/weekly
2026-02-17 23:41:01 [info]: GET /api/employees
2026-02-17 23:41:01 [info]: GET /api/services
2026-02-17 23:41:01 [info]: GET /api/reports/dashboard
2026-02-17 23:41:01 [info]: GET /api/reports/weekly
2026-02-17 23:41:04 [info]: GET /api/employees
2026-02-17 23:41:04 [info]: GET /api/services
2026-02-17 23:41:04 [info]: GET /api/reports/dashboard
2026-02-17 23:41:04 [info]: GET /api/reports/weekly
2026-02-17 23:41:04 [info]: GET /api/employees
2026-02-17 23:41:04 [info]: GET /api/services
2026-02-17 23:41:04 [info]: GET /api/reports/dashboard
2026-02-17 23:41:04 [info]: GET /api/reports/weekly
2026-02-17 23:41:12 [info]: GET /api/services/types/public
2026-02-17 23:41:12 [info]: GET /api/services/types/public
2026-02-17 23:41:16 [info]: GET /api/employees
2026-02-17 23:41:16 [info]: GET /api/services
2026-02-17 23:41:16 [info]: GET /api/reports/dashboard
2026-02-17 23:41:16 [info]: GET /api/reports/weekly
2026-02-17 23:41:16 [info]: GET /api/reports/dashboard
2026-02-17 23:41:16 [info]: GET /api/employees
2026-02-17 23:41:16 [info]: GET /api/services
2026-02-17 23:41:16 [info]: GET /api/reports/weekly
2026-02-18 00:37:30 [info]: GET /api/employees
2026-02-18 00:37:30 [info]: GET /api/reports/dashboard
2026-02-18 00:37:30 [info]: GET /api/services
2026-02-18 00:37:30 [info]: GET /api/reports/weekly
2026-02-18 00:37:30 [info]: GET /api/employees
2026-02-18 00:37:30 [info]: GET /api/reports/dashboard
2026-02-18 00:37:30 [info]: GET /api/services
2026-02-18 00:37:30 [info]: GET /api/reports/weekly
2026-02-18 12:08:25 [info]: ✅ Database connected successfully
2026-02-18 12:08:25 [info]: 🚀 Server running on port 3001
2026-02-18 12:08:25 [info]: 📊 Environment: development
2026-02-18 12:08:25 [info]: 🔗 API URL: http://localhost:3001/api
2026-02-18 12:28:37 [info]: GET /api/services/types/public
2026-02-18 12:28:38 [info]: GET /api/services/types/public
2026-02-18 12:28:46 [info]: GET /api/services/types/public
2026-02-18 12:28:46 [info]: GET /api/services/types/public
2026-02-18 12:34:11 [info]: POST /api/auth/login
2026-02-18 12:34:12 [info]: User logged in: matias@gmail.com
2026-02-18 12:34:12 [info]: GET /api/employees
2026-02-18 12:34:12 [info]: GET /api/reports/weekly
2026-02-18 12:34:12 [info]: GET /api/services
2026-02-18 12:34:12 [info]: GET /api/reports/dashboard
2026-02-18 12:34:12 [info]: GET /api/employees
2026-02-18 12:34:12 [info]: GET /api/services
2026-02-18 12:34:12 [info]: GET /api/services
2026-02-18 12:34:12 [info]: GET /api/services
2026-02-18 12:34:12 [info]: GET /api/reports/weekly
2026-02-18 12:34:12 [info]: GET /api/employees
2026-02-18 12:34:12 [info]: GET /api/reports/weekly
2026-02-18 12:34:12 [info]: GET /api/employees
2026-02-18 12:34:12 [info]: GET /api/reports/weekly
2026-02-18 12:34:12 [info]: GET /api/reports/dashboard
2026-02-18 12:34:12 [info]: GET /api/reports/dashboard
2026-02-18 12:34:12 [info]: GET /api/reports/dashboard
2026-02-18 12:35:15 [info]: POST /api/auth/login
2026-02-18 12:35:16 [info]: User logged in: matias@gmail.com
2026-02-18 12:35:16 [info]: GET /api/employees
2026-02-18 12:35:16 [info]: GET /api/services
2026-02-18 12:35:16 [info]: GET /api/reports/dashboard
2026-02-18 12:35:16 [info]: GET /api/reports/weekly
2026-02-18 12:35:16 [info]: GET /api/employees
2026-02-18 12:35:16 [info]: GET /api/services
2026-02-18 12:35:16 [info]: GET /api/reports/weekly
2026-02-18 12:35:16 [info]: GET /api/employees
2026-02-18 12:35:16 [info]: GET /api/reports/dashboard
2026-02-18 12:35:16 [info]: GET /api/reports/weekly
2026-02-18 12:35:16 [info]: GET /api/services
2026-02-18 12:35:16 [info]: GET /api/employees
2026-02-18 12:35:16 [info]: GET /api/reports/weekly
2026-02-18 12:35:16 [info]: GET /api/services
2026-02-18 12:35:16 [info]: GET /api/reports/dashboard
2026-02-18 12:35:16 [info]: GET /api/reports/dashboard
2026-02-18 12:35:24 [info]: GET /api/employees
2026-02-18 12:35:24 [info]: GET /api/employees
2026-02-18 12:36:00 [info]: POST /api/employees
2026-02-18 12:36:00 [error]: Error: La contraseña debe contener al menos una mayúscula
    at Function.createEmployee (C:\Users\matia\Downloads\Kimi_Agent_Panel Admin Peluquería Completo\barbershop-admin\backend\src\services\employee.service.ts:27:13)
    at C:\Users\matia\Downloads\Kimi_Agent_Panel Admin Peluquería Completo\barbershop-admin\backend\src\controllers\employee.controller.ts:54:22
2026-02-18 12:39:22 [info]: ✅ Database connected successfully
2026-02-18 12:39:22 [info]: 🚀 Server running on port 3001
2026-02-18 12:39:22 [info]: 📊 Environment: development
2026-02-18 12:39:22 [info]: 🔗 API URL: http://localhost:3001/api
2026-02-18 12:49:56 [info]: POST /api/employees
2026-02-18 12:49:56 [error]: Error: La contraseña debe contener al menos una mayúscula
    at Function.createEmployee (C:\Users\matia\Downloads\Kimi_Agent_Panel Admin Peluquería Completo\barbershop-admin\backend\src\services\employee.service.ts:27:13)
    at C:\Users\matia\Downloads\Kimi_Agent_Panel Admin Peluquería Completo\barbershop-admin\backend\src\controllers\employee.controller.ts:67:22
2026-02-18 12:50:32 [info]: POST /api/employees
2026-02-18 12:50:32 [warn]: Invalid or expired token attempt
2026-02-18 12:50:32 [info]: POST /api/auth/refresh
2026-02-18 12:50:32 [info]: POST /api/employees
2026-02-18 12:50:32 [error]: ZodError: [
  {
    "code": "too_small",
    "minimum": 2,
    "type": "string",
    "inclusive": true,
    "exact": false,
    "message": "El nombre es requerido",
    "path": [
      "body",
      "firstName"
    ]
  }
]
    at Object.get error [as error] (C:\Users\matia\Downloads\Kimi_Agent_Panel Admin Peluquería Completo\barbershop-admin\backend\node_modules\zod\v3\types.cjs:45:31)
    at ZodObject.parse (C:\Users\matia\Downloads\Kimi_Agent_Panel Admin Peluquería Completo\barbershop-admin\backend\node_modules\zod\v3\types.cjs:120:22)
    at C:\Users\matia\Downloads\Kimi_Agent_Panel Admin Peluquería Completo\barbershop-admin\backend\src\controllers\employee.controller.ts:64:39
    at C:\Users\matia\Downloads\Kimi_Agent_Panel Admin Peluquería Completo\barbershop-admin\backend\src\middleware\error.middleware.ts:90:21
    at Layer.handle [as handle_request] (C:\Users\matia\Downloads\Kimi_Agent_Panel Admin Peluquería Completo\barbershop-admin\backend\node_modules\express\lib\router\layer.js:95:5)
    at next (C:\Users\matia\Downloads\Kimi_Agent_Panel Admin Peluquería Completo\barbershop-admin\backend\node_modules\express\lib\router\route.js:149:13)
    at C:\Users\matia\Downloads\Kimi_Agent_Panel Admin Peluquería Completo\barbershop-admin\backend\node_modules\express-rate-limit\dist\index.cjs:706:9
    at processTicksAndRejections (node:internal/process/task_queues:105:5)
    at C:\Users\matia\Downloads\Kimi_Agent_Panel Admin Peluquería Completo\barbershop-admin\backend\node_modules\express-rate-limit\dist\index.cjs:691:5
2026-02-18 12:50:52 [info]: POST /api/employees
2026-02-18 12:50:52 [error]: Error: La contraseña debe contener al menos un carácter especial
    at Function.createEmployee (C:\Users\matia\Downloads\Kimi_Agent_Panel Admin Peluquería Completo\barbershop-admin\backend\src\services\employee.service.ts:27:13)
    at C:\Users\matia\Downloads\Kimi_Agent_Panel Admin Peluquería Completo\barbershop-admin\backend\src\controllers\employee.controller.ts:67:22
2026-02-18 12:51:15 [info]: POST /api/employees
2026-02-18 12:51:16 [info]: Employee created: Marlon Ttito
2026-02-18 12:51:16 [info]: GET /api/employees
2026-02-18 12:53:54 [info]: GET /api/employees
2026-02-18 12:55:11 [info]: POST /api/employees
2026-02-18 12:55:11 [error]: Error: La contraseña debe contener al menos una mayúscula
    at Function.createEmployee (C:\Users\matia\Downloads\Kimi_Agent_Panel Admin Peluquería Completo\barbershop-admin\backend\src\services\employee.service.ts:27:13)
    at C:\Users\matia\Downloads\Kimi_Agent_Panel Admin Peluquería Completo\barbershop-admin\backend\src\controllers\employee.controller.ts:67:22
2026-02-18 12:55:34 [info]: POST /api/auth/login
2026-02-18 12:55:35 [info]: User logged in: marlon@gmail.com
2026-02-18 13:00:44 [info]: GET /api/services/types/public
2026-02-18 13:00:44 [info]: GET /api/services/types/public
2026-02-18 13:13:56 [info]: ✅ Database connected successfully
2026-02-18 13:13:56 [info]: 🚀 Server running on port 3001
2026-02-18 13:13:56 [info]: 📊 Environment: development
2026-02-18 13:13:56 [info]: 🔗 API URL: http://localhost:3001/api
2026-02-18 13:14:34 [info]: ✅ Database connected successfully
2026-02-18 13:14:34 [info]: 🚀 Server running on port 3001
2026-02-18 13:14:34 [info]: 📊 Environment: development
2026-02-18 13:14:34 [info]: 🔗 API URL: http://localhost:3001/api
2026-02-18 13:16:04 [info]: GET /api/employees/me/profile
2026-02-18 13:16:04 [warn]: Invalid or expired token attempt
2026-02-18 13:16:04 [info]: GET /api/employees/me/services
2026-02-18 13:16:04 [warn]: Invalid or expired token attempt
2026-02-18 13:16:04 [info]: GET /api/employees/me/report
2026-02-18 13:16:04 [warn]: Invalid or expired token attempt
2026-02-18 13:16:04 [info]: GET /api/employees/me/report
2026-02-18 13:16:04 [warn]: Invalid or expired token attempt
2026-02-18 13:16:04 [info]: GET /api/employees/me/earnings
2026-02-18 13:16:04 [warn]: Invalid or expired token attempt
2026-02-18 13:16:04 [info]: POST /api/auth/refresh
2026-02-18 13:16:04 [info]: GET /api/employees/me/profile
2026-02-18 13:16:04 [info]: GET /api/employees/me/services
2026-02-18 13:16:04 [info]: GET /api/employees/me/report
2026-02-18 13:16:04 [info]: GET /api/employees/me/report
2026-02-18 13:16:04 [info]: GET /api/employees/me/earnings
2026-02-18 13:22:55 [info]: ✅ Database connected successfully
2026-02-18 13:22:55 [info]: 🚀 Server running on port 3001
2026-02-18 13:22:55 [info]: 📊 Environment: development
2026-02-18 13:22:55 [info]: 🔗 API URL: http://localhost:3001/api
2026-02-18 13:23:06 [info]: ✅ Database connected successfully
2026-02-18 13:23:06 [info]: 🚀 Server running on port 3001
2026-02-18 13:23:06 [info]: 📊 Environment: development
2026-02-18 13:23:06 [info]: 🔗 API URL: http://localhost:3001/api
2026-02-18 13:24:22 [info]: GET /api/employees/me/profile
2026-02-18 13:24:22 [info]: GET /api/employees/me/services
2026-02-18 13:24:22 [info]: GET /api/employees/me/report
2026-02-18 13:24:22 [info]: GET /api/employees/me/report
2026-02-18 13:24:22 [info]: GET /api/employees/me/earnings
2026-02-18 13:42:29 [info]: GET /api/employees/me/profile
2026-02-18 13:42:29 [warn]: Invalid or expired token attempt
2026-02-18 13:42:29 [info]: GET /api/employees/me/services
2026-02-18 13:42:29 [warn]: Invalid or expired token attempt
2026-02-18 13:42:29 [info]: GET /api/employees/me/report
2026-02-18 13:42:29 [warn]: Invalid or expired token attempt
2026-02-18 13:42:29 [info]: GET /api/employees/me/report
2026-02-18 13:42:29 [warn]: Invalid or expired token attempt
2026-02-18 13:42:29 [info]: GET /api/employees/me/earnings
2026-02-18 13:42:29 [warn]: Invalid or expired token attempt
2026-02-18 13:42:29 [info]: GET /api/employees/me/profile
2026-02-18 13:42:29 [warn]: Invalid or expired token attempt
2026-02-18 13:42:29 [info]: GET /api/employees/me/services
2026-02-18 13:42:29 [warn]: Invalid or expired token attempt
2026-02-18 13:42:29 [info]: GET /api/employees/me/report
2026-02-18 13:42:29 [warn]: Invalid or expired token attempt
2026-02-18 13:42:29 [info]: GET /api/employees/me/report
2026-02-18 13:42:29 [warn]: Invalid or expired token attempt
2026-02-18 13:42:29 [info]: GET /api/employees/me/earnings
2026-02-18 13:42:29 [warn]: Invalid or expired token attempt
2026-02-18 13:42:30 [info]: POST /api/auth/refresh
2026-02-18 13:42:30 [info]: GET /api/employees/me/profile
2026-02-18 13:42:30 [info]: GET /api/employees/me/services
2026-02-18 13:42:30 [info]: GET /api/employees/me/report
2026-02-18 13:42:30 [info]: GET /api/employees/me/report
2026-02-18 13:42:30 [info]: GET /api/employees/me/earnings
2026-02-18 13:42:30 [info]: GET /api/employees/me/profile
2026-02-18 13:42:30 [info]: GET /api/employees/me/services
2026-02-18 13:42:30 [info]: GET /api/employees/me/report
2026-02-18 13:42:30 [info]: GET /api/employees/me/report
2026-02-18 13:42:30 [info]: GET /api/employees/me/earnings
2026-02-18 15:00:15 [info]: GET /api/employees/me/profile
2026-02-18 15:00:15 [warn]: Invalid or expired token attempt
2026-02-18 15:00:15 [info]: GET /api/employees/me/services
2026-02-18 15:00:15 [warn]: Invalid or expired token attempt
2026-02-18 15:00:15 [info]: GET /api/employees/me/report
2026-02-18 15:00:15 [warn]: Invalid or expired token attempt
2026-02-18 15:00:15 [info]: GET /api/employees/me/report
2026-02-18 15:00:15 [warn]: Invalid or expired token attempt
2026-02-18 15:00:15 [info]: GET /api/employees/me/earnings
2026-02-18 15:00:15 [warn]: Invalid or expired token attempt
2026-02-18 15:00:15 [info]: GET /api/employees/me/profile
2026-02-18 15:00:15 [warn]: Invalid or expired token attempt
2026-02-18 15:00:15 [info]: GET /api/employees/me/services
2026-02-18 15:00:15 [warn]: Invalid or expired token attempt
2026-02-18 15:00:15 [info]: GET /api/employees/me/report
2026-02-18 15:00:15 [warn]: Invalid or expired token attempt
2026-02-18 15:00:15 [info]: GET /api/employees/me/report
2026-02-18 15:00:15 [warn]: Invalid or expired token attempt
2026-02-18 15:00:15 [info]: GET /api/employees/me/earnings
2026-02-18 15:00:15 [warn]: Invalid or expired token attempt
2026-02-18 15:00:16 [info]: POST /api/auth/refresh
2026-02-18 15:00:16 [info]: GET /api/employees/me/profile
2026-02-18 15:00:16 [info]: GET /api/employees/me/services
2026-02-18 15:00:16 [info]: GET /api/employees/me/report
2026-02-18 15:00:16 [info]: GET /api/employees/me/report
2026-02-18 15:00:16 [info]: GET /api/employees/me/earnings
2026-02-18 15:00:16 [info]: GET /api/employees/me/profile
2026-02-18 15:00:16 [info]: GET /api/employees/me/report
2026-02-18 15:00:16 [info]: GET /api/employees/me/services
2026-02-18 15:00:16 [info]: GET /api/employees/me/report
2026-02-18 15:00:16 [info]: GET /api/employees/me/earnings
2026-02-18 15:12:23 [info]: GET /api/employees/me/profile
2026-02-18 15:12:23 [info]: GET /api/employees/me/report
2026-02-18 15:12:23 [info]: GET /api/employees/me/services
2026-02-18 15:12:23 [info]: GET /api/employees/me/report
2026-02-18 15:12:23 [info]: GET /api/employees/me/earnings
2026-02-18 15:12:23 [info]: GET /api/employees/me/profile
2026-02-18 15:12:23 [info]: GET /api/employees/me/report
2026-02-18 15:12:23 [info]: GET /api/employees/me/services
2026-02-18 15:12:23 [info]: GET /api/employees/me/earnings
2026-02-18 15:12:23 [info]: GET /api/employees/me/report
2026-02-18 16:49:56 [info]: POST /api/auth/login
2026-02-18 16:50:01 [info]: User logged in: matias@gmail.com
2026-02-18 16:50:02 [info]: GET /api/employees
2026-02-18 16:50:02 [info]: GET /api/services
2026-02-18 16:50:02 [info]: GET /api/reports/dashboard
2026-02-18 16:50:02 [info]: GET /api/reports/weekly
2026-02-18 16:50:03 [info]: GET /api/employees
2026-02-18 16:50:03 [info]: GET /api/reports/weekly
2026-02-18 16:50:03 [info]: GET /api/employees
2026-02-18 16:50:03 [info]: GET /api/services
2026-02-18 16:50:03 [info]: GET /api/reports/weekly
2026-02-18 16:50:03 [info]: GET /api/employees
2026-02-18 16:50:03 [info]: GET /api/services
2026-02-18 16:50:03 [info]: GET /api/reports/dashboard
2026-02-18 16:50:04 [info]: GET /api/reports/weekly
2026-02-18 16:50:04 [info]: GET /api/services
2026-02-18 16:50:04 [info]: GET /api/reports/dashboard
2026-02-18 16:50:04 [info]: GET /api/reports/dashboard
2026-02-18 16:50:11 [info]: GET /api/services/types/all
2026-02-18 16:50:11 [info]: GET /api/employees
2026-02-18 16:50:11 [info]: GET /api/services/types/all
2026-02-18 16:50:11 [info]: GET /api/employees
2026-02-18 16:50:27 [info]: POST /api/services
2026-02-18 16:50:27 [info]: POST /api/services
2026-02-18 16:50:27 [info]: Service created: 3a4e019e-7a66-4cb4-99e9-cc4f58293e99 for employee c431387d-45c4-4ac9-97ee-6cd5c653f0cf
2026-02-18 16:50:27 [info]: Service created: 7ff96673-3c7a-472b-91ad-e4bfa6a671af for employee c431387d-45c4-4ac9-97ee-6cd5c653f0cf
2026-02-18 16:50:27 [info]: GET /api/employees
2026-02-18 16:50:27 [info]: GET /api/services
2026-02-18 16:50:27 [info]: GET /api/reports/dashboard
2026-02-18 16:50:27 [info]: GET /api/reports/weekly
2026-02-18 16:50:29 [info]: GET /api/employees
2026-02-18 16:50:29 [info]: GET /api/services
2026-02-18 16:50:29 [info]: GET /api/reports/dashboard
2026-02-18 16:50:29 [info]: GET /api/reports/weekly
2026-02-18 16:50:53 [info]: POST /api/auth/login
2026-02-18 16:50:56 [info]: User logged in: marlon@gmail.com
2026-02-18 16:50:56 [info]: GET /api/employees/me/earnings
2026-02-18 16:50:56 [info]: GET /api/employees/me/profile
2026-02-18 16:50:56 [info]: GET /api/employees/me/services
2026-02-18 16:50:56 [info]: GET /api/employees/me/report
2026-02-18 16:50:56 [info]: GET /api/employees/me/report
2026-02-18 16:50:56 [info]: GET /api/employees/me/profile
2026-02-18 16:50:56 [info]: GET /api/employees/me/services
2026-02-18 16:50:56 [info]: GET /api/employees/me/report
2026-02-18 16:50:56 [info]: GET /api/employees/me/report
2026-02-18 16:50:56 [info]: GET /api/employees/me/earnings
2026-02-18 16:56:25 [info]: GET /api/services/types/public
2026-02-18 16:56:25 [info]: GET /api/services/types/public
2026-02-18 18:48:37 [info]: GET /api/services/types/public
2026-02-18 18:48:37 [info]: GET /api/services/types/public
2026-02-18 18:52:23 [info]: GET /api/services/types/public
2026-02-18 18:52:23 [info]: GET /api/services/types/public
2026-02-18 19:09:25 [info]: POST /api/auth/login
2026-02-18 19:09:26 [info]: User logged in: matias@gmail.com
2026-02-18 19:09:27 [info]: GET /api/services
2026-02-18 19:09:27 [info]: GET /api/reports/dashboard
2026-02-18 19:09:27 [info]: GET /api/employees
2026-02-18 19:09:27 [info]: GET /api/reports/weekly
2026-02-18 19:09:27 [info]: GET /api/services
2026-02-18 19:09:27 [info]: GET /api/services
2026-02-18 19:09:27 [info]: GET /api/services
2026-02-18 19:09:27 [info]: GET /api/employees
2026-02-18 19:09:27 [info]: GET /api/reports/weekly
2026-02-18 19:09:27 [info]: GET /api/employees
2026-02-18 19:09:27 [info]: GET /api/reports/dashboard
2026-02-18 19:09:27 [info]: GET /api/reports/weekly
2026-02-18 19:09:27 [info]: GET /api/employees
2026-02-18 19:09:27 [info]: GET /api/reports/weekly
2026-02-18 19:09:27 [info]: GET /api/reports/dashboard
2026-02-18 19:09:27 [info]: GET /api/reports/dashboard
2026-02-18 19:09:31 [info]: GET /api/employees
2026-02-18 19:09:31 [info]: GET /api/employees
2026-02-18 19:09:33 [info]: GET /api/services/types/all
2026-02-18 19:09:33 [info]: GET /api/services/types/all
2026-02-18 19:09:36 [info]: GET /api/employees
2026-02-18 19:09:36 [info]: GET /api/services/types/all
2026-02-18 19:09:36 [info]: GET /api/employees
2026-02-18 19:09:36 [info]: GET /api/services/types/all
2026-02-18 19:09:44 [info]: GET /api/reports/weekly
2026-02-18 19:09:44 [info]: GET /api/services
2026-02-18 19:09:44 [info]: GET /api/services
2026-02-18 19:09:44 [info]: GET /api/reports/weekly
2026-02-18 19:09:44 [info]: GET /api/services
2026-02-18 19:09:44 [info]: GET /api/services
2026-02-18 19:10:58 [info]: POST /api/auth/login
2026-02-18 19:11:01 [warn]: Failed login attempt for: marlon@gmail.com
2026-02-18 19:11:01 [error]: Error: Credenciales inválidas
    at Function.login (C:\Users\matia\Downloads\Kimi_Agent_Panel Admin Peluquería Completo\barbershop-admin\backend\src\services\auth.service.ts:34:13)
    at C:\Users\matia\Downloads\Kimi_Agent_Panel Admin Peluquería Completo\barbershop-admin\backend\src\controllers\auth.controller.ts:44:20
2026-02-18 19:11:10 [info]: POST /api/auth/login
2026-02-18 19:11:13 [info]: User logged in: marlon@gmail.com
2026-02-18 19:11:13 [info]: GET /api/employees/me/profile
2026-02-18 19:11:13 [info]: GET /api/employees/me/services
2026-02-18 19:11:13 [info]: GET /api/employees/me/earnings
2026-02-18 19:11:13 [info]: GET /api/employees/me/report
2026-02-18 19:11:13 [info]: GET /api/employees/me/report
2026-02-18 19:11:13 [info]: GET /api/employees/me/profile
2026-02-18 19:11:13 [info]: GET /api/employees/me/services
2026-02-18 19:11:13 [info]: GET /api/employees/me/report
2026-02-18 19:11:13 [info]: GET /api/employees/me/report
2026-02-18 19:11:13 [info]: GET /api/employees/me/earnings
2026-02-18 19:15:28 [info]: GET /api/services/types/public
2026-02-18 19:15:28 [info]: GET /api/services/types/public
2026-02-18 21:55:53 [info]: GET /api/services/types/public
2026-02-18 21:55:53 [info]: GET /api/services/types/public
2026-02-18 21:56:06 [info]: GET /api/services/types/public
2026-02-18 21:56:06 [info]: GET /api/services/types/public
2026-02-18 21:56:28 [info]: POST /api/auth/login
2026-02-18 21:56:29 [warn]: Failed login attempt for: matias@gmail.com
2026-02-18 21:56:29 [error]: Error: Credenciales inválidas
    at Function.login (C:\Users\matia\Downloads\Kimi_Agent_Panel Admin Peluquería Completo\barbershop-admin\backend\src\services\auth.service.ts:34:13)
    at C:\Users\matia\Downloads\Kimi_Agent_Panel Admin Peluquería Completo\barbershop-admin\backend\src\controllers\auth.controller.ts:44:20
2026-02-18 21:56:42 [info]: POST /api/auth/login
2026-02-18 21:56:43 [info]: User logged in: marlon@gmail.com
2026-02-18 21:56:43 [info]: GET /api/employees/me/profile
2026-02-18 21:56:43 [info]: GET /api/employees/me/services
2026-02-18 21:56:43 [info]: GET /api/employees/me/report
2026-02-18 21:56:43 [info]: GET /api/employees/me/report
2026-02-18 21:56:43 [info]: GET /api/employees/me/earnings
2026-02-18 21:56:43 [info]: GET /api/employees/me/profile
2026-02-18 21:56:44 [info]: GET /api/employees/me/services
2026-02-18 21:56:44 [info]: GET /api/employees/me/report
2026-02-18 21:56:44 [info]: GET /api/employees/me/report
2026-02-18 21:56:44 [info]: GET /api/employees/me/earnings
2026-02-18 21:56:55 [info]: GET /api/services/types/public
2026-02-18 21:56:55 [info]: GET /api/services/types/public
2026-02-18 21:57:36 [info]: GET /api/services/types/public
2026-02-18 21:57:36 [info]: GET /api/services/types/public
2026-02-18 22:05:46 [info]: GET /api/services/types/public
2026-02-18 22:05:46 [info]: GET /api/services/types/public
2026-02-18 22:06:28 [info]: GET /api/services/types/public
2026-02-18 22:06:28 [info]: GET /api/services/types/public
2026-02-18 22:06:44 [info]: POST /api/auth/login
2026-02-18 22:06:44 [warn]: Login attempt with non-existent email: matias@tecsup.edu.pe
2026-02-18 22:06:44 [error]: Error: Credenciales inválidas
    at Function.login (C:\Users\matia\Downloads\Kimi_Agent_Panel Admin Peluquería Completo\barbershop-admin\backend\src\services\auth.service.ts:22:13)
    at C:\Users\matia\Downloads\Kimi_Agent_Panel Admin Peluquería Completo\barbershop-admin\backend\src\controllers\auth.controller.ts:44:20
2026-02-18 22:06:57 [info]: POST /api/auth/login
2026-02-18 22:06:57 [info]: User logged in: matias@gmail.com
2026-02-18 22:06:58 [info]: GET /api/employees
2026-02-18 22:06:58 [info]: GET /api/services
2026-02-18 22:06:58 [info]: GET /api/reports/dashboard
2026-02-18 22:06:58 [info]: GET /api/reports/weekly
2026-02-18 22:06:58 [info]: GET /api/employees
2026-02-18 22:06:58 [info]: GET /api/employees
2026-02-18 22:06:58 [info]: GET /api/employees
2026-02-18 22:06:58 [info]: GET /api/services
2026-02-18 22:06:58 [info]: GET /api/reports/weekly
2026-02-18 22:06:58 [info]: GET /api/reports/dashboard
2026-02-18 22:06:58 [info]: GET /api/services
2026-02-18 22:06:58 [info]: GET /api/reports/weekly
2026-02-18 22:06:58 [info]: GET /api/services
2026-02-18 22:06:58 [info]: GET /api/reports/weekly
2026-02-18 22:06:58 [info]: GET /api/reports/dashboard
2026-02-18 22:06:58 [info]: GET /api/reports/dashboard
2026-02-18 22:07:05 [info]: GET /api/employees
2026-02-18 22:07:05 [info]: GET /api/services
2026-02-18 22:07:05 [info]: GET /api/reports/dashboard
2026-02-18 22:07:05 [info]: GET /api/reports/weekly
2026-02-18 22:07:05 [info]: GET /api/employees
2026-02-18 22:07:05 [info]: GET /api/services
2026-02-18 22:07:05 [info]: GET /api/reports/weekly
2026-02-18 22:07:05 [info]: GET /api/employees
2026-02-18 22:07:05 [info]: GET /api/services
2026-02-18 22:07:05 [info]: GET /api/reports/dashboard
2026-02-18 22:07:05 [info]: GET /api/reports/weekly
2026-02-18 22:07:06 [info]: GET /api/employees
2026-02-18 22:07:06 [info]: GET /api/services
2026-02-18 22:07:06 [info]: GET /api/reports/weekly
2026-02-18 22:07:06 [info]: GET /api/reports/dashboard
2026-02-18 22:07:06 [info]: GET /api/reports/dashboard
2026-02-18 22:07:15 [info]: GET /api/employees
2026-02-18 22:07:15 [info]: GET /api/services
2026-02-18 22:07:15 [info]: GET /api/reports/dashboard
2026-02-18 22:07:15 [info]: GET /api/reports/weekly
2026-02-18 22:07:15 [info]: GET /api/employees
2026-02-18 22:07:15 [info]: GET /api/services
2026-02-18 22:07:15 [info]: GET /api/reports/weekly
2026-02-18 22:07:15 [info]: GET /api/employees
2026-02-18 22:07:15 [info]: GET /api/services
2026-02-18 22:07:15 [info]: GET /api/reports/dashboard
2026-02-18 22:07:15 [info]: GET /api/employees
2026-02-18 22:07:15 [info]: GET /api/reports/weekly
2026-02-18 22:07:15 [info]: GET /api/services
2026-02-18 22:07:15 [info]: GET /api/reports/weekly
2026-02-18 22:07:15 [info]: GET /api/reports/dashboard
2026-02-18 22:07:15 [info]: GET /api/reports/dashboard
2026-02-18 22:07:25 [info]: GET /api/employees
2026-02-18 22:07:25 [info]: GET /api/services
2026-02-18 22:07:25 [info]: GET /api/reports/dashboard
2026-02-18 22:07:25 [info]: GET /api/reports/weekly
2026-02-18 22:07:25 [info]: GET /api/employees
2026-02-18 22:07:25 [info]: GET /api/services
2026-02-18 22:07:25 [info]: GET /api/reports/weekly
2026-02-18 22:07:25 [info]: GET /api/employees
2026-02-18 22:07:25 [info]: GET /api/reports/dashboard
2026-02-18 22:07:25 [info]: GET /api/services
2026-02-18 22:07:25 [info]: GET /api/reports/weekly
2026-02-18 22:07:25 [info]: GET /api/employees
2026-02-18 22:07:25 [info]: GET /api/services
2026-02-18 22:07:25 [info]: GET /api/reports/weekly
2026-02-18 22:07:25 [info]: GET /api/reports/dashboard
2026-02-18 22:07:25 [info]: GET /api/reports/dashboard
2026-02-18 22:07:34 [info]: GET /api/employees
2026-02-18 22:07:34 [info]: GET /api/employees
2026-02-18 22:07:34 [info]: GET /api/services/types/all
2026-02-18 22:07:34 [info]: GET /api/services/types/all
2026-02-18 22:07:35 [info]: GET /api/employees
2026-02-18 22:07:35 [info]: GET /api/services/types/all
2026-02-18 22:07:35 [info]: GET /api/employees
2026-02-18 22:07:35 [info]: GET /api/services/types/all
2026-02-18 22:07:37 [info]: GET /api/services
2026-02-18 22:07:37 [info]: GET /api/services
2026-02-18 22:07:37 [info]: GET /api/reports/weekly
2026-02-18 22:07:37 [info]: GET /api/services
2026-02-18 22:07:37 [info]: GET /api/services
2026-02-18 22:07:37 [info]: GET /api/reports/weekly
2026-02-18 22:07:40 [info]: GET /api/reports/weekly
2026-02-18 22:07:40 [info]: GET /api/services
2026-02-18 22:07:40 [info]: GET /api/services
2026-02-18 22:07:40 [info]: GET /api/reports/weekly
2026-02-18 22:07:40 [info]: GET /api/services
2026-02-18 22:07:40 [info]: GET /api/services
2026-02-18 22:11:57 [info]: GET /api/reports/weekly
2026-02-18 22:11:57 [info]: GET /api/services
2026-02-18 22:11:57 [info]: GET /api/services
2026-02-18 22:11:57 [info]: GET /api/reports/weekly
2026-02-18 22:11:57 [info]: GET /api/services
2026-02-18 22:11:57 [info]: GET /api/services
2026-02-18 22:12:11 [info]: GET /api/employees
2026-02-18 22:12:11 [info]: GET /api/services/types/all
2026-02-18 22:12:11 [info]: GET /api/services/types/all
2026-02-18 22:12:11 [info]: GET /api/employees
2026-02-18 22:12:22 [info]: GET /api/services/types/all
2026-02-18 22:12:22 [info]: GET /api/services/types/all
2026-02-18 22:12:23 [info]: GET /api/employees
2026-02-18 22:12:23 [info]: GET /api/employees
2026-02-18 22:12:24 [info]: GET /api/employees
2026-02-18 22:12:24 [info]: GET /api/services
2026-02-18 22:12:24 [info]: GET /api/reports/dashboard
2026-02-18 22:12:25 [info]: GET /api/reports/weekly
2026-02-18 22:12:31 [info]: GET /api/employees
2026-02-18 22:12:31 [info]: GET /api/services/types/all
2026-02-18 22:12:31 [info]: GET /api/services/types/all
2026-02-18 22:12:31 [info]: GET /api/employees
2026-02-18 22:12:46 [info]: POST /api/auth/login
2026-02-18 22:12:47 [warn]: Failed login attempt for: marlon@gmail.com
2026-02-18 22:12:47 [error]: Error: Credenciales inválidas
    at Function.login (C:\Users\matia\Downloads\Kimi_Agent_Panel Admin Peluquería Completo\barbershop-admin\backend\src\services\auth.service.ts:34:13)
    at C:\Users\matia\Downloads\Kimi_Agent_Panel Admin Peluquería Completo\barbershop-admin\backend\src\controllers\auth.controller.ts:44:20
2026-02-18 22:12:55 [info]: POST /api/auth/login
2026-02-18 22:12:55 [info]: User logged in: marlon@gmail.com
2026-02-18 22:12:55 [info]: GET /api/employees/me/profile
2026-02-18 22:12:55 [info]: GET /api/employees/me/services
2026-02-18 22:12:55 [info]: GET /api/employees/me/report
2026-02-18 22:12:55 [info]: GET /api/employees/me/report
2026-02-18 22:12:55 [info]: GET /api/employees/me/earnings
2026-02-18 22:12:56 [info]: GET /api/employees/me/profile
2026-02-18 22:12:56 [info]: GET /api/employees/me/services
2026-02-18 22:12:56 [info]: GET /api/employees/me/report
2026-02-18 22:12:56 [info]: GET /api/employees/me/report
2026-02-18 22:12:56 [info]: GET /api/employees/me/earnings
2026-02-18 22:14:56 [info]: GET /api/services/types/public
2026-02-18 22:14:56 [info]: GET /api/services/types/public
2026-02-18 23:44:51 [info]: POST /api/auth/login
2026-02-18 23:44:52 [info]: User logged in: marlon@gmail.com
2026-02-18 23:44:52 [info]: GET /api/employees/me/profile
2026-02-18 23:44:52 [info]: GET /api/employees/me/services
2026-02-18 23:44:52 [info]: GET /api/employees/me/report
2026-02-18 23:44:52 [info]: GET /api/employees/me/report
2026-02-18 23:44:53 [info]: GET /api/employees/me/earnings
2026-02-18 23:44:53 [info]: GET /api/employees/me/profile
2026-02-18 23:44:53 [info]: GET /api/employees/me/earnings
2026-02-18 23:44:53 [info]: GET /api/employees/me/services
2026-02-18 23:44:53 [info]: GET /api/employees/me/report
2026-02-18 23:44:53 [info]: GET /api/employees/me/report
2026-02-19 00:12:13 [info]: GET /api/services/types/public
2026-02-19 00:12:13 [info]: GET /api/services/types/public
2026-02-19 00:22:10 [info]: SIGINT received. Shutting down gracefully...
2026-02-19 15:38:28 [info]: ✅ Database connected successfully
2026-02-19 15:38:28 [info]: 🚀 Server running on port 3001
2026-02-19 15:38:28 [info]: 📊 Environment: development
2026-02-19 15:38:28 [info]: 🔗 API URL: http://localhost:3001/api
2026-02-19 15:45:39 [info]: SIGINT received. Shutting down gracefully...
2026-02-19 15:51:57 [info]: ✅ Database connected successfully
2026-02-19 15:51:57 [info]: 🚀 Server running on port 3001
2026-02-19 15:51:57 [info]: 📊 Environment: development
2026-02-19 15:51:57 [info]: 🔗 API URL: http://localhost:3001/api
2026-02-19 19:04:24 [info]: GET /api/services/types/public
2026-02-19 19:04:27 [info]: GET /api/services/types/public
2026-02-19 19:05:56 [info]: POST /api/auth/login
2026-02-19 19:06:16 [info]: User logged in: matias@gmail.com
2026-02-19 19:06:18 [info]: GET /api/employees
2026-02-19 19:06:18 [info]: GET /api/reports/weekly
2026-02-19 19:06:18 [info]: GET /api/services
2026-02-19 19:06:19 [info]: GET /api/reports/dashboard
2026-02-19 19:06:19 [info]: GET /api/employees
2026-02-19 19:06:20 [info]: GET /api/reports/weekly
2026-02-19 19:06:21 [info]: GET /api/services
2026-02-19 19:06:21 [info]: GET /api/employees
2026-02-19 19:06:21 [info]: GET /api/reports/weekly
2026-02-19 19:06:22 [info]: GET /api/employees
2026-02-19 19:06:22 [info]: GET /api/services
2026-02-19 19:06:22 [info]: GET /api/reports/weekly
2026-02-19 19:06:22 [info]: GET /api/reports/dashboard
2026-02-19 19:06:22 [info]: GET /api/services
2026-02-19 19:06:23 [info]: GET /api/reports/dashboard
2026-02-19 19:06:23 [info]: GET /api/reports/dashboard
2026-02-19 19:06:55 [info]: GET /api/employees
2026-02-19 19:06:55 [info]: GET /api/employees
2026-02-19 19:07:09 [info]: GET /api/services/types/all
2026-02-19 19:07:09 [info]: GET /api/services/types/all
2026-02-19 19:07:10 [info]: GET /api/employees
2026-02-19 19:07:11 [info]: GET /api/services/types/all
2026-02-19 19:07:11 [info]: GET /api/employees
2026-02-19 19:07:11 [info]: GET /api/services/types/all
2026-02-19 19:07:13 [info]: GET /api/reports/weekly
2026-02-19 19:07:13 [info]: GET /api/services
2026-02-19 19:07:13 [info]: GET /api/services
2026-02-19 19:07:13 [info]: GET /api/reports/weekly
2026-02-19 19:07:13 [info]: GET /api/services
2026-02-19 19:07:14 [info]: GET /api/services
2026-02-19 19:07:15 [info]: GET /api/employees
2026-02-19 19:07:15 [info]: GET /api/services
2026-02-19 19:07:15 [info]: GET /api/reports/dashboard
2026-02-19 19:07:15 [info]: GET /api/reports/weekly
2026-02-19 19:07:25 [info]: GET /api/employees
2026-02-19 19:07:25 [info]: GET /api/employees
2026-02-19 19:07:26 [info]: GET /api/services/types/all
2026-02-19 19:07:27 [info]: GET /api/services/types/all
2026-02-19 19:07:28 [info]: GET /api/employees
2026-02-19 19:07:29 [info]: GET /api/services/types/all
2026-02-19 19:07:29 [info]: GET /api/employees
2026-02-19 19:07:29 [info]: GET /api/services/types/all
2026-02-19 19:07:30 [info]: GET /api/employees
2026-02-19 19:07:30 [info]: GET /api/employees
2026-02-19 19:07:31 [info]: GET /api/employees
2026-02-19 19:07:31 [info]: GET /api/services
2026-02-19 19:07:31 [info]: GET /api/reports/dashboard
2026-02-19 19:07:31 [info]: GET /api/reports/weekly
2026-02-19 19:07:36 [info]: GET /api/employees
2026-02-19 19:07:36 [info]: GET /api/employees
2026-02-19 19:07:41 [info]: GET /api/services/types/all
2026-02-19 19:07:41 [info]: GET /api/services/types/all
2026-02-19 19:07:45 [info]: GET /api/employees
2026-02-19 19:07:45 [info]: GET /api/employees
2026-02-19 19:08:17 [info]: POST /api/employees
2026-02-19 19:08:19 [info]: Employee created: Matias matias
2026-02-19 19:08:19 [info]: GET /api/employees
2026-02-19 19:08:26 [info]: GET /api/services/types/all
2026-02-19 19:08:26 [info]: GET /api/services/types/all
2026-02-19 19:08:48 [info]: POST /api/services/types
2026-02-19 19:08:48 [info]: Service type created: Corte nuevo
2026-02-19 19:08:49 [info]: GET /api/services/types/all
2026-02-19 19:08:51 [info]: GET /api/employees
2026-02-19 19:08:51 [info]: GET /api/services/types/all
2026-02-19 19:08:51 [info]: GET /api/employees
2026-02-19 19:08:51 [info]: GET /api/services/types/all
2026-02-19 19:09:30 [info]: POST /api/services
2026-02-19 19:09:30 [info]: POST /api/services
2026-02-19 19:09:30 [info]: POST /api/services
2026-02-19 19:09:30 [info]: Service created: 9133823b-aeda-49b0-aa64-91a1d18b4342 for employee c431387d-45c4-4ac9-97ee-6cd5c653f0cf
2026-02-19 19:09:30 [info]: Service created: 174d8b58-1a88-4710-be29-3dff0238a8b9 for employee c431387d-45c4-4ac9-97ee-6cd5c653f0cf
2026-02-19 19:09:30 [info]: Service created: b3596b28-0025-4b54-88db-7832912eb158 for employee c431387d-45c4-4ac9-97ee-6cd5c653f0cf
2026-02-19 19:09:30 [info]: GET /api/employees
2026-02-19 19:09:30 [info]: GET /api/services
2026-02-19 19:09:30 [info]: GET /api/reports/dashboard
2026-02-19 19:09:30 [info]: GET /api/reports/weekly
2026-02-19 19:09:32 [info]: GET /api/services
2026-02-19 19:09:32 [info]: GET /api/services
2026-02-19 19:09:32 [info]: GET /api/reports/weekly
2026-02-19 19:09:33 [info]: GET /api/services
2026-02-19 19:09:33 [info]: GET /api/services
2026-02-19 19:09:33 [info]: GET /api/reports/weekly
2026-02-19 19:10:04 [info]: POST /api/auth/login
2026-02-19 19:10:12 [warn]: Failed login attempt for: marlon@gmail.com
2026-02-19 19:10:12 [error]: Error: Credenciales inválidas
    at Function.login (C:\Users\matia\Downloads\Kimi_Agent_Panel Admin Peluquería Completo\barbershop-admin\backend\src\services\auth.service.ts:34:13)
    at C:\Users\matia\Downloads\Kimi_Agent_Panel Admin Peluquería Completo\barbershop-admin\backend\src\controllers\auth.controller.ts:44:20
2026-02-19 19:10:16 [info]: POST /api/auth/login
2026-02-19 19:10:21 [info]: User logged in: marlon@gmail.com
2026-02-19 19:10:21 [info]: GET /api/employees/me/profile
2026-02-19 19:10:21 [info]: GET /api/employees/me/services
2026-02-19 19:10:21 [info]: GET /api/employees/me/report
2026-02-19 19:10:21 [info]: GET /api/employees/me/report
2026-02-19 19:10:21 [info]: GET /api/employees/me/earnings
2026-02-19 19:10:21 [info]: GET /api/employees/me/profile
2026-02-19 19:10:21 [info]: GET /api/employees/me/services
2026-02-19 19:10:21 [info]: GET /api/employees/me/report
2026-02-19 19:10:21 [info]: GET /api/employees/me/report
2026-02-19 19:10:21 [info]: GET /api/employees/me/earnings
2026-02-19 19:31:24 [info]: GET /api/services/types/public
2026-02-19 19:31:24 [info]: GET /api/services/types/public
2026-02-19 22:29:32 [info]: ✅ Database connected successfully
2026-02-19 22:29:32 [info]: 🚀 Server running on port 3001
2026-02-19 22:29:32 [info]: 📊 Environment: development
2026-02-19 22:29:32 [info]: 🔗 API URL: http://localhost:3001/api
2026-02-19 22:30:05 [info]: POST /api/auth/login
2026-02-19 22:30:07 [info]: User logged in: marlon@gmail.com
2026-02-19 22:30:08 [info]: GET /api/employees/me/profile
2026-02-19 22:30:08 [info]: GET /api/employees/me/services
2026-02-19 22:30:08 [info]: GET /api/employees/me/report
2026-02-19 22:30:08 [info]: GET /api/employees/me/report
2026-02-19 22:30:08 [info]: GET /api/employees/me/earnings
2026-02-19 22:30:08 [info]: GET /api/employees/me/profile
2026-02-19 22:30:08 [info]: GET /api/employees/me/services
2026-02-19 22:30:08 [info]: GET /api/employees/me/report
2026-02-19 22:30:08 [info]: GET /api/employees/me/report
2026-02-19 22:30:08 [info]: GET /api/employees/me/earnings
2026-02-19 22:30:40 [info]: POST /api/auth/login
2026-02-19 22:30:41 [info]: User logged in: matias@gmail.com
2026-02-19 22:30:41 [info]: GET /api/employees
2026-02-19 22:30:41 [info]: GET /api/services
2026-02-19 22:30:42 [info]: GET /api/reports/dashboard
2026-02-19 22:30:42 [info]: GET /api/reports/weekly
2026-02-19 22:30:42 [info]: GET /api/employees
2026-02-19 22:30:42 [info]: GET /api/services
2026-02-19 22:30:42 [info]: GET /api/reports/weekly
2026-02-19 22:30:42 [info]: GET /api/employees
2026-02-19 22:30:42 [info]: GET /api/services
2026-02-19 22:30:42 [info]: GET /api/reports/dashboard
2026-02-19 22:30:42 [info]: GET /api/reports/weekly
2026-02-19 22:30:42 [info]: GET /api/employees
2026-02-19 22:30:42 [info]: GET /api/services
2026-02-19 22:30:42 [info]: GET /api/reports/weekly
2026-02-19 22:30:42 [info]: GET /api/reports/dashboard
2026-02-19 22:30:43 [info]: GET /api/reports/dashboard
2026-02-19 22:30:49 [info]: GET /api/employees
2026-02-19 22:30:49 [info]: GET /api/services/types/all
2026-02-19 22:30:49 [info]: GET /api/employees
2026-02-19 22:30:49 [info]: GET /api/services/types/all
2026-02-19 22:31:09 [info]: POST /api/services
2026-02-19 22:31:10 [info]: POST /api/services
2026-02-19 22:31:10 [info]: POST /api/services
2026-02-19 22:31:10 [info]: POST /api/services
2026-02-19 22:31:10 [info]: POST /api/services
2026-02-19 22:31:10 [info]: POST /api/services
2026-02-19 22:31:10 [info]: Service created: 5e9c6bb4-5bb2-4d38-b014-210bbc997a3a for employee c431387d-45c4-4ac9-97ee-6cd5c653f0cf
2026-02-19 22:31:10 [info]: Service created: 7a55f008-fc27-457a-8337-49fb48b43b48 for employee c431387d-45c4-4ac9-97ee-6cd5c653f0cf
2026-02-19 22:31:10 [info]: Service created: b9f09eea-5fdf-448a-ba49-dcefa2b201e8 for employee c431387d-45c4-4ac9-97ee-6cd5c653f0cf
2026-02-19 22:31:11 [info]: Service created: 2ced3537-4f60-47de-8803-54d28816db1a for employee c431387d-45c4-4ac9-97ee-6cd5c653f0cf
2026-02-19 22:31:11 [info]: Service created: 6fab4c46-45cd-401b-a63b-8dee49ccfccd for employee c431387d-45c4-4ac9-97ee-6cd5c653f0cf
2026-02-19 22:31:11 [info]: Service created: 012f5ccf-b45b-4063-af54-19b9dbd9239d for employee c431387d-45c4-4ac9-97ee-6cd5c653f0cf
2026-02-19 22:31:11 [info]: POST /api/services
2026-02-19 22:31:11 [info]: Service created: b650e721-bbbd-4265-9932-58c44a2a62b7 for employee c431387d-45c4-4ac9-97ee-6cd5c653f0cf
2026-02-19 22:31:11 [info]: GET /api/reports/dashboard
2026-02-19 22:31:11 [info]: GET /api/services
2026-02-19 22:31:11 [info]: GET /api/employees
2026-02-19 22:31:11 [info]: GET /api/reports/weekly
2026-02-19 22:31:14 [info]: GET /api/employees
2026-02-19 22:31:14 [info]: GET /api/services
2026-02-19 22:31:14 [info]: GET /api/reports/dashboard
2026-02-19 22:31:14 [info]: GET /api/reports/weekly
2026-02-19 22:31:29 [info]: POST /api/auth/login
2026-02-19 22:31:29 [warn]: Failed login attempt for: marlon@gmail.com
2026-02-19 22:31:29 [error]: Error: Credenciales inválidas
    at Function.login (C:\Users\matia\Downloads\Kimi_Agent_Panel Admin Peluquería Completo\barbershop-admin\backend\src\services\auth.service.ts:34:13)
    at C:\Users\matia\Downloads\Kimi_Agent_Panel Admin Peluquería Completo\barbershop-admin\backend\src\controllers\auth.controller.ts:44:20
2026-02-19 22:31:31 [info]: POST /api/auth/login
2026-02-19 22:31:34 [warn]: Failed login attempt for: marlon@gmail.com
2026-02-19 22:31:34 [error]: Error: Credenciales inválidas
    at Function.login (C:\Users\matia\Downloads\Kimi_Agent_Panel Admin Peluquería Completo\barbershop-admin\backend\src\services\auth.service.ts:34:13)
    at C:\Users\matia\Downloads\Kimi_Agent_Panel Admin Peluquería Completo\barbershop-admin\backend\src\controllers\auth.controller.ts:44:20
2026-02-19 22:31:44 [info]: POST /api/auth/login
2026-02-19 22:31:46 [info]: User logged in: marlon@gmail.com
2026-02-19 22:31:47 [info]: GET /api/employees/me/profile
2026-02-19 22:31:47 [info]: GET /api/employees/me/services
2026-02-19 22:31:47 [info]: GET /api/employees/me/report
2026-02-19 22:31:47 [info]: GET /api/employees/me/report
2026-02-19 22:31:47 [info]: GET /api/employees/me/earnings
2026-02-19 22:31:47 [info]: GET /api/employees/me/profile
2026-02-19 22:31:47 [info]: GET /api/employees/me/services
2026-02-19 22:31:47 [info]: GET /api/employees/me/report
2026-02-19 22:31:47 [info]: GET /api/employees/me/report
2026-02-19 22:31:47 [info]: GET /api/employees/me/earnings
2026-02-19 22:39:22 [info]: GET /api/employees/me/profile
2026-02-19 22:39:22 [info]: GET /api/employees/me/services
2026-02-19 22:39:22 [info]: GET /api/employees/me/report
2026-02-19 22:39:22 [info]: GET /api/employees/me/report
2026-02-19 22:39:22 [info]: GET /api/employees/me/earnings
2026-02-19 22:39:50 [info]: GET /api/employees/me/profile
2026-02-19 22:39:50 [info]: GET /api/employees/me/services
2026-02-19 22:39:50 [info]: GET /api/employees/me/report
2026-02-19 22:39:50 [info]: GET /api/employees/me/report
2026-02-19 22:39:50 [info]: GET /api/employees/me/earnings
2026-02-19 22:39:50 [info]: GET /api/employees/me/profile
2026-02-19 22:39:50 [info]: GET /api/employees/me/services
2026-02-19 22:39:50 [info]: GET /api/employees/me/report
2026-02-19 22:39:50 [info]: GET /api/employees/me/report
2026-02-19 22:39:50 [info]: GET /api/employees/me/earnings
2026-02-19 23:07:42 [info]: SIGINT received. Shutting down gracefully...
2026-02-20 20:44:14 [info]: ✅ Database connected successfully
2026-02-20 20:44:14 [info]: 🚀 Server running on port 3001
2026-02-20 20:44:14 [info]: 📊 Environment: development
2026-02-20 20:44:14 [info]: 🔗 API URL: http://localhost:3001/api
2026-02-20 20:45:51 [info]: POST /api/auth/login
2026-02-20 20:45:52 [warn]: Login attempt with non-existent email: matias.cohaila@tecsup.edu.pe
2026-02-20 20:45:52 [error]: Error: Credenciales inválidas
    at Function.login (C:\Users\matia\Downloads\Kimi_Agent_Panel Admin Peluquería Completo\barbershop-admin\backend\src\services\auth.service.ts:22:13)
    at C:\Users\matia\Downloads\Kimi_Agent_Panel Admin Peluquería Completo\barbershop-admin\backend\src\controllers\auth.controller.ts:44:20
2026-02-20 20:45:59 [info]: POST /api/auth/login
2026-02-20 20:45:59 [info]: User logged in: matias@gmail.com
2026-02-20 20:45:59 [info]: GET /api/services
2026-02-20 20:45:59 [info]: GET /api/employees
2026-02-20 20:45:59 [info]: GET /api/reports/dashboard
2026-02-20 20:46:00 [info]: GET /api/reports/weekly
2026-02-20 20:46:00 [info]: GET /api/services
2026-02-20 20:46:00 [info]: GET /api/services
2026-02-20 20:46:00 [info]: GET /api/services
2026-02-20 20:46:00 [info]: GET /api/employees
2026-02-20 20:46:00 [info]: GET /api/employees
2026-02-20 20:46:00 [info]: GET /api/reports/weekly
2026-02-20 20:46:00 [info]: GET /api/employees
2026-02-20 20:46:00 [info]: GET /api/reports/dashboard
2026-02-20 20:46:00 [info]: GET /api/reports/weekly
2026-02-20 20:46:00 [info]: GET /api/reports/weekly
2026-02-20 20:46:00 [info]: GET /api/reports/dashboard
2026-02-20 20:46:00 [info]: GET /api/reports/dashboard
2026-02-20 20:47:15 [info]: GET /api/employees
2026-02-20 20:47:15 [info]: GET /api/employees
2026-02-20 20:47:17 [info]: GET /api/services/types/all
2026-02-20 20:47:17 [info]: GET /api/services/types/all
2026-02-20 20:47:22 [info]: GET /api/employees
2026-02-20 20:47:22 [info]: GET /api/services/types/all
2026-02-20 20:47:22 [info]: GET /api/employees
2026-02-20 20:47:22 [info]: GET /api/services/types/all
2026-02-20 20:47:44 [info]: POST /api/services
2026-02-20 20:47:44 [info]: Service created: 41347e59-bfe9-4883-8685-0fa2371ba6d9 for employee 08b7fcd5-b37b-40ef-872e-320fb303fe13
2026-02-20 20:47:44 [info]: GET /api/services
2026-02-20 20:47:44 [info]: GET /api/employees
2026-02-20 20:47:44 [info]: GET /api/reports/dashboard
2026-02-20 20:47:44 [info]: GET /api/reports/weekly
2026-02-20 20:47:46 [info]: GET /api/employees
2026-02-20 20:47:46 [info]: GET /api/services
2026-02-20 20:47:46 [info]: GET /api/reports/dashboard
2026-02-20 20:47:46 [info]: GET /api/reports/weekly
2026-02-20 20:49:44 [info]: GET /api/employees
2026-02-20 20:49:44 [info]: GET /api/employees
2026-02-20 20:49:47 [info]: GET /api/services/types/all
2026-02-20 20:49:47 [info]: GET /api/services/types/all
2026-02-20 20:49:49 [info]: GET /api/employees
2026-02-20 20:49:49 [info]: GET /api/services/types/all
2026-02-20 20:49:49 [info]: GET /api/employees
2026-02-20 20:49:49 [info]: GET /api/services/types/all
2026-02-20 20:49:53 [info]: GET /api/reports/weekly
2026-02-20 20:49:53 [info]: GET /api/services
2026-02-20 20:49:53 [info]: GET /api/services
2026-02-20 20:49:53 [info]: GET /api/reports/weekly
2026-02-20 20:49:53 [info]: GET /api/services
2026-02-20 20:49:53 [info]: GET /api/services
2026-02-20 20:49:59 [info]: GET /api/employees
2026-02-20 20:49:59 [info]: GET /api/services
2026-02-20 20:49:59 [info]: GET /api/reports/dashboard
2026-02-20 20:49:59 [info]: GET /api/reports/weekly
2026-02-20 20:53:51 [info]: GET /api/employees
2026-02-20 20:53:51 [info]: GET /api/services
2026-02-20 20:53:51 [info]: GET /api/reports/dashboard
2026-02-20 20:53:52 [info]: GET /api/reports/weekly
2026-02-20 20:53:52 [info]: GET /api/employees
2026-02-20 20:53:52 [info]: GET /api/services
2026-02-20 20:53:52 [info]: GET /api/reports/dashboard
2026-02-20 20:53:52 [info]: GET /api/reports/weekly
2026-02-20 20:55:16 [info]: GET /api/employees
2026-02-20 20:55:16 [info]: GET /api/employees
2026-02-20 20:55:17 [info]: GET /api/services/types/all
2026-02-20 20:55:17 [info]: GET /api/services/types/all
2026-02-20 20:55:19 [info]: GET /api/employees
2026-02-20 20:55:19 [info]: GET /api/services/types/all
2026-02-20 20:55:19 [info]: GET /api/employees
2026-02-20 20:55:19 [info]: GET /api/services/types/all
2026-02-20 20:55:33 [info]: GET /api/employees
2026-02-20 20:55:33 [info]: GET /api/services
2026-02-20 20:55:33 [info]: GET /api/reports/dashboard
2026-02-20 20:55:33 [info]: GET /api/reports/weekly
2026-02-20 20:55:33 [info]: GET /api/employees
2026-02-20 20:55:33 [info]: GET /api/services
2026-02-20 20:55:33 [info]: GET /api/employees
2026-02-20 20:55:33 [info]: GET /api/reports/weekly
2026-02-20 20:55:33 [info]: GET /api/employees
2026-02-20 20:55:33 [info]: GET /api/services
2026-02-20 20:55:33 [info]: GET /api/reports/dashboard
2026-02-20 20:55:33 [info]: GET /api/reports/weekly
2026-02-20 20:55:33 [info]: GET /api/services
2026-02-20 20:55:33 [info]: GET /api/reports/weekly
2026-02-20 20:55:33 [info]: GET /api/reports/dashboard
2026-02-20 20:55:33 [info]: GET /api/reports/dashboard
2026-02-20 20:59:02 [info]: GET /api/reports/weekly
2026-02-20 20:59:02 [info]: GET /api/services
2026-02-20 20:59:02 [info]: GET /api/services
2026-02-20 20:59:03 [info]: GET /api/reports/weekly
2026-02-20 20:59:03 [info]: GET /api/services
2026-02-20 20:59:03 [info]: GET /api/services
2026-02-20 20:59:14 [info]: GET /api/employees
2026-02-20 20:59:14 [info]: GET /api/services
2026-02-20 20:59:14 [info]: GET /api/reports/weekly
2026-02-20 20:59:14 [info]: GET /api/reports/dashboard
2026-02-20 20:59:17 [info]: GET /api/services
2026-02-20 20:59:17 [info]: GET /api/reports/weekly
2026-02-20 20:59:17 [info]: GET /api/services
2026-02-20 20:59:17 [info]: GET /api/services
2026-02-20 20:59:17 [info]: GET /api/services
2026-02-20 20:59:18 [info]: GET /api/reports/weekly
2026-02-20 20:59:20 [info]: GET /api/employees
2026-02-20 20:59:20 [info]: GET /api/services
2026-02-20 20:59:20 [info]: GET /api/reports/dashboard
2026-02-20 20:59:20 [info]: GET /api/reports/weekly
2026-02-20 21:04:22 [info]: GET /api/employees
2026-02-20 21:04:22 [warn]: Invalid or expired token attempt
2026-02-20 21:04:22 [info]: GET /api/services
2026-02-20 21:04:22 [warn]: Invalid or expired token attempt
2026-02-20 21:04:23 [info]: GET /api/reports/dashboard
2026-02-20 21:04:23 [warn]: Invalid or expired token attempt
2026-02-20 21:04:23 [info]: GET /api/reports/weekly
2026-02-20 21:04:24 [warn]: Invalid or expired token attempt
2026-02-20 21:04:24 [info]: POST /api/auth/refresh
2026-02-20 21:04:24 [info]: GET /api/employees
2026-02-20 21:04:24 [warn]: Invalid or expired token attempt
2026-02-20 21:04:24 [info]: GET /api/services
2026-02-20 21:04:24 [warn]: Invalid or expired token attempt
2026-02-20 21:04:24 [info]: GET /api/reports/dashboard
2026-02-20 21:04:24 [warn]: Invalid or expired token attempt
2026-02-20 21:04:25 [info]: GET /api/reports/weekly
2026-02-20 21:04:25 [warn]: Invalid or expired token attempt
2026-02-20 21:04:25 [info]: POST /api/auth/refresh
2026-02-20 21:04:26 [info]: GET /api/employees
2026-02-20 21:04:26 [info]: POST /api/auth/refresh
2026-02-20 21:04:26 [info]: POST /api/auth/refresh
2026-02-20 21:04:26 [info]: GET /api/services
2026-02-20 21:04:26 [info]: GET /api/reports/dashboard
2026-02-20 21:04:26 [info]: GET /api/reports/weekly
2026-02-20 21:04:26 [info]: GET /api/employees
2026-02-20 21:04:27 [info]: GET /api/services
2026-02-20 21:04:27 [info]: GET /api/reports/dashboard
2026-02-20 21:04:27 [info]: GET /api/reports/weekly
2026-02-20 21:06:28 [info]: GET /api/reports/weekly
2026-02-20 21:06:28 [info]: GET /api/services
2026-02-20 21:06:28 [info]: GET /api/services
2026-02-20 21:06:28 [info]: GET /api/reports/weekly
2026-02-20 21:06:28 [info]: GET /api/services
2026-02-20 21:06:28 [info]: GET /api/services
2026-02-20 21:14:09 [info]: GET /api/services/types/all
2026-02-20 21:14:09 [info]: GET /api/services/types/all
2026-02-20 21:14:11 [info]: GET /api/employees
2026-02-20 21:14:11 [info]: GET /api/services/types/all
2026-02-20 21:14:11 [info]: GET /api/employees
2026-02-20 21:14:11 [info]: GET /api/services/types/all
2026-02-20 21:14:15 [info]: GET /api/employees
2026-02-20 21:14:15 [info]: GET /api/employees
2026-02-20 21:14:51 [info]: POST /api/auth/login
2026-02-20 21:14:54 [info]: User logged in: marlon@gmail.com
2026-02-20 21:14:54 [info]: GET /api/employees/me/profile
2026-02-20 21:14:54 [info]: GET /api/employees/me/report
2026-02-20 21:14:54 [info]: GET /api/employees/me/services
2026-02-20 21:14:54 [info]: GET /api/employees/me/report
2026-02-20 21:14:54 [info]: GET /api/employees/me/earnings
2026-02-20 21:14:54 [info]: GET /api/employees/me/profile
2026-02-20 21:14:54 [info]: GET /api/employees/me/report
2026-02-20 21:14:54 [info]: GET /api/employees/me/report
2026-02-20 21:14:54 [info]: GET /api/employees/me/earnings
2026-02-20 21:14:55 [info]: GET /api/employees/me/services
2026-02-20 21:17:23 [info]: POST /api/auth/login
2026-02-20 21:17:23 [warn]: Failed login attempt for: marlon@gmail.com
2026-02-20 21:17:23 [error]: Error: Credenciales inválidas
    at Function.login (C:\Users\matia\Downloads\Kimi_Agent_Panel Admin Peluquería Completo\barbershop-admin\backend\src\services\auth.service.ts:34:13)
    at C:\Users\matia\Downloads\Kimi_Agent_Panel Admin Peluquería Completo\barbershop-admin\backend\src\controllers\auth.controller.ts:44:20
2026-02-20 21:17:31 [info]: POST /api/auth/login
2026-02-20 21:17:31 [info]: User logged in: marlon@gmail.com
2026-02-20 21:17:31 [info]: GET /api/employees/me/profile
2026-02-20 21:17:31 [info]: GET /api/employees/me/services
2026-02-20 21:17:31 [info]: GET /api/employees/me/report
2026-02-20 21:17:31 [info]: GET /api/employees/me/report
2026-02-20 21:17:31 [info]: GET /api/employees/me/earnings
2026-02-20 21:17:31 [info]: GET /api/employees/me/profile
2026-02-20 21:17:31 [info]: GET /api/employees/me/services
2026-02-20 21:17:31 [info]: GET /api/employees/me/report
2026-02-20 21:17:31 [info]: GET /api/employees/me/report
2026-02-20 21:17:31 [info]: GET /api/employees/me/earnings
2026-02-20 22:58:23 [info]: ✅ Database connected successfully
2026-02-20 22:58:23 [info]: 🚀 Server running on port 3001
2026-02-20 22:58:23 [info]: 📊 Environment: development
2026-02-20 22:58:23 [info]: 🔗 API URL: http://localhost:3001/api
2026-02-20 23:08:30 [info]: GET /api/employees/me/earnings
2026-02-20 23:08:30 [warn]: Invalid or expired token attempt
2026-02-20 23:08:30 [info]: GET /api/employees/me/profile
2026-02-20 23:08:30 [warn]: Invalid or expired token attempt
2026-02-20 23:08:30 [info]: GET /api/employees/me/services
2026-02-20 23:08:30 [warn]: Invalid or expired token attempt
2026-02-20 23:08:30 [info]: GET /api/employees/me/report
2026-02-20 23:08:30 [warn]: Invalid or expired token attempt
2026-02-20 23:08:30 [info]: GET /api/employees/me/report
2026-02-20 23:08:30 [warn]: Invalid or expired token attempt
2026-02-20 23:08:30 [info]: GET /api/employees/me/earnings
2026-02-20 23:08:30 [warn]: Invalid or expired token attempt
2026-02-20 23:08:30 [info]: GET /api/employees/me/profile
2026-02-20 23:08:30 [warn]: Invalid or expired token attempt
2026-02-20 23:08:30 [info]: GET /api/employees/me/services
2026-02-20 23:08:30 [warn]: Invalid or expired token attempt
2026-02-20 23:08:30 [info]: GET /api/employees/me/report
2026-02-20 23:08:30 [warn]: Invalid or expired token attempt
2026-02-20 23:08:30 [info]: GET /api/employees/me/report
2026-02-20 23:08:30 [warn]: Invalid or expired token attempt
2026-02-20 23:08:31 [info]: POST /api/auth/refresh
2026-02-20 23:08:31 [info]: GET /api/employees/me/earnings
2026-02-20 23:08:31 [info]: GET /api/employees/me/profile
2026-02-20 23:08:31 [info]: GET /api/employees/me/services
2026-02-20 23:08:31 [info]: GET /api/employees/me/report
2026-02-20 23:08:31 [info]: GET /api/employees/me/report
2026-02-20 23:08:31 [info]: GET /api/employees/me/report
2026-02-20 23:08:31 [info]: GET /api/employees/me/services
2026-02-20 23:08:31 [info]: GET /api/employees/me/profile
2026-02-20 23:08:31 [info]: GET /api/employees/me/report
2026-02-20 23:08:31 [info]: GET /api/employees/me/earnings
2026-02-20 23:08:57 [info]: POST /api/auth/login
2026-02-20 23:08:58 [info]: User logged in: matias@gmail.com
2026-02-20 23:08:59 [info]: GET /api/employees
2026-02-20 23:08:59 [info]: GET /api/services
2026-02-20 23:08:59 [info]: GET /api/reports/dashboard
2026-02-20 23:08:59 [info]: GET /api/reports/weekly
2026-02-20 23:08:59 [info]: GET /api/employees
2026-02-20 23:08:59 [info]: GET /api/services
2026-02-20 23:08:59 [info]: GET /api/reports/weekly
2026-02-20 23:08:59 [info]: GET /api/employees
2026-02-20 23:08:59 [info]: GET /api/reports/dashboard
2026-02-20 23:08:59 [info]: GET /api/services
2026-02-20 23:08:59 [info]: GET /api/reports/weekly
2026-02-20 23:08:59 [info]: GET /api/employees
2026-02-20 23:08:59 [info]: GET /api/services
2026-02-20 23:08:59 [info]: GET /api/reports/weekly
2026-02-20 23:08:59 [info]: GET /api/reports/dashboard
2026-02-20 23:08:59 [info]: GET /api/reports/dashboard
2026-02-20 23:09:02 [info]: GET /api/employees
2026-02-20 23:09:02 [info]: GET /api/employees
2026-02-20 23:09:39 [info]: POST /api/employees
2026-02-20 23:09:40 [info]: Employee created: Matias Cohaila
2026-02-20 23:09:40 [info]: GET /api/employees
2026-02-20 23:10:28 [info]: GET /api/reports/weekly
2026-02-20 23:10:28 [info]: GET /api/services
2026-02-20 23:10:28 [info]: GET /api/services
2026-02-20 23:10:28 [info]: GET /api/reports/weekly
2026-02-20 23:10:28 [info]: GET /api/services
2026-02-20 23:10:28 [info]: GET /api/services
2026-02-20 23:10:29 [info]: GET /api/employees
2026-02-20 23:10:29 [info]: GET /api/services/types/all
2026-02-20 23:10:29 [info]: GET /api/employees
2026-02-20 23:10:29 [info]: GET /api/services/types/all
2026-02-20 23:10:36 [info]: POST /api/services
2026-02-20 23:10:36 [info]: POST /api/services
2026-02-20 23:10:36 [info]: POST /api/services
2026-02-20 23:10:36 [info]: POST /api/services
2026-02-20 23:10:36 [info]: POST /api/services
2026-02-20 23:10:36 [info]: Service created: a056430e-33ed-4e01-806f-f584579f8b3d for employee dc9d4db3-7112-4978-aa45-a9428572b821
2026-02-20 23:10:36 [info]: Service created: d183c1e4-32a5-4853-9a43-265640eea8d8 for employee dc9d4db3-7112-4978-aa45-a9428572b821
2026-02-20 23:10:36 [info]: Service created: a0738597-ae3e-48ff-ada8-8378aa9f8871 for employee dc9d4db3-7112-4978-aa45-a9428572b821
2026-02-20 23:10:36 [info]: Service created: 6d084f57-7ab6-4f4a-adde-75940323a535 for employee dc9d4db3-7112-4978-aa45-a9428572b821
2026-02-20 23:10:36 [info]: Service created: 978cb8ed-8d9a-4ded-a71f-d46a7d07c9d9 for employee dc9d4db3-7112-4978-aa45-a9428572b821
2026-02-20 23:10:36 [info]: GET /api/services
2026-02-20 23:10:36 [info]: GET /api/employees
2026-02-20 23:10:36 [info]: GET /api/reports/dashboard
2026-02-20 23:10:36 [info]: GET /api/reports/weekly
2026-02-20 23:10:58 [info]: POST /api/auth/login
2026-02-20 23:10:59 [info]: User logged in: matias.cohaila@tecsup.edu.pe
2026-02-20 23:10:59 [info]: GET /api/employees/me/profile
2026-02-20 23:10:59 [info]: GET /api/employees/me/services
2026-02-20 23:10:59 [info]: GET /api/employees/me/report
2026-02-20 23:10:59 [info]: GET /api/employees/me/report
2026-02-20 23:10:59 [info]: GET /api/employees/me/earnings
2026-02-20 23:10:59 [info]: GET /api/employees/me/profile
2026-02-20 23:10:59 [info]: GET /api/employees/me/services
2026-02-20 23:10:59 [info]: GET /api/employees/me/report
2026-02-20 23:10:59 [info]: GET /api/employees/me/report
2026-02-20 23:10:59 [info]: GET /api/employees/me/earnings
2026-02-20 23:11:25 [info]: POST /api/employees/me/withdraw
2026-02-20 23:11:25 [warn]: Withdrawal notification skipped: no recipient email configured
2026-02-20 23:14:00 [info]: ✅ Database connected successfully
2026-02-20 23:14:00 [info]: 🚀 Server running on port 3001
2026-02-20 23:14:00 [info]: 📊 Environment: development
2026-02-20 23:14:00 [info]: 🔗 API URL: http://localhost:3001/api
2026-02-20 23:14:30 [info]: POST /api/auth/login
2026-02-20 23:14:32 [info]: User logged in: matias@gmail.com
2026-02-20 23:14:32 [info]: GET /api/services
2026-02-20 23:14:32 [info]: GET /api/employees
2026-02-20 23:14:32 [info]: GET /api/reports/weekly
2026-02-20 23:14:32 [info]: GET /api/reports/dashboard
2026-02-20 23:14:32 [info]: GET /api/services
2026-02-20 23:14:32 [info]: GET /api/services
2026-02-20 23:14:32 [info]: GET /api/services
2026-02-20 23:14:32 [info]: GET /api/employees
2026-02-20 23:14:32 [info]: GET /api/reports/weekly
2026-02-20 23:14:32 [info]: GET /api/employees
2026-02-20 23:14:32 [info]: GET /api/reports/weekly
2026-02-20 23:14:32 [info]: GET /api/employees
2026-02-20 23:14:32 [info]: GET /api/reports/dashboard
2026-02-20 23:14:32 [info]: GET /api/reports/weekly
2026-02-20 23:14:32 [info]: GET /api/reports/dashboard
2026-02-20 23:14:32 [info]: GET /api/reports/dashboard
2026-02-20 23:14:36 [info]: GET /api/employees
2026-02-20 23:14:36 [info]: GET /api/services/types/all
2026-02-20 23:14:36 [info]: GET /api/employees
2026-02-20 23:14:36 [info]: GET /api/services/types/all
2026-02-20 23:15:09 [info]: POST /api/services
2026-02-20 23:15:09 [info]: POST /api/services
2026-02-20 23:15:09 [info]: POST /api/services
2026-02-20 23:15:09 [info]: POST /api/services
2026-02-20 23:15:09 [info]: POST /api/services
2026-02-20 23:15:09 [info]: POST /api/services
2026-02-20 23:15:09 [info]: Service created: 56e59e77-2734-4283-ad74-5d0689e55149 for employee dc9d4db3-7112-4978-aa45-a9428572b821
2026-02-20 23:15:09 [info]: Service created: e3b1b005-465e-414d-9e57-eb394c6523d4 for employee dc9d4db3-7112-4978-aa45-a9428572b821
2026-02-20 23:15:09 [info]: Service created: 26481187-67e7-4857-acff-eb32cf7fa4b8 for employee dc9d4db3-7112-4978-aa45-a9428572b821
2026-02-20 23:15:09 [info]: Service created: 693efda8-08e9-4c73-9e09-b64644be04d4 for employee dc9d4db3-7112-4978-aa45-a9428572b821
2026-02-20 23:15:09 [info]: POST /api/services
2026-02-20 23:15:09 [info]: Service created: ac84f352-c18e-47fc-923d-9cd4c0b4f9d1 for employee dc9d4db3-7112-4978-aa45-a9428572b821
2026-02-20 23:15:09 [info]: Service created: a8b8f9d2-16d8-480d-877b-8149a0ec5423 for employee dc9d4db3-7112-4978-aa45-a9428572b821
2026-02-20 23:15:09 [info]: POST /api/services
2026-02-20 23:15:09 [info]: POST /api/services
2026-02-20 23:15:09 [info]: Service created: d22ef723-219d-4c75-b53f-b0b1130f5b5d for employee dc9d4db3-7112-4978-aa45-a9428572b821
2026-02-20 23:15:09 [info]: Service created: 9a98f6c0-e414-40b1-92f5-272fc9d6f3ca for employee dc9d4db3-7112-4978-aa45-a9428572b821
2026-02-20 23:15:09 [info]: Service created: e8fa0f3b-e5d5-4794-85e8-23ef78682225 for employee dc9d4db3-7112-4978-aa45-a9428572b821
2026-02-20 23:15:09 [info]: GET /api/services
2026-02-20 23:15:09 [info]: GET /api/employees
2026-02-20 23:15:09 [info]: GET /api/reports/dashboard
2026-02-20 23:15:09 [info]: GET /api/reports/weekly
2026-02-20 23:15:30 [info]: POST /api/auth/login
2026-02-20 23:15:30 [warn]: Failed login attempt for: matias.cohaila@tecsup.edu.pe
2026-02-20 23:15:30 [error]: Error: Credenciales inválidas
    at Function.login (C:\Users\matia\Downloads\Kimi_Agent_Panel Admin Peluquería Completo\barbershop-admin\backend\src\services\auth.service.ts:34:13)
    at C:\Users\matia\Downloads\Kimi_Agent_Panel Admin Peluquería Completo\barbershop-admin\backend\src\controllers\auth.controller.ts:44:20
2026-02-20 23:15:39 [info]: POST /api/auth/login
2026-02-20 23:15:40 [info]: User logged in: matias.cohaila@tecsup.edu.pe
2026-02-20 23:15:40 [info]: GET /api/employees/me/profile
2026-02-20 23:15:40 [info]: GET /api/employees/me/services
2026-02-20 23:15:40 [info]: GET /api/employees/me/report
2026-02-20 23:15:40 [info]: GET /api/employees/me/report
2026-02-20 23:15:40 [info]: GET /api/employees/me/earnings
2026-02-20 23:15:40 [info]: GET /api/employees/me/profile
2026-02-20 23:15:40 [info]: GET /api/employees/me/services
2026-02-20 23:15:40 [info]: GET /api/employees/me/report
2026-02-20 23:15:40 [info]: GET /api/employees/me/report
2026-02-20 23:15:40 [info]: GET /api/employees/me/earnings
2026-02-20 23:15:55 [info]: POST /api/employees/me/withdraw
2026-02-20 23:15:57 [info]: POST /api/employees/me/withdraw
2026-02-20 23:16:01 [info]: POST /api/employees/me/withdraw
2026-02-20 23:16:01 [info]: POST /api/employees/me/withdraw
2026-02-20 23:16:02 [info]: POST /api/employees/me/withdraw
2026-02-20 23:16:29 [error]: Withdrawal notification email failed
2026-02-20 23:16:29 [error]: Withdrawal notification email failed
2026-02-20 23:16:29 [error]: Withdrawal notification email failed
2026-02-20 23:16:29 [error]: Withdrawal notification email failed
2026-02-20 23:16:29 [error]: Withdrawal notification email failed
2026-02-20 23:20:39 [info]: ✅ Database connected successfully
2026-02-20 23:20:39 [info]: 🚀 Server running on port 3001
2026-02-20 23:20:39 [info]: 📊 Environment: development
2026-02-20 23:20:39 [info]: 🔗 API URL: http://localhost:3001/api
2026-02-20 23:23:57 [info]: GET /api/employees/me/profile
2026-02-20 23:23:57 [info]: GET /api/employees/me/services
2026-02-20 23:23:57 [info]: GET /api/employees/me/report
2026-02-20 23:23:57 [info]: GET /api/employees/me/report
2026-02-20 23:23:57 [info]: GET /api/employees/me/earnings
2026-02-20 23:23:57 [info]: GET /api/employees/me/profile
2026-02-20 23:23:57 [info]: GET /api/employees/me/earnings
2026-02-20 23:23:57 [info]: GET /api/employees/me/report
2026-02-20 23:23:57 [info]: GET /api/employees/me/report
2026-02-20 23:23:57 [info]: GET /api/employees/me/services
2026-02-20 23:24:05 [info]: POST /api/employees/me/withdraw
2026-02-20 23:24:29 [error]: Withdrawal notification email failed (WD-20260220-232405-1184) user=cf7bbe1d-e37f-4abb-98f5-308352da599a detail=Error: Invalid login: 535-5.7.8 Username and Password not accepted. For more information, go to
535 5.7.8  https://support.google.com/mail/?p=BadCredentials 71dfb90a1353d-568e58f9aeasm1528279e0c.11 - gsmtp
2026-02-20 23:25:01 [info]: GET /api/employees/me/profile
2026-02-20 23:25:01 [warn]: Invalid or expired token attempt
2026-02-20 23:25:01 [info]: GET /api/employees/me/services
2026-02-20 23:25:01 [warn]: Invalid or expired token attempt
2026-02-20 23:25:01 [info]: GET /api/employees/me/report
2026-02-20 23:25:01 [warn]: Invalid or expired token attempt
2026-02-20 23:25:01 [info]: GET /api/employees/me/report
2026-02-20 23:25:01 [warn]: Invalid or expired token attempt
2026-02-20 23:25:01 [info]: GET /api/employees/me/earnings
2026-02-20 23:25:01 [warn]: Invalid or expired token attempt
2026-02-20 23:25:01 [info]: GET /api/employees/me/profile
2026-02-20 23:25:01 [warn]: Invalid or expired token attempt
2026-02-20 23:25:01 [info]: GET /api/employees/me/services
2026-02-20 23:25:01 [warn]: Invalid or expired token attempt
2026-02-20 23:25:01 [info]: GET /api/employees/me/report
2026-02-20 23:25:01 [warn]: Invalid or expired token attempt
2026-02-20 23:25:01 [info]: GET /api/employees/me/report
2026-02-20 23:25:01 [warn]: Invalid or expired token attempt
2026-02-20 23:25:01 [info]: GET /api/employees/me/earnings
2026-02-20 23:25:01 [warn]: Invalid or expired token attempt
2026-02-20 23:25:01 [info]: POST /api/auth/refresh
2026-02-20 23:25:02 [info]: GET /api/employees/me/profile
2026-02-20 23:25:02 [info]: GET /api/employees/me/services
2026-02-20 23:25:02 [info]: GET /api/employees/me/report
2026-02-20 23:25:02 [info]: GET /api/employees/me/report
2026-02-20 23:25:02 [info]: GET /api/employees/me/earnings
2026-02-20 23:25:02 [info]: GET /api/employees/me/profile
2026-02-20 23:25:02 [info]: GET /api/employees/me/services
2026-02-20 23:25:02 [info]: GET /api/employees/me/report
2026-02-20 23:25:02 [info]: GET /api/employees/me/report
2026-02-20 23:25:02 [info]: GET /api/employees/me/earnings
2026-02-20 23:27:02 [info]: SIGINT received. Shutting down gracefully...
2026-02-20 23:27:09 [info]: ✅ Database connected successfully
2026-02-20 23:27:09 [info]: 🚀 Server running on port 3001
2026-02-20 23:27:09 [info]: 📊 Environment: development
2026-02-20 23:27:09 [info]: 🔗 API URL: http://localhost:3001/api
2026-02-20 23:27:25 [info]: GET /api/employees/me/profile
2026-02-20 23:27:25 [info]: GET /api/employees/me/services
2026-02-20 23:27:25 [info]: GET /api/employees/me/report
2026-02-20 23:27:25 [info]: GET /api/employees/me/report
2026-02-20 23:27:25 [info]: GET /api/employees/me/earnings
2026-02-20 23:27:25 [info]: GET /api/employees/me/profile
2026-02-20 23:27:25 [info]: GET /api/employees/me/report
2026-02-20 23:27:25 [info]: GET /api/employees/me/report
2026-02-20 23:27:25 [info]: GET /api/employees/me/services
2026-02-20 23:27:25 [info]: GET /api/employees/me/earnings
2026-02-20 23:27:33 [info]: POST /api/employees/me/withdraw
2026-02-20 23:27:35 [info]: POST /api/employees/me/withdraw
2026-02-20 23:30:34 [info]: ✅ Database connected successfully
2026-02-20 23:30:34 [info]: 🚀 Server running on port 3001
2026-02-20 23:30:34 [info]: 📊 Environment: development
2026-02-20 23:30:34 [info]: 🔗 API URL: http://localhost:3001/api
2026-02-20 23:31:01 [info]: SIGINT received. Shutting down gracefully...
2026-02-20 23:31:11 [info]: ✅ Database connected successfully
2026-02-20 23:31:11 [info]: 🚀 Server running on port 3001
2026-02-20 23:31:11 [info]: 📊 Environment: development
2026-02-20 23:31:11 [info]: 🔗 API URL: http://localhost:3001/api
2026-02-20 23:31:20 [info]: GET /api/employees/me/profile
2026-02-20 23:31:20 [warn]: Invalid or expired token attempt
2026-02-20 23:31:20 [info]: GET /api/employees/me/services
2026-02-20 23:31:20 [warn]: Invalid or expired token attempt
2026-02-20 23:31:20 [info]: GET /api/employees/me/report
2026-02-20 23:31:20 [warn]: Invalid or expired token attempt
2026-02-20 23:31:20 [info]: GET /api/employees/me/report
2026-02-20 23:31:20 [warn]: Invalid or expired token attempt
2026-02-20 23:31:20 [info]: GET /api/employees/me/earnings
2026-02-20 23:31:20 [warn]: Invalid or expired token attempt
2026-02-20 23:31:20 [info]: GET /api/employees/me/services
2026-02-20 23:31:20 [warn]: Invalid or expired token attempt
2026-02-20 23:31:20 [info]: GET /api/employees/me/profile
2026-02-20 23:31:20 [warn]: Invalid or expired token attempt
2026-02-20 23:31:20 [info]: GET /api/employees/me/report
2026-02-20 23:31:20 [warn]: Invalid or expired token attempt
2026-02-20 23:31:20 [info]: GET /api/employees/me/report
2026-02-20 23:31:20 [warn]: Invalid or expired token attempt
2026-02-20 23:31:20 [info]: GET /api/employees/me/earnings
2026-02-20 23:31:20 [warn]: Invalid or expired token attempt
2026-02-20 23:31:20 [info]: POST /api/auth/refresh
2026-02-20 23:31:20 [info]: GET /api/employees/me/profile
2026-02-20 23:31:20 [info]: GET /api/employees/me/services
2026-02-20 23:31:20 [info]: GET /api/employees/me/report
2026-02-20 23:31:20 [info]: GET /api/employees/me/report
2026-02-20 23:31:20 [info]: GET /api/employees/me/earnings
2026-02-20 23:31:20 [info]: GET /api/employees/me/profile
2026-02-20 23:31:20 [info]: GET /api/employees/me/report
2026-02-20 23:31:20 [info]: GET /api/employees/me/services
2026-02-20 23:31:20 [info]: GET /api/employees/me/earnings
2026-02-20 23:31:20 [info]: GET /api/employees/me/report
2026-02-20 23:31:30 [info]: POST /api/employees/me/withdraw
2026-02-20 23:37:13 [info]: ✅ Database connected successfully
2026-02-20 23:37:13 [info]: 🚀 Server running on port 3001
2026-02-20 23:37:13 [info]: 📊 Environment: development
2026-02-20 23:37:13 [info]: 🔗 API URL: http://localhost:3001/api
2026-02-20 23:38:26 [info]: SIGINT received. Shutting down gracefully...
2026-02-20 23:38:58 [info]: ✅ Database connected successfully
2026-02-20 23:38:58 [info]: 🚀 Server running on port 3001
2026-02-20 23:38:58 [info]: 📊 Environment: development
2026-02-20 23:38:58 [info]: 🔗 API URL: http://localhost:3001/api
2026-02-20 23:40:05 [info]: GET /api/employees/me/profile
2026-02-20 23:40:05 [info]: GET /api/employees/me/services
2026-02-20 23:40:05 [info]: GET /api/employees/me/report
2026-02-20 23:40:05 [info]: GET /api/employees/me/report
2026-02-20 23:40:05 [info]: GET /api/employees/me/earnings
2026-02-20 23:40:05 [info]: GET /api/employees/me/profile
2026-02-20 23:40:05 [info]: GET /api/employees/me/services
2026-02-20 23:40:05 [info]: GET /api/employees/me/report
2026-02-20 23:40:05 [error]: TypeError: Cannot read properties of undefined (reading 'aggregate')
    at Function.getEmployeeEarnings (C:\Users\matia\Downloads\Kimi_Agent_Panel Admin Peluquería Completo\barbershop-admin\backend\src\services\employee.service.ts:339:58)
    at C:\Users\matia\Downloads\Kimi_Agent_Panel Admin Peluquería Completo\barbershop-admin\backend\src\controllers\employee.controller.ts:203:22
2026-02-20 23:40:05 [info]: GET /api/employees/me/earnings
2026-02-20 23:40:05 [info]: GET /api/employees/me/report
2026-02-20 23:40:05 [error]: TypeError: Cannot read properties of undefined (reading 'aggregate')
    at Function.getEmployeeEarnings (C:\Users\matia\Downloads\Kimi_Agent_Panel Admin Peluquería Completo\barbershop-admin\backend\src\services\employee.service.ts:339:58)
    at C:\Users\matia\Downloads\Kimi_Agent_Panel Admin Peluquería Completo\barbershop-admin\backend\src\controllers\employee.controller.ts:203:22
2026-02-20 23:40:28 [info]: SIGINT received. Shutting down gracefully...
2026-02-20 23:41:09 [info]: ✅ Database connected successfully
2026-02-20 23:41:09 [info]: 🚀 Server running on port 3001
2026-02-20 23:41:09 [info]: 📊 Environment: development
2026-02-20 23:41:09 [info]: 🔗 API URL: http://localhost:3001/api
2026-02-20 23:42:23 [info]: SIGINT received. Shutting down gracefully...
2026-02-20 23:43:24 [info]: ✅ Database connected successfully
2026-02-20 23:43:24 [info]: 🚀 Server running on port 3001
2026-02-20 23:43:24 [info]: 📊 Environment: development
2026-02-20 23:43:24 [info]: 🔗 API URL: http://localhost:3001/api
2026-02-20 23:43:31 [info]: GET /api/employees/me/profile
2026-02-20 23:43:31 [info]: GET /api/employees/me/services
2026-02-20 23:43:31 [info]: GET /api/employees/me/report
2026-02-20 23:43:31 [info]: GET /api/employees/me/report
2026-02-20 23:43:31 [info]: GET /api/employees/me/earnings
2026-02-20 23:43:31 [info]: GET /api/employees/me/profile
2026-02-20 23:43:31 [info]: GET /api/employees/me/earnings
2026-02-20 23:43:31 [info]: GET /api/employees/me/services
2026-02-20 23:43:31 [info]: GET /api/employees/me/report
2026-02-20 23:43:31 [info]: GET /api/employees/me/report
2026-02-20 23:43:43 [info]: POST /api/employees/me/withdraw
2026-02-20 23:47:41 [info]: SIGINT received. Shutting down gracefully...
2026-03-04 10:17:16 [info]: ✅ Database connected successfully
2026-03-04 10:17:16 [info]: 🚀 Server running on port 3001
2026-03-04 10:17:16 [info]: 📊 Environment: development
2026-03-04 10:17:16 [info]: 🔗 API URL: http://localhost:3001/api
2026-03-04 10:22:36 [info]: GET /api/services/types/public
2026-03-04 10:22:36 [info]: GET /api/services/types/public
2026-03-04 10:23:07 [info]: POST /api/auth/login
2026-03-04 10:23:12 [warn]: Failed login attempt for: matiascohaila8@gmail.com
2026-03-04 10:23:12 [error]: Error: Credenciales inválidas
    at AuthService.login (C:\Users\matia\Downloads\Kimi_Agent_Panel Admin Peluquería Completo\barbershop-admin\backend\dist\services\auth.service.js:25:19)
    at async C:\Users\matia\Downloads\Kimi_Agent_Panel Admin Peluquería Completo\barbershop-admin\backend\dist\controllers\auth.controller.js:43:20
2026-03-04 10:23:19 [info]: POST /api/auth/login
2026-03-04 10:23:22 [info]: User logged in: matiascohaila8@gmail.com
2026-03-04 10:23:23 [info]: GET /api/employees/me/profile
2026-03-04 10:23:23 [warn]: Admin access denied for user: matiascohaila8@gmail.com
2026-03-04 10:23:23 [info]: GET /api/employees/me/report
2026-03-04 10:23:23 [warn]: Admin access denied for user: matiascohaila8@gmail.com
2026-03-04 10:23:23 [info]: GET /api/employees/me/services
2026-03-04 10:23:23 [warn]: Admin access denied for user: matiascohaila8@gmail.com
2026-03-04 10:23:23 [info]: GET /api/employees/me/report
2026-03-04 10:23:23 [warn]: Admin access denied for user: matiascohaila8@gmail.com
2026-03-04 10:23:23 [info]: GET /api/employees/me/earnings
2026-03-04 10:23:23 [warn]: Admin access denied for user: matiascohaila8@gmail.com
2026-03-04 10:23:23 [info]: GET /api/employees/me/profile
2026-03-04 10:23:23 [warn]: Admin access denied for user: matiascohaila8@gmail.com
2026-03-04 10:23:23 [info]: GET /api/employees/me/report
2026-03-04 10:23:23 [warn]: Admin access denied for user: matiascohaila8@gmail.com
2026-03-04 10:23:23 [info]: GET /api/employees/me/services
2026-03-04 10:23:23 [warn]: Admin access denied for user: matiascohaila8@gmail.com
2026-03-04 10:23:23 [info]: GET /api/employees/me/report
2026-03-04 10:23:23 [warn]: Admin access denied for user: matiascohaila8@gmail.com
2026-03-04 10:23:23 [info]: GET /api/employees/me/earnings
2026-03-04 10:23:23 [warn]: Admin access denied for user: matiascohaila8@gmail.com
2026-03-04 10:25:03 [info]: POST /api/auth/login
2026-03-04 10:25:03 [warn]: Login attempt with non-existent email: admin@admin.com
2026-03-04 10:25:03 [error]: Error: Credenciales inválidas
    at AuthService.login (C:\Users\matia\Downloads\Kimi_Agent_Panel Admin Peluquería Completo\barbershop-admin\backend\dist\services\auth.service.js:16:19)
    at async C:\Users\matia\Downloads\Kimi_Agent_Panel Admin Peluquería Completo\barbershop-admin\backend\dist\controllers\auth.controller.js:43:20
2026-03-04 10:25:47 [info]: POST /api/auth/login
2026-03-04 10:25:48 [warn]: Failed login attempt for: matiascohaila8@gmail.com
2026-03-04 10:25:48 [error]: Error: Credenciales inválidas
    at AuthService.login (C:\Users\matia\Downloads\Kimi_Agent_Panel Admin Peluquería Completo\barbershop-admin\backend\dist\services\auth.service.js:25:19)
    at async C:\Users\matia\Downloads\Kimi_Agent_Panel Admin Peluquería Completo\barbershop-admin\backend\dist\controllers\auth.controller.js:43:20
2026-03-04 10:25:59 [info]: POST /api/auth/login
2026-03-04 10:26:00 [info]: User logged in: matiascohaila8@gmail.com
2026-03-04 10:26:00 [info]: GET /api/employees/me/profile
2026-03-04 10:26:00 [warn]: Admin access denied for user: matiascohaila8@gmail.com
2026-03-04 10:26:00 [info]: GET /api/employees/me/services
2026-03-04 10:26:00 [warn]: Admin access denied for user: matiascohaila8@gmail.com
2026-03-04 10:26:00 [info]: GET /api/employees/me/report
2026-03-04 10:26:00 [warn]: Admin access denied for user: matiascohaila8@gmail.com
2026-03-04 10:26:00 [info]: GET /api/employees/me/report
2026-03-04 10:26:00 [warn]: Admin access denied for user: matiascohaila8@gmail.com
2026-03-04 10:26:00 [info]: GET /api/employees/me/earnings
2026-03-04 10:26:00 [warn]: Admin access denied for user: matiascohaila8@gmail.com
2026-03-04 10:26:00 [info]: GET /api/employees/me/profile
2026-03-04 10:26:00 [warn]: Admin access denied for user: matiascohaila8@gmail.com
2026-03-04 10:26:00 [info]: GET /api/employees/me/services
2026-03-04 10:26:00 [warn]: Admin access denied for user: matiascohaila8@gmail.com
2026-03-04 10:26:00 [info]: GET /api/employees/me/report
2026-03-04 10:26:00 [warn]: Admin access denied for user: matiascohaila8@gmail.com
2026-03-04 10:26:00 [info]: GET /api/employees/me/report
2026-03-04 10:26:00 [warn]: Admin access denied for user: matiascohaila8@gmail.com
2026-03-04 10:26:00 [info]: GET /api/employees/me/earnings
2026-03-04 10:26:00 [warn]: Admin access denied for user: matiascohaila8@gmail.com
2026-03-04 10:31:48 [info]: POST /api/auth/login
2026-03-04 14:23:04 [info]: SIGINT received. Shutting down gracefully...
2026-03-05 20:54:14 [info]: ✅ Database connected successfully
2026-03-05 20:54:14 [info]: 🚀 Server running on port 3001
2026-03-05 20:54:14 [info]: 📊 Environment: development
2026-03-05 20:54:14 [info]: 🔗 API URL: http://localhost:3001/api
2026-03-05 21:28:06 [info]: GET /api/services/types/public
2026-03-05 21:28:06 [info]: GET /api/services/types/public
2026-03-05 21:28:12 [info]: GET /api/services/types/public
2026-03-05 21:28:12 [info]: GET /api/services/types/public
2026-03-05 21:51:23 [info]: GET /api/services/types/public
2026-03-05 21:51:23 [info]: GET /api/services/types/public
2026-03-05 21:53:52 [info]: GET /api/services/types/public
2026-03-05 21:53:52 [info]: GET /api/services/types/public
2026-03-05 21:54:01 [info]: GET /api/services/types/public
2026-03-05 21:54:01 [info]: GET /api/services/types/public
2026-03-05 21:56:35 [info]: GET /api/services/types/public
2026-03-05 21:56:36 [info]: GET /api/services/types/public
2026-03-06 00:49:34 [info]: SIGINT received. Shutting down gracefully...
2026-03-06 18:04:02 [info]: ✅ Database connected successfully
2026-03-06 18:04:02 [info]: 🚀 Server running on port 3001
2026-03-06 18:04:02 [info]: 📊 Environment: development
2026-03-06 18:04:02 [info]: 🔗 API URL: http://localhost:3001/api
2026-03-06 18:04:29 [info]: GET /api/employees/me/profile
2026-03-06 18:04:29 [warn]: Invalid or expired token attempt
2026-03-06 18:04:29 [info]: GET /api/employees/me/services
2026-03-06 18:04:29 [warn]: Invalid or expired token attempt
2026-03-06 18:04:29 [info]: GET /api/employees/me/report
2026-03-06 18:04:29 [warn]: Invalid or expired token attempt
2026-03-06 18:04:29 [info]: GET /api/employees/me/report
2026-03-06 18:04:29 [warn]: Invalid or expired token attempt
2026-03-06 18:04:29 [info]: GET /api/employees/me/earnings
2026-03-06 18:04:29 [warn]: Invalid or expired token attempt
2026-03-06 18:04:29 [info]: GET /api/employees/me/profile
2026-03-06 18:04:29 [warn]: Invalid or expired token attempt
2026-03-06 18:04:29 [info]: GET /api/employees/me/services
2026-03-06 18:04:29 [warn]: Invalid or expired token attempt
2026-03-06 18:04:29 [info]: GET /api/employees/me/report
2026-03-06 18:04:29 [warn]: Invalid or expired token attempt
2026-03-06 18:04:29 [info]: GET /api/employees/me/report
2026-03-06 18:04:29 [warn]: Invalid or expired token attempt
2026-03-06 18:04:29 [info]: GET /api/employees/me/earnings
2026-03-06 18:04:29 [warn]: Invalid or expired token attempt
2026-03-06 18:04:29 [info]: POST /api/auth/refresh
2026-03-06 18:04:29 [warn]: Invalid refresh token attempt
2026-03-06 18:04:30 [error]: Error: Token de refresco inválido
    at Function.refreshTokens (C:\Users\matia\Downloads\Kimi_Agent_Panel Admin Peluquería Completo\barbershop-admin\backend\src\services\auth.service.ts:152:13)
    at C:\Users\matia\Downloads\Kimi_Agent_Panel Admin Peluquería Completo\barbershop-admin\backend\src\controllers\auth.controller.ts:77:38
    at C:\Users\matia\Downloads\Kimi_Agent_Panel Admin Peluquería Completo\barbershop-admin\backend\src\middleware\error.middleware.ts:90:21
    at Layer.handle [as handle_request] (C:\Users\matia\Downloads\Kimi_Agent_Panel Admin Peluquería Completo\barbershop-admin\backend\node_modules\express\lib\router\layer.js:95:5)
    at next (C:\Users\matia\Downloads\Kimi_Agent_Panel Admin Peluquería Completo\barbershop-admin\backend\node_modules\express\lib\router\route.js:149:13)
    at Route.dispatch (C:\Users\matia\Downloads\Kimi_Agent_Panel Admin Peluquería Completo\barbershop-admin\backend\node_modules\express\lib\router\route.js:119:3)
    at Layer.handle [as handle_request] (C:\Users\matia\Downloads\Kimi_Agent_Panel Admin Peluquería Completo\barbershop-admin\backend\node_modules\express\lib\router\layer.js:95:5)
    at C:\Users\matia\Downloads\Kimi_Agent_Panel Admin Peluquería Completo\barbershop-admin\backend\node_modules\express\lib\router\index.js:284:15
    at Function.process_params (C:\Users\matia\Downloads\Kimi_Agent_Panel Admin Peluquería Completo\barbershop-admin\backend\node_modules\express\lib\router\index.js:346:12)
    at next (C:\Users\matia\Downloads\Kimi_Agent_Panel Admin Peluquería Completo\barbershop-admin\backend\node_modules\express\lib\router\index.js:280:10)
2026-03-06 18:20:15 [info]: POST /api/auth/login
2026-03-06 18:20:15 [info]: User logged in: matias@gmail.com
2026-03-06 18:20:16 [info]: GET /api/employees
2026-03-06 18:20:16 [info]: GET /api/services
2026-03-06 18:20:16 [info]: GET /api/reports/weekly
2026-03-06 18:20:16 [info]: GET /api/reports/dashboard
2026-03-06 18:20:16 [info]: GET /api/employees
2026-03-06 18:20:16 [info]: GET /api/reports/weekly
2026-03-06 18:20:16 [info]: GET /api/services
2026-03-06 18:20:16 [info]: GET /api/reports/weekly
2026-03-06 18:20:16 [info]: GET /api/employees
2026-03-06 18:20:16 [info]: GET /api/reports/weekly
2026-03-06 18:20:16 [info]: GET /api/employees
2026-03-06 18:20:16 [info]: GET /api/services
2026-03-06 18:20:16 [info]: GET /api/reports/dashboard
2026-03-06 18:20:16 [info]: GET /api/services
2026-03-06 18:20:16 [info]: GET /api/reports/dashboard
2026-03-06 18:20:16 [info]: GET /api/reports/dashboard
2026-03-06 18:41:31 [info]: ✅ Database connected successfully
2026-03-06 18:41:31 [info]: 🚀 Server running on port 3001
2026-03-06 18:41:31 [info]: 📊 Environment: development
2026-03-06 18:41:31 [info]: 🔗 API URL: http://localhost:3001/api
2026-03-06 18:42:07 [info]: ✅ Database connected successfully
2026-03-06 18:42:07 [info]: 🚀 Server running on port 3001
2026-03-06 18:42:07 [info]: 📊 Environment: development
2026-03-06 18:42:07 [info]: 🔗 API URL: http://localhost:3001/api
2026-03-06 18:44:40 [info]: ✅ Database connected successfully
2026-03-06 18:44:40 [info]: 🚀 Server running on port 3001
2026-03-06 18:44:40 [info]: 📊 Environment: development
2026-03-06 18:44:40 [info]: 🔗 API URL: http://localhost:3001/api
2026-03-06 18:45:08 [info]: ✅ Database connected successfully
2026-03-06 18:45:08 [info]: 🚀 Server running on port 3001
2026-03-06 18:45:08 [info]: 📊 Environment: development
2026-03-06 18:45:08 [info]: 🔗 API URL: http://localhost:3001/api
2026-03-06 18:45:46 [info]: ✅ Database connected successfully
2026-03-06 18:45:46 [info]: 🚀 Server running on port 3001
2026-03-06 18:45:46 [info]: 📊 Environment: development
2026-03-06 18:45:46 [info]: 🔗 API URL: http://localhost:3001/api
2026-03-06 18:45:49 [info]: ✅ Database connected successfully
2026-03-06 18:45:49 [info]: 🚀 Server running on port 3001
2026-03-06 18:45:49 [info]: 📊 Environment: development
2026-03-06 18:45:49 [info]: 🔗 API URL: http://localhost:3001/api
2026-03-06 18:46:56 [info]: ✅ Database connected successfully
2026-03-06 18:46:56 [info]: 🚀 Server running on port 3001
2026-03-06 18:46:56 [info]: 📊 Environment: development
2026-03-06 18:46:56 [info]: 🔗 API URL: http://localhost:3001/api
2026-03-06 18:49:19 [info]: ✅ Database connected successfully
2026-03-06 18:49:19 [info]: 🚀 Server running on port 3001
2026-03-06 18:49:19 [info]: 📊 Environment: development
2026-03-06 18:49:19 [info]: 🔗 API URL: http://localhost:3001/api
2026-03-06 18:50:19 [info]: ✅ Database connected successfully
2026-03-06 18:50:19 [info]: 🚀 Server running on port 3001
2026-03-06 18:50:19 [info]: 📊 Environment: development
2026-03-06 18:50:19 [info]: 🔗 API URL: http://localhost:3001/api
2026-03-06 18:50:21 [info]: ✅ Database connected successfully
2026-03-06 18:50:21 [info]: 🚀 Server running on port 3001
2026-03-06 18:50:21 [info]: 📊 Environment: development
2026-03-06 18:50:21 [info]: 🔗 API URL: http://localhost:3001/api
2026-03-06 18:53:45 [info]: GET /api/employees
2026-03-06 18:53:45 [warn]: Invalid or expired token attempt
2026-03-06 18:53:45 [info]: GET /api/reports/dashboard
2026-03-06 18:53:45 [warn]: Invalid or expired token attempt
2026-03-06 18:53:45 [info]: GET /api/services
2026-03-06 18:53:45 [warn]: Invalid or expired token attempt
2026-03-06 18:53:45 [info]: GET /api/reports/weekly
2026-03-06 18:53:45 [warn]: Invalid or expired token attempt
2026-03-06 18:53:45 [info]: GET /api/employees
2026-03-06 18:53:45 [warn]: Invalid or expired token attempt
2026-03-06 18:53:45 [info]: GET /api/reports/dashboard
2026-03-06 18:53:45 [warn]: Invalid or expired token attempt
2026-03-06 18:53:45 [info]: GET /api/services
2026-03-06 18:53:45 [warn]: Invalid or expired token attempt
2026-03-06 18:53:45 [info]: GET /api/reports/weekly
2026-03-06 18:53:45 [warn]: Invalid or expired token attempt
2026-03-06 18:53:45 [info]: GET /api/employees
2026-03-06 18:53:45 [warn]: Invalid or expired token attempt
2026-03-06 18:53:45 [info]: GET /api/reports/dashboard
2026-03-06 18:53:45 [warn]: Invalid or expired token attempt
2026-03-06 18:53:45 [info]: GET /api/services
2026-03-06 18:53:45 [warn]: Invalid or expired token attempt
2026-03-06 18:53:45 [info]: GET /api/reports/weekly
2026-03-06 18:53:45 [warn]: Invalid or expired token attempt
2026-03-06 18:53:45 [info]: GET /api/employees
2026-03-06 18:53:45 [warn]: Invalid or expired token attempt
2026-03-06 18:53:45 [info]: GET /api/reports/dashboard
2026-03-06 18:53:45 [warn]: Invalid or expired token attempt
2026-03-06 18:53:45 [info]: GET /api/services
2026-03-06 18:53:45 [warn]: Invalid or expired token attempt
2026-03-06 18:53:45 [info]: GET /api/reports/weekly
2026-03-06 18:53:45 [warn]: Invalid or expired token attempt
2026-03-06 18:53:45 [info]: POST /api/auth/refresh
2026-03-06 18:53:46 [warn]: Invalid refresh token attempt
2026-03-06 18:53:46 [error]: Error: Token de refresco inválido
    at Function.refreshTokens (C:\Users\matia\Downloads\Kimi_Agent_Panel Admin Peluquería Completo\barbershop-admin\backend\src\services\auth.service.ts:169:13)
    at C:\Users\matia\Downloads\Kimi_Agent_Panel Admin Peluquería Completo\barbershop-admin\backend\src\controllers\auth.controller.ts:77:20
2026-03-06 18:56:30 [info]: POST /api/auth/login
2026-03-06 18:56:30 [warn]: Login attempt with non-existent email: superadmin@admin.com
2026-03-06 18:56:30 [error]: Error: Credenciales inválidas
    at Function.login (C:\Users\matia\Downloads\Kimi_Agent_Panel Admin Peluquería Completo\barbershop-admin\backend\src\services\auth.service.ts:22:13)
    at C:\Users\matia\Downloads\Kimi_Agent_Panel Admin Peluquería Completo\barbershop-admin\backend\src\controllers\auth.controller.ts:44:20
2026-03-06 18:58:55 [info]: POST /api/auth/login
2026-03-06 18:58:56 [info]: User logged in: admin@barbershop.com
2026-03-06 18:58:56 [info]: GET /api/employees
2026-03-06 18:58:56 [warn]: Admin access denied for user: admin@barbershop.com
2026-03-06 18:58:56 [info]: GET /api/reports/weekly
2026-03-06 18:58:56 [warn]: Admin access denied for user: admin@barbershop.com
2026-03-06 18:58:56 [info]: GET /api/reports/dashboard
2026-03-06 18:58:56 [warn]: Admin access denied for user: admin@barbershop.com
2026-03-06 18:58:56 [info]: GET /api/services
2026-03-06 18:58:56 [warn]: Admin access denied for user: admin@barbershop.com
2026-03-06 18:58:56 [info]: GET /api/employees
2026-03-06 18:58:56 [warn]: Admin access denied for user: admin@barbershop.com
2026-03-06 18:58:56 [info]: GET /api/reports/weekly
2026-03-06 18:58:56 [warn]: Admin access denied for user: admin@barbershop.com
2026-03-06 18:58:56 [info]: GET /api/reports/dashboard
2026-03-06 18:58:56 [warn]: Admin access denied for user: admin@barbershop.com
2026-03-06 18:58:56 [info]: GET /api/services
2026-03-06 18:58:56 [warn]: Admin access denied for user: admin@barbershop.com
2026-03-06 18:58:56 [info]: GET /api/employees
2026-03-06 18:58:56 [warn]: Admin access denied for user: admin@barbershop.com
2026-03-06 18:58:56 [info]: GET /api/reports/weekly
2026-03-06 18:58:56 [warn]: Admin access denied for user: admin@barbershop.com
2026-03-06 18:58:56 [info]: GET /api/reports/dashboard
2026-03-06 18:58:56 [warn]: Admin access denied for user: admin@barbershop.com
2026-03-06 18:58:56 [info]: GET /api/services
2026-03-06 18:58:56 [warn]: Admin access denied for user: admin@barbershop.com
2026-03-06 18:58:56 [info]: GET /api/employees
2026-03-06 18:58:56 [warn]: Admin access denied for user: admin@barbershop.com
2026-03-06 18:58:56 [info]: GET /api/reports/weekly
2026-03-06 18:58:56 [warn]: Admin access denied for user: admin@barbershop.com
2026-03-06 18:58:56 [info]: GET /api/reports/dashboard
2026-03-06 18:58:56 [warn]: Admin access denied for user: admin@barbershop.com
2026-03-06 18:58:56 [info]: GET /api/services
2026-03-06 18:58:56 [warn]: Admin access denied for user: admin@barbershop.com
2026-03-06 19:37:25 [info]: POST /api/auth/register
2026-03-06 19:37:25 [warn]: Invalid or expired token attempt
2026-03-06 19:37:25 [info]: POST /api/auth/refresh
2026-03-06 19:37:26 [info]: POST /api/auth/register
2026-03-06 19:37:26 [error]: Error: La contraseña debe contener al menos una mayúscula
    at Function.register (C:\Users\matia\Downloads\Kimi_Agent_Panel Admin Peluquería Completo\barbershop-admin\backend\src\services\auth.service.ts:82:13)
    at C:\Users\matia\Downloads\Kimi_Agent_Panel Admin Peluquería Completo\barbershop-admin\backend\src\controllers\auth.controller.ts:55:20
2026-03-06 19:37:32 [info]: POST /api/auth/register
2026-03-06 19:37:32 [error]: Error: La contraseña debe contener al menos una mayúscula
    at Function.register (C:\Users\matia\Downloads\Kimi_Agent_Panel Admin Peluquería Completo\barbershop-admin\backend\src\services\auth.service.ts:82:13)
    at C:\Users\matia\Downloads\Kimi_Agent_Panel Admin Peluquería Completo\barbershop-admin\backend\src\controllers\auth.controller.ts:55:20
2026-03-06 19:39:35 [info]: ✅ Database connected successfully
2026-03-06 19:39:35 [info]: 🚀 Server running on port 3001
2026-03-06 19:39:35 [info]: 📊 Environment: development
2026-03-06 19:39:35 [info]: 🔗 API URL: http://localhost:3001/api
2026-03-06 20:05:31 [info]: ✅ Database connected successfully
2026-03-06 20:05:31 [info]: 🚀 Server running on port 3001
2026-03-06 20:05:31 [info]: 📊 Environment: development
2026-03-06 20:05:31 [info]: 🔗 API URL: http://localhost:3001/api
2026-03-06 20:09:36 [info]: GET /api/plans
2026-03-06 20:09:36 [warn]: Invalid or expired token attempt
2026-03-06 20:09:36 [info]: POST /api/auth/refresh
2026-03-06 20:09:36 [info]: GET /api/plans
2026-03-06 20:09:36 [warn]: Invalid or expired token attempt
2026-03-06 20:09:37 [warn]: Invalid refresh token attempt
2026-03-06 20:09:37 [error]: Error: Token de refresco inválido
    at Function.refreshTokens (c:\Users\matia\Downloads\Kimi_Agent_Panel Admin Peluquería Completo\barbershop-admin\backend\src\services\auth.service.ts:175:13)
    at c:\Users\matia\Downloads\Kimi_Agent_Panel Admin Peluquería Completo\barbershop-admin\backend\src\controllers\auth.controller.ts:79:20
2026-03-06 20:12:56 [info]: POST /api/auth/login
2026-03-06 20:12:59 [info]: User logged in: admin@barbershop.com
2026-03-06 20:13:00 [info]: GET /api/employees
2026-03-06 20:13:00 [warn]: Admin access denied for user: admin@barbershop.com
2026-03-06 20:13:00 [info]: GET /api/reports/weekly
2026-03-06 20:13:00 [warn]: Admin access denied for user: admin@barbershop.com
2026-03-06 20:13:00 [info]: GET /api/reports/dashboard
2026-03-06 20:13:00 [warn]: Admin access denied for user: admin@barbershop.com
2026-03-06 20:13:00 [info]: GET /api/services
2026-03-06 20:13:00 [warn]: Admin access denied for user: admin@barbershop.com
2026-03-06 20:13:00 [info]: GET /api/employees
2026-03-06 20:13:00 [warn]: Admin access denied for user: admin@barbershop.com
2026-03-06 20:13:00 [info]: GET /api/reports/weekly
2026-03-06 20:13:00 [warn]: Admin access denied for user: admin@barbershop.com
2026-03-06 20:13:00 [info]: GET /api/reports/dashboard
2026-03-06 20:13:00 [warn]: Admin access denied for user: admin@barbershop.com
2026-03-06 20:13:00 [info]: GET /api/services
2026-03-06 20:13:00 [warn]: Admin access denied for user: admin@barbershop.com
2026-03-06 20:13:00 [info]: GET /api/employees
2026-03-06 20:13:00 [warn]: Admin access denied for user: admin@barbershop.com
2026-03-06 20:13:00 [info]: GET /api/reports/weekly
2026-03-06 20:13:00 [warn]: Admin access denied for user: admin@barbershop.com
2026-03-06 20:13:00 [info]: GET /api/reports/dashboard
2026-03-06 20:13:00 [warn]: Admin access denied for user: admin@barbershop.com
2026-03-06 20:13:00 [info]: GET /api/services
2026-03-06 20:13:00 [warn]: Admin access denied for user: admin@barbershop.com
2026-03-06 20:13:00 [info]: GET /api/employees
2026-03-06 20:13:00 [warn]: Admin access denied for user: admin@barbershop.com
2026-03-06 20:13:00 [info]: GET /api/reports/weekly
2026-03-06 20:13:00 [warn]: Admin access denied for user: admin@barbershop.com
2026-03-06 20:13:00 [info]: GET /api/reports/dashboard
2026-03-06 20:13:00 [warn]: Admin access denied for user: admin@barbershop.com
2026-03-06 20:13:00 [info]: GET /api/services
2026-03-06 20:13:00 [warn]: Admin access denied for user: admin@barbershop.com
2026-03-06 20:13:02 [info]: GET /api/plans
2026-03-06 20:13:02 [info]: GET /api/plans
2026-03-06 20:13:06 [info]: GET /api/plans/active
2026-03-06 20:13:06 [info]: GET /api/plans/active
2026-03-06 20:13:20 [info]: POST /api/auth/login
2026-03-06 20:13:22 [info]: User logged in: admin@barbershop.com
2026-03-06 20:13:23 [info]: GET /api/reports/dashboard
2026-03-06 20:13:23 [warn]: Admin access denied for user: admin@barbershop.com
2026-03-06 20:13:23 [info]: GET /api/employees
2026-03-06 20:13:23 [warn]: Admin access denied for user: admin@barbershop.com
2026-03-06 20:13:23 [info]: GET /api/services
2026-03-06 20:13:23 [warn]: Admin access denied for user: admin@barbershop.com
2026-03-06 20:13:23 [info]: GET /api/reports/weekly
2026-03-06 20:13:23 [warn]: Admin access denied for user: admin@barbershop.com
2026-03-06 20:13:23 [info]: GET /api/reports/dashboard
2026-03-06 20:13:23 [warn]: Admin access denied for user: admin@barbershop.com
2026-03-06 20:13:23 [info]: GET /api/employees
2026-03-06 20:13:23 [warn]: Admin access denied for user: admin@barbershop.com
2026-03-06 20:13:23 [info]: GET /api/services
2026-03-06 20:13:23 [warn]: Admin access denied for user: admin@barbershop.com
2026-03-06 20:13:23 [info]: GET /api/reports/weekly
2026-03-06 20:13:23 [warn]: Admin access denied for user: admin@barbershop.com
2026-03-06 20:13:23 [info]: GET /api/reports/dashboard
2026-03-06 20:13:23 [warn]: Admin access denied for user: admin@barbershop.com
2026-03-06 20:13:23 [info]: GET /api/employees
2026-03-06 20:13:23 [warn]: Admin access denied for user: admin@barbershop.com
2026-03-06 20:13:23 [info]: GET /api/services
2026-03-06 20:13:23 [warn]: Admin access denied for user: admin@barbershop.com
2026-03-06 20:13:23 [info]: GET /api/reports/weekly
2026-03-06 20:13:23 [warn]: Admin access denied for user: admin@barbershop.com
2026-03-06 20:13:23 [info]: GET /api/employees
2026-03-06 20:13:23 [warn]: Admin access denied for user: admin@barbershop.com
2026-03-06 20:13:23 [info]: GET /api/reports/dashboard
2026-03-06 20:13:23 [warn]: Admin access denied for user: admin@barbershop.com
2026-03-06 20:13:23 [info]: GET /api/services
2026-03-06 20:13:23 [warn]: Admin access denied for user: admin@barbershop.com
2026-03-06 20:13:23 [info]: GET /api/reports/weekly
2026-03-06 20:13:24 [warn]: Admin access denied for user: admin@barbershop.com
2026-03-06 20:13:33 [info]: GET /api/plans
2026-03-06 20:13:33 [info]: GET /api/plans
2026-03-06 20:13:44 [info]: GET /api/plans
2026-03-06 20:13:44 [info]: GET /api/plans
2026-03-06 20:18:31 [info]: POST /api/plans
2026-03-06 20:18:31 [info]: GET /api/plans
2026-03-06 20:18:44 [info]: GET /api/plans
2026-03-06 20:18:44 [info]: GET /api/plans
2026-03-06 20:25:52 [info]: GET /api/plans
2026-03-06 20:25:53 [info]: GET /api/plans
2026-03-06 20:26:05 [info]: DELETE /api/plans/e2de3358-1516-42da-bc8a-b2ea11f8b761
2026-03-06 20:26:05 [info]: GET /api/plans
2026-03-06 20:26:12 [info]: GET /api/plans/active
2026-03-06 20:26:12 [info]: GET /api/plans/active
2026-03-06 20:26:17 [info]: POST /api/auth/login
2026-03-06 20:26:18 [info]: User logged in: admin@barbershop.com
2026-03-06 20:26:18 [info]: GET /api/employees
2026-03-06 20:26:18 [warn]: Admin access denied for user: admin@barbershop.com
2026-03-06 20:26:18 [info]: GET /api/services
2026-03-06 20:26:18 [warn]: Admin access denied for user: admin@barbershop.com
2026-03-06 20:26:18 [info]: GET /api/reports/dashboard
2026-03-06 20:26:18 [warn]: Admin access denied for user: admin@barbershop.com
2026-03-06 20:26:18 [info]: GET /api/reports/weekly
2026-03-06 20:26:18 [warn]: Admin access denied for user: admin@barbershop.com
2026-03-06 20:26:18 [info]: GET /api/employees
2026-03-06 20:26:18 [warn]: Admin access denied for user: admin@barbershop.com
2026-03-06 20:26:18 [info]: GET /api/services
2026-03-06 20:26:18 [warn]: Admin access denied for user: admin@barbershop.com
2026-03-06 20:26:18 [info]: GET /api/reports/dashboard
2026-03-06 20:26:18 [warn]: Admin access denied for user: admin@barbershop.com
2026-03-06 20:26:18 [info]: GET /api/reports/weekly
2026-03-06 20:26:18 [warn]: Admin access denied for user: admin@barbershop.com
2026-03-06 20:26:18 [info]: GET /api/employees
2026-03-06 20:26:18 [warn]: Admin access denied for user: admin@barbershop.com
2026-03-06 20:26:18 [info]: GET /api/services
2026-03-06 20:26:18 [warn]: Admin access denied for user: admin@barbershop.com
2026-03-06 20:26:18 [info]: GET /api/reports/dashboard
2026-03-06 20:26:18 [warn]: Admin access denied for user: admin@barbershop.com
2026-03-06 20:26:18 [info]: GET /api/reports/weekly
2026-03-06 20:26:18 [warn]: Admin access denied for user: admin@barbershop.com
2026-03-06 20:26:18 [info]: GET /api/employees
2026-03-06 20:26:18 [warn]: Admin access denied for user: admin@barbershop.com
2026-03-06 20:26:18 [info]: GET /api/services
2026-03-06 20:26:18 [warn]: Admin access denied for user: admin@barbershop.com
2026-03-06 20:26:18 [info]: GET /api/reports/dashboard
2026-03-06 20:26:18 [warn]: Admin access denied for user: admin@barbershop.com
2026-03-06 20:26:18 [info]: GET /api/reports/weekly
2026-03-06 20:26:18 [warn]: Admin access denied for user: admin@barbershop.com
2026-03-06 20:26:19 [info]: GET /api/plans
2026-03-06 20:26:19 [info]: GET /api/plans
2026-03-06 20:27:20 [info]: PUT /api/plans/1d302032-e444-49a4-a0c6-8ee0326a1eab
2026-03-06 20:27:20 [info]: GET /api/plans
2026-03-06 20:28:25 [info]: PUT /api/plans/4196c5a2-2011-4561-8d32-9a0484eebadd
2026-03-06 20:28:25 [info]: GET /api/plans
2026-03-06 20:31:29 [info]: PUT /api/plans/1d302032-e444-49a4-a0c6-8ee0326a1eab
2026-03-06 20:31:29 [info]: GET /api/plans
2026-03-06 20:32:09 [info]: PUT /api/plans/4196c5a2-2011-4561-8d32-9a0484eebadd
2026-03-06 20:32:09 [info]: GET /api/plans
2026-03-06 20:32:59 [info]: PUT /api/plans/1d302032-e444-49a4-a0c6-8ee0326a1eab
2026-03-06 20:32:59 [info]: GET /api/plans
2026-03-06 20:33:15 [info]: GET /api/plans/active
2026-03-06 20:33:15 [info]: GET /api/plans/active
2026-03-06 20:39:59 [info]: GET /api/plans/active
2026-03-06 20:39:59 [info]: GET /api/plans/active
2026-03-06 20:40:42 [info]: POST /api/auth/login
2026-03-06 20:40:43 [info]: User logged in: admin@barbershop.com
2026-03-06 20:40:43 [info]: GET /api/employees
2026-03-06 20:40:43 [warn]: Admin access denied for user: admin@barbershop.com
2026-03-06 20:40:43 [info]: GET /api/services
2026-03-06 20:40:43 [warn]: Admin access denied for user: admin@barbershop.com
2026-03-06 20:40:43 [info]: GET /api/reports/dashboard
2026-03-06 20:40:43 [warn]: Admin access denied for user: admin@barbershop.com
2026-03-06 20:40:43 [info]: GET /api/reports/weekly
2026-03-06 20:40:43 [warn]: Admin access denied for user: admin@barbershop.com
2026-03-06 20:40:43 [info]: GET /api/employees
2026-03-06 20:40:43 [warn]: Admin access denied for user: admin@barbershop.com
2026-03-06 20:40:43 [info]: GET /api/services
2026-03-06 20:40:43 [warn]: Admin access denied for user: admin@barbershop.com
2026-03-06 20:40:43 [info]: GET /api/reports/dashboard
2026-03-06 20:40:43 [warn]: Admin access denied for user: admin@barbershop.com
2026-03-06 20:40:43 [info]: GET /api/reports/weekly
2026-03-06 20:40:43 [warn]: Admin access denied for user: admin@barbershop.com
2026-03-06 20:40:43 [info]: GET /api/employees
2026-03-06 20:40:43 [warn]: Admin access denied for user: admin@barbershop.com
2026-03-06 20:40:43 [info]: GET /api/services
2026-03-06 20:40:43 [warn]: Admin access denied for user: admin@barbershop.com
2026-03-06 20:40:43 [info]: GET /api/reports/dashboard
2026-03-06 20:40:43 [warn]: Admin access denied for user: admin@barbershop.com
2026-03-06 20:40:43 [info]: GET /api/reports/weekly
2026-03-06 20:40:43 [warn]: Admin access denied for user: admin@barbershop.com
2026-03-06 20:40:43 [info]: GET /api/employees
2026-03-06 20:40:43 [warn]: Admin access denied for user: admin@barbershop.com
2026-03-06 20:40:43 [info]: GET /api/services
2026-03-06 20:40:43 [warn]: Admin access denied for user: admin@barbershop.com
2026-03-06 20:40:43 [info]: GET /api/reports/dashboard
2026-03-06 20:40:43 [warn]: Admin access denied for user: admin@barbershop.com
2026-03-06 20:40:43 [info]: GET /api/reports/weekly
2026-03-06 20:40:43 [warn]: Admin access denied for user: admin@barbershop.com
2026-03-06 20:40:45 [info]: GET /api/plans
2026-03-06 20:40:45 [info]: GET /api/plans
2026-03-06 20:42:34 [info]: ✅ Database connected successfully
2026-03-06 20:42:34 [info]: 🚀 Server running on port 3001
2026-03-06 20:42:34 [info]: 📊 Environment: development
2026-03-06 20:42:34 [info]: 🔗 API URL: http://localhost:3001/api
2026-03-06 20:45:25 [info]: PUT /api/plans/b2f35a7f-9688-47bb-b5e5-30af95277eb0
2026-03-06 20:45:25 [warn]: Client error:
2026-03-06 20:45:33 [info]: GET /api/plans/active
2026-03-06 20:45:33 [warn]: Client error:
2026-03-06 20:45:33 [info]: GET /api/plans/active
2026-03-06 20:45:33 [warn]: Client error:
2026-03-06 20:45:37 [info]: POST /api/auth/login
2026-03-06 20:45:37 [info]: User logged in: admin@barbershop.com
2026-03-06 20:45:37 [info]: GET /api/employees
2026-03-06 20:45:37 [warn]: Admin access denied for user: admin@barbershop.com
2026-03-06 20:45:37 [info]: GET /api/services
2026-03-06 20:45:37 [warn]: Admin access denied for user: admin@barbershop.com
2026-03-06 20:45:37 [info]: GET /api/reports/dashboard
2026-03-06 20:45:37 [warn]: Admin access denied for user: admin@barbershop.com
2026-03-06 20:45:37 [info]: GET /api/reports/weekly
2026-03-06 20:45:37 [warn]: Admin access denied for user: admin@barbershop.com
2026-03-06 20:45:37 [info]: GET /api/employees
2026-03-06 20:45:37 [warn]: Admin access denied for user: admin@barbershop.com
2026-03-06 20:45:37 [info]: GET /api/services
2026-03-06 20:45:37 [warn]: Admin access denied for user: admin@barbershop.com
2026-03-06 20:45:37 [info]: GET /api/reports/dashboard
2026-03-06 20:45:37 [warn]: Admin access denied for user: admin@barbershop.com
2026-03-06 20:45:37 [info]: GET /api/reports/weekly
2026-03-06 20:45:37 [warn]: Admin access denied for user: admin@barbershop.com
2026-03-06 20:45:37 [info]: GET /api/employees
2026-03-06 20:45:37 [warn]: Admin access denied for user: admin@barbershop.com
2026-03-06 20:45:37 [info]: GET /api/services
2026-03-06 20:45:37 [warn]: Admin access denied for user: admin@barbershop.com
2026-03-06 20:45:37 [info]: GET /api/reports/dashboard
2026-03-06 20:45:37 [warn]: Admin access denied for user: admin@barbershop.com
2026-03-06 20:45:37 [info]: GET /api/reports/weekly
2026-03-06 20:45:37 [warn]: Admin access denied for user: admin@barbershop.com
2026-03-06 20:45:37 [info]: GET /api/employees
2026-03-06 20:45:37 [warn]: Admin access denied for user: admin@barbershop.com
2026-03-06 20:45:37 [info]: GET /api/services
2026-03-06 20:45:37 [warn]: Admin access denied for user: admin@barbershop.com
2026-03-06 20:45:37 [info]: GET /api/reports/dashboard
2026-03-06 20:45:37 [warn]: Admin access denied for user: admin@barbershop.com
2026-03-06 20:45:37 [info]: GET /api/reports/weekly
2026-03-06 20:45:37 [warn]: Admin access denied for user: admin@barbershop.com
2026-03-06 20:45:39 [info]: GET /api/plans
2026-03-06 20:45:39 [warn]: Client error:
2026-03-06 20:45:39 [info]: GET /api/plans
2026-03-06 20:45:39 [warn]: Client error:
2026-03-06 20:46:05 [info]: GET /api/plans
2026-03-06 20:46:05 [warn]: Client error:
2026-03-06 20:46:05 [info]: GET /api/plans
2026-03-06 20:46:05 [warn]: Client error:
2026-03-06 20:47:36 [info]: GET /api/plans
2026-03-06 20:53:00 [info]: GET /api/plans/active
2026-03-06 20:53:00 [warn]: Client error:
2026-03-06 20:53:43 [info]: GET /api/plans
2026-03-06 20:53:43 [warn]: Client error:
2026-03-06 20:53:43 [info]: GET /api/plans
2026-03-06 20:53:43 [warn]: Client error:
2026-03-06 20:55:03 [info]: ✅ Database connected successfully
2026-03-06 20:55:03 [info]: 🚀 Server running on port 3001
2026-03-06 20:55:03 [info]: 📊 Environment: development
2026-03-06 20:55:03 [info]: 🔗 API URL: http://localhost:3001/api
2026-03-06 20:56:08 [info]: GET /api/plans
2026-03-06 20:56:08 [info]: GET /api/plans
2026-03-06 20:56:23 [info]: PUT /api/plans/1d302032-e444-49a4-a0c6-8ee0326a1eab
2026-03-06 20:56:23 [info]: GET /api/plans
2026-03-06 20:56:32 [info]: PUT /api/plans/4196c5a2-2011-4561-8d32-9a0484eebadd
2026-03-06 20:56:32 [info]: GET /api/plans
2026-03-06 20:56:38 [info]: PUT /api/plans/b2f35a7f-9688-47bb-b5e5-30af95277eb0
2026-03-06 20:56:38 [info]: GET /api/plans
2026-03-06 20:56:41 [info]: GET /api/plans/active
2026-03-06 20:56:41 [info]: GET /api/plans/active
2026-03-06 20:57:12 [info]: POST /api/auth/login
2026-03-06 20:57:12 [info]: User logged in: admin@barbershop.com
2026-03-06 20:57:12 [info]: GET /api/employees
2026-03-06 20:57:12 [warn]: Admin access denied for user: admin@barbershop.com
2026-03-06 20:57:12 [info]: GET /api/services
2026-03-06 20:57:12 [warn]: Admin access denied for user: admin@barbershop.com
2026-03-06 20:57:12 [info]: GET /api/reports/dashboard
2026-03-06 20:57:12 [warn]: Admin access denied for user: admin@barbershop.com
2026-03-06 20:57:12 [info]: GET /api/reports/weekly
2026-03-06 20:57:12 [warn]: Admin access denied for user: admin@barbershop.com
2026-03-06 20:57:12 [info]: GET /api/employees
2026-03-06 20:57:12 [warn]: Admin access denied for user: admin@barbershop.com
2026-03-06 20:57:12 [info]: GET /api/services
2026-03-06 20:57:12 [warn]: Admin access denied for user: admin@barbershop.com
2026-03-06 20:57:12 [info]: GET /api/reports/dashboard
2026-03-06 20:57:12 [warn]: Admin access denied for user: admin@barbershop.com
2026-03-06 20:57:12 [info]: GET /api/reports/weekly
2026-03-06 20:57:12 [warn]: Admin access denied for user: admin@barbershop.com
2026-03-06 20:57:12 [info]: GET /api/employees
2026-03-06 20:57:12 [warn]: Admin access denied for user: admin@barbershop.com
2026-03-06 20:57:12 [info]: GET /api/services
2026-03-06 20:57:12 [warn]: Admin access denied for user: admin@barbershop.com
2026-03-06 20:57:12 [info]: GET /api/reports/dashboard
2026-03-06 20:57:12 [warn]: Admin access denied for user: admin@barbershop.com
2026-03-06 20:57:12 [info]: GET /api/reports/weekly
2026-03-06 20:57:12 [warn]: Admin access denied for user: admin@barbershop.com
2026-03-06 20:57:12 [info]: GET /api/employees
2026-03-06 20:57:12 [warn]: Admin access denied for user: admin@barbershop.com
2026-03-06 20:57:12 [info]: GET /api/services
2026-03-06 20:57:12 [warn]: Admin access denied for user: admin@barbershop.com
2026-03-06 20:57:12 [info]: GET /api/reports/dashboard
2026-03-06 20:57:12 [warn]: Admin access denied for user: admin@barbershop.com
2026-03-06 20:57:12 [info]: GET /api/reports/weekly
2026-03-06 20:57:12 [warn]: Admin access denied for user: admin@barbershop.com
2026-03-06 21:02:55 [info]: GET /api/plans
2026-03-06 21:11:54 [info]: GET /api/plans
2026-03-06 21:11:54 [info]: GET /api/plans
2026-03-06 21:20:05 [info]: ✅ Database connected successfully
2026-03-06 21:23:17 [info]: ✅ Database connected successfully
2026-03-06 21:23:17 [info]: 🚀 Server running on port 3001
2026-03-06 21:23:17 [info]: 📊 Environment: development
2026-03-06 21:23:17 [info]: 🔗 API URL: http://localhost:3001/api
2026-03-06 21:24:17 [info]: GET /api/plans
2026-03-06 21:24:17 [warn]: Invalid or expired token attempt
2026-03-06 21:24:17 [info]: GET /api/admin/tenants
2026-03-06 21:24:17 [warn]: Invalid or expired token attempt
2026-03-06 21:24:17 [info]: POST /api/auth/refresh
2026-03-06 21:24:17 [info]: GET /api/admin/tenants
2026-03-06 21:24:17 [info]: GET /api/plans
2026-03-06 21:25:22 [info]: GET /api/plans
2026-03-06 21:25:22 [info]: GET /api/plans
2026-03-06 21:25:38 [info]: GET /api/plans/active
2026-03-06 21:25:38 [info]: GET /api/plans/active
2026-03-06 21:25:51 [info]: POST /api/auth/login
2026-03-06 21:25:51 [info]: User logged in: admin@barbershop.com
2026-03-06 21:25:51 [info]: GET /api/employees
2026-03-06 21:25:51 [warn]: Admin access denied for user: admin@barbershop.com
2026-03-06 21:25:51 [info]: GET /api/services
2026-03-06 21:25:51 [warn]: Admin access denied for user: admin@barbershop.com
2026-03-06 21:25:51 [info]: GET /api/reports/weekly
2026-03-06 21:25:51 [warn]: Admin access denied for user: admin@barbershop.com
2026-03-06 21:25:51 [info]: GET /api/reports/dashboard
2026-03-06 21:25:51 [warn]: Admin access denied for user: admin@barbershop.com
2026-03-06 21:25:51 [info]: GET /api/employees
2026-03-06 21:25:51 [warn]: Admin access denied for user: admin@barbershop.com
2026-03-06 21:25:51 [info]: GET /api/services
2026-03-06 21:25:51 [warn]: Admin access denied for user: admin@barbershop.com
2026-03-06 21:25:51 [info]: GET /api/plans
2026-03-06 21:25:51 [info]: GET /api/admin/tenants
2026-03-06 21:25:51 [info]: GET /api/reports/weekly
2026-03-06 21:25:51 [warn]: Admin access denied for user: admin@barbershop.com
2026-03-06 21:25:51 [info]: GET /api/reports/dashboard
2026-03-06 21:25:51 [warn]: Admin access denied for user: admin@barbershop.com
2026-03-06 21:25:51 [info]: GET /api/employees
2026-03-06 21:25:51 [warn]: Admin access denied for user: admin@barbershop.com
2026-03-06 21:25:51 [info]: GET /api/services
2026-03-06 21:25:51 [warn]: Admin access denied for user: admin@barbershop.com
2026-03-06 21:25:51 [info]: GET /api/reports/weekly
2026-03-06 21:25:51 [warn]: Admin access denied for user: admin@barbershop.com
2026-03-06 21:25:51 [info]: GET /api/reports/dashboard
2026-03-06 21:25:51 [warn]: Admin access denied for user: admin@barbershop.com
2026-03-06 21:25:51 [info]: GET /api/employees
2026-03-06 21:25:51 [warn]: Admin access denied for user: admin@barbershop.com
2026-03-06 21:25:51 [info]: GET /api/services
2026-03-06 21:25:51 [warn]: Admin access denied for user: admin@barbershop.com
2026-03-06 21:25:51 [info]: GET /api/plans
2026-03-06 21:25:51 [info]: GET /api/reports/weekly
2026-03-06 21:25:51 [warn]: Admin access denied for user: admin@barbershop.com
2026-03-06 21:25:51 [info]: GET /api/reports/dashboard
2026-03-06 21:25:51 [warn]: Admin access denied for user: admin@barbershop.com
2026-03-06 21:25:51 [info]: GET /api/admin/tenants
2026-03-06 21:25:54 [info]: GET /api/plans
2026-03-06 21:25:54 [info]: GET /api/plans
2026-03-06 21:29:16 [info]: ✅ Database connected successfully
2026-03-06 21:29:17 [info]: 🚀 Server running on port 3001
2026-03-06 21:29:17 [info]: 📊 Environment: development
2026-03-06 21:29:17 [info]: 🔗 API URL: http://localhost:3001/api
2026-03-06 21:30:24 [info]: ✅ Database connected successfully
2026-03-06 21:30:24 [info]: 🚀 Server running on port 3001
2026-03-06 21:30:24 [info]: 📊 Environment: development
2026-03-06 21:30:24 [info]: 🔗 API URL: http://localhost:3001/api
2026-03-06 21:30:51 [info]: GET /api/plans/active
2026-03-06 21:30:51 [info]: GET /api/plans/active
2026-03-06 21:30:58 [info]: POST /api/auth/login
2026-03-06 21:30:59 [info]: User logged in: admin@barbershop.com
2026-03-06 21:30:59 [info]: GET /api/employees
2026-03-06 21:30:59 [warn]: Admin access denied for user: admin@barbershop.com
2026-03-06 21:30:59 [info]: GET /api/services
2026-03-06 21:30:59 [warn]: Admin access denied for user: admin@barbershop.com
2026-03-06 21:30:59 [info]: GET /api/reports/dashboard
2026-03-06 21:30:59 [warn]: Admin access denied for user: admin@barbershop.com
2026-03-06 21:30:59 [info]: GET /api/reports/weekly
2026-03-06 21:30:59 [warn]: Admin access denied for user: admin@barbershop.com
2026-03-06 21:30:59 [info]: GET /api/plans
2026-03-06 21:30:59 [info]: GET /api/admin/tenants
2026-03-06 21:30:59 [info]: GET /api/employees
2026-03-06 21:30:59 [warn]: Admin access denied for user: admin@barbershop.com
2026-03-06 21:30:59 [info]: GET /api/services
2026-03-06 21:30:59 [warn]: Admin access denied for user: admin@barbershop.com
2026-03-06 21:30:59 [info]: GET /api/reports/dashboard
2026-03-06 21:30:59 [warn]: Admin access denied for user: admin@barbershop.com
2026-03-06 21:30:59 [info]: GET /api/reports/weekly
2026-03-06 21:30:59 [warn]: Admin access denied for user: admin@barbershop.com
2026-03-06 21:30:59 [info]: GET /api/employees
2026-03-06 21:30:59 [warn]: Admin access denied for user: admin@barbershop.com
2026-03-06 21:30:59 [info]: GET /api/services
2026-03-06 21:30:59 [warn]: Admin access denied for user: admin@barbershop.com
2026-03-06 21:30:59 [info]: GET /api/reports/dashboard
2026-03-06 21:30:59 [warn]: Admin access denied for user: admin@barbershop.com
2026-03-06 21:30:59 [info]: GET /api/reports/weekly
2026-03-06 21:30:59 [warn]: Admin access denied for user: admin@barbershop.com
2026-03-06 21:30:59 [info]: GET /api/plans
2026-03-06 21:30:59 [info]: GET /api/employees
2026-03-06 21:30:59 [warn]: Admin access denied for user: admin@barbershop.com
2026-03-06 21:30:59 [info]: GET /api/services
2026-03-06 21:30:59 [warn]: Admin access denied for user: admin@barbershop.com
2026-03-06 21:30:59 [info]: GET /api/admin/tenants
2026-03-06 21:30:59 [info]: GET /api/reports/dashboard
2026-03-06 21:30:59 [warn]: Admin access denied for user: admin@barbershop.com
2026-03-06 21:30:59 [info]: GET /api/reports/weekly
2026-03-06 21:30:59 [warn]: Admin access denied for user: admin@barbershop.com
2026-03-06 21:31:00 [info]: GET /api/plans
2026-03-06 21:31:00 [info]: GET /api/plans
2026-03-06 21:39:24 [info]: GET /api/plans
2026-03-06 21:39:24 [info]: GET /api/admin/tenants
2026-03-06 21:39:24 [info]: GET /api/plans
2026-03-06 21:39:24 [info]: GET /api/admin/tenants
2026-03-06 22:10:03 [info]: GET /api/plans
2026-03-06 22:10:03 [warn]: Invalid or expired token attempt
2026-03-06 22:10:03 [info]: GET /api/admin/tenants
2026-03-06 22:10:03 [warn]: Invalid or expired token attempt
2026-03-06 22:10:03 [info]: GET /api/plans
2026-03-06 22:10:03 [warn]: Invalid or expired token attempt
2026-03-06 22:10:03 [info]: GET /api/admin/tenants
2026-03-06 22:10:03 [warn]: Invalid or expired token attempt
2026-03-06 22:10:03 [info]: POST /api/auth/refresh
2026-03-06 22:10:03 [info]: GET /api/plans
2026-03-06 22:10:03 [info]: GET /api/admin/tenants
2026-03-06 22:10:03 [info]: GET /api/plans
2026-03-06 22:10:04 [info]: GET /api/admin/tenants
2026-03-06 22:13:08 [info]: ✅ Database connected successfully
2026-03-06 22:13:08 [info]: 🚀 Server running on port 3001
2026-03-06 22:13:08 [info]: 📊 Environment: development
2026-03-06 22:13:08 [info]: 🔗 API URL: http://localhost:3001/api
2026-03-06 22:14:54 [info]: GET /api/plans
2026-03-06 22:14:54 [info]: GET /api/admin/tenants
2026-03-06 22:18:23 [info]: PATCH /api/admin/tenants/76eb3314-7a77-4127-84bd-e63d052978ac/plan
2026-03-06 22:18:24 [info]: GET /api/admin/tenants
2026-03-06 22:18:31 [info]: PATCH /api/admin/tenants/76eb3314-7a77-4127-84bd-e63d052978ac/plan
2026-03-06 22:18:31 [info]: GET /api/admin/tenants
2026-03-06 22:18:41 [info]: GET /api/plans
2026-03-06 22:18:41 [info]: GET /api/plans
2026-03-06 22:19:13 [info]: GET /api/plans
2026-03-06 22:19:13 [info]: GET /api/plans
2026-03-06 22:20:17 [info]: GET /api/plans/active
2026-03-06 22:20:18 [info]: GET /api/plans/active
2026-03-06 22:20:28 [info]: POST /api/auth/login
2026-03-06 22:20:29 [info]: User logged in: admin@barbershop.com
2026-03-06 22:20:29 [info]: GET /api/employees
2026-03-06 22:20:29 [warn]: Admin access denied for user: admin@barbershop.com
2026-03-06 22:20:29 [info]: GET /api/services
2026-03-06 22:20:29 [warn]: Admin access denied for user: admin@barbershop.com
2026-03-06 22:20:29 [info]: GET /api/reports/dashboard
2026-03-06 22:20:29 [warn]: Admin access denied for user: admin@barbershop.com
2026-03-06 22:20:29 [info]: GET /api/reports/weekly
2026-03-06 22:20:29 [warn]: Admin access denied for user: admin@barbershop.com
2026-03-06 22:20:29 [info]: GET /api/employees
2026-03-06 22:20:29 [warn]: Admin access denied for user: admin@barbershop.com
2026-03-06 22:20:29 [info]: GET /api/plans
2026-03-06 22:20:29 [info]: GET /api/admin/tenants
2026-03-06 22:20:29 [info]: GET /api/services
2026-03-06 22:20:29 [warn]: Admin access denied for user: admin@barbershop.com
2026-03-06 22:20:29 [info]: GET /api/reports/dashboard
2026-03-06 22:20:29 [warn]: Admin access denied for user: admin@barbershop.com
2026-03-06 22:20:29 [info]: GET /api/reports/weekly
2026-03-06 22:20:29 [warn]: Admin access denied for user: admin@barbershop.com
2026-03-06 22:20:29 [info]: GET /api/employees
2026-03-06 22:20:29 [warn]: Admin access denied for user: admin@barbershop.com
2026-03-06 22:20:29 [info]: GET /api/services
2026-03-06 22:20:29 [warn]: Admin access denied for user: admin@barbershop.com
2026-03-06 22:20:29 [info]: GET /api/reports/dashboard
2026-03-06 22:20:29 [warn]: Admin access denied for user: admin@barbershop.com
2026-03-06 22:20:29 [info]: GET /api/reports/weekly
2026-03-06 22:20:29 [warn]: Admin access denied for user: admin@barbershop.com
2026-03-06 22:20:29 [info]: GET /api/employees
2026-03-06 22:20:29 [warn]: Admin access denied for user: admin@barbershop.com
2026-03-06 22:20:29 [info]: GET /api/plans
2026-03-06 22:20:29 [info]: GET /api/services
2026-03-06 22:20:29 [warn]: Admin access denied for user: admin@barbershop.com
2026-03-06 22:20:29 [info]: GET /api/reports/dashboard
2026-03-06 22:20:29 [warn]: Admin access denied for user: admin@barbershop.com
2026-03-06 22:20:29 [info]: GET /api/reports/weekly
2026-03-06 22:20:29 [warn]: Admin access denied for user: admin@barbershop.com
2026-03-06 22:20:29 [info]: GET /api/admin/tenants
2026-03-06 22:20:59 [info]: POST /api/auth/register
2026-03-06 22:20:59 [info]: User registered: admin147@gmail.com
2026-03-06 22:20:59 [info]: GET /api/admin/tenants
2026-03-06 22:33:42 [info]: POST /api/auth/login
2026-03-06 22:33:43 [info]: User logged in: matias@gmail.com
2026-03-06 22:33:44 [info]: GET /api/employees
2026-03-06 22:33:44 [info]: GET /api/services
2026-03-06 22:33:44 [info]: GET /api/reports/dashboard
2026-03-06 22:33:44 [info]: GET /api/reports/weekly
2026-03-06 22:33:44 [info]: GET /api/employees
2026-03-06 22:33:44 [info]: GET /api/employees
2026-03-06 22:33:44 [info]: GET /api/employees
2026-03-06 22:33:44 [info]: GET /api/services
2026-03-06 22:33:44 [info]: GET /api/services
2026-03-06 22:33:44 [info]: GET /api/reports/weekly
2026-03-06 22:33:44 [info]: GET /api/services
2026-03-06 22:33:44 [info]: GET /api/reports/dashboard
2026-03-06 22:33:44 [info]: GET /api/reports/weekly
2026-03-06 22:33:44 [info]: GET /api/reports/weekly
2026-03-06 22:33:44 [info]: GET /api/reports/dashboard
2026-03-06 22:33:44 [info]: GET /api/reports/dashboard
2026-03-06 22:33:54 [info]: GET /api/employees
2026-03-06 22:33:54 [info]: GET /api/services/types/all
2026-03-06 22:33:54 [info]: GET /api/employees
2026-03-06 22:33:54 [info]: GET /api/services/types/all
2026-03-06 22:33:59 [info]: GET /api/services/types/all
2026-03-06 22:33:59 [info]: GET /api/services/types/all
2026-03-06 22:34:01 [info]: GET /api/employees
2026-03-06 22:34:01 [info]: GET /api/services/types/all
2026-03-06 22:34:01 [info]: GET /api/employees
2026-03-06 22:34:01 [info]: GET /api/services/types/all
2026-03-06 22:34:03 [info]: GET /api/employees
2026-03-06 22:34:03 [info]: GET /api/services
2026-03-06 22:34:03 [info]: GET /api/reports/dashboard
2026-03-06 22:34:03 [info]: GET /api/reports/weekly
2026-03-06 22:34:09 [info]: POST /api/auth/login
2026-03-06 22:34:10 [info]: User logged in: admin@barbershop.com
2026-03-06 22:34:10 [info]: GET /api/employees
2026-03-06 22:34:10 [warn]: Admin access denied for user: admin@barbershop.com
2026-03-06 22:34:10 [info]: GET /api/services
2026-03-06 22:34:10 [warn]: Admin access denied for user: admin@barbershop.com
2026-03-06 22:34:10 [info]: GET /api/reports/dashboard
2026-03-06 22:34:10 [warn]: Admin access denied for user: admin@barbershop.com
2026-03-06 22:34:10 [info]: GET /api/reports/weekly
2026-03-06 22:34:10 [warn]: Admin access denied for user: admin@barbershop.com
2026-03-06 22:34:10 [info]: GET /api/employees
2026-03-06 22:34:10 [warn]: Admin access denied for user: admin@barbershop.com
2026-03-06 22:34:10 [info]: GET /api/services
2026-03-06 22:34:10 [warn]: Admin access denied for user: admin@barbershop.com
2026-03-06 22:34:10 [info]: GET /api/reports/dashboard
2026-03-06 22:34:10 [warn]: Admin access denied for user: admin@barbershop.com
2026-03-06 22:34:10 [info]: GET /api/plans
2026-03-06 22:34:10 [info]: GET /api/admin/tenants
2026-03-06 22:34:10 [info]: GET /api/reports/weekly
2026-03-06 22:34:10 [warn]: Admin access denied for user: admin@barbershop.com
2026-03-06 22:34:10 [info]: GET /api/employees
2026-03-06 22:34:10 [warn]: Admin access denied for user: admin@barbershop.com
2026-03-06 22:34:10 [info]: GET /api/services
2026-03-06 22:34:10 [warn]: Admin access denied for user: admin@barbershop.com
2026-03-06 22:34:10 [info]: GET /api/reports/dashboard
2026-03-06 22:34:10 [warn]: Admin access denied for user: admin@barbershop.com
2026-03-06 22:34:10 [info]: GET /api/reports/weekly
2026-03-06 22:34:10 [warn]: Admin access denied for user: admin@barbershop.com
2026-03-06 22:34:10 [info]: GET /api/employees
2026-03-06 22:34:10 [warn]: Admin access denied for user: admin@barbershop.com
2026-03-06 22:34:10 [info]: GET /api/services
2026-03-06 22:34:10 [warn]: Admin access denied for user: admin@barbershop.com
2026-03-06 22:34:10 [info]: GET /api/reports/dashboard
2026-03-06 22:34:10 [warn]: Admin access denied for user: admin@barbershop.com
2026-03-06 22:34:10 [info]: GET /api/reports/weekly
2026-03-06 22:34:10 [warn]: Admin access denied for user: admin@barbershop.com
2026-03-06 22:34:10 [info]: GET /api/plans
2026-03-06 22:34:10 [info]: GET /api/admin/tenants
2026-03-06 22:34:49 [info]: POST /api/auth/register
2026-03-06 22:34:49 [error]: Error: La contraseña debe contener al menos un carácter especial
    at Function.register (c:\Users\matia\Downloads\Kimi_Agent_Panel Admin Peluquería Completo\barbershop-admin\backend\src\services\auth.service.ts:82:13)
    at c:\Users\matia\Downloads\Kimi_Agent_Panel Admin Peluquería Completo\barbershop-admin\backend\src\controllers\auth.controller.ts:57:20
2026-03-06 22:35:02 [info]: POST /api/auth/register
2026-03-06 22:35:03 [error]: Error: La contraseña debe contener al menos un carácter especial
    at Function.register (c:\Users\matia\Downloads\Kimi_Agent_Panel Admin Peluquería Completo\barbershop-admin\backend\src\services\auth.service.ts:82:13)
    at c:\Users\matia\Downloads\Kimi_Agent_Panel Admin Peluquería Completo\barbershop-admin\backend\src\controllers\auth.controller.ts:57:20
2026-03-06 22:35:19 [info]: POST /api/auth/register
2026-03-06 22:35:19 [error]: Error: La contraseña debe contener al menos un carácter especial
    at Function.register (c:\Users\matia\Downloads\Kimi_Agent_Panel Admin Peluquería Completo\barbershop-admin\backend\src\services\auth.service.ts:82:13)
    at c:\Users\matia\Downloads\Kimi_Agent_Panel Admin Peluquería Completo\barbershop-admin\backend\src\controllers\auth.controller.ts:57:20
2026-03-06 22:36:19 [info]: POST /api/admin/tenants/bc655ebe-a8a5-4a98-93ce-a824df52a46b/admins
2026-03-06 22:36:26 [info]: POST /api/admin/tenants/bc655ebe-a8a5-4a98-93ce-a824df52a46b/admins
2026-03-06 22:36:39 [info]: POST /api/admin/tenants/bc655ebe-a8a5-4a98-93ce-a824df52a46b/admins
2026-03-06 22:36:39 [info]: GET /api/admin/tenants
2026-03-06 22:37:02 [info]: POST /api/auth/login
2026-03-06 22:37:03 [info]: User logged in: matias1@gmail.com
2026-03-06 22:37:03 [info]: GET /api/employees
2026-03-06 22:37:03 [info]: GET /api/services
2026-03-06 22:37:03 [info]: GET /api/reports/dashboard
2026-03-06 22:37:03 [info]: GET /api/reports/weekly
2026-03-06 22:37:03 [info]: GET /api/employees
2026-03-06 22:37:03 [info]: GET /api/services
2026-03-06 22:37:03 [info]: GET /api/reports/weekly
2026-03-06 22:37:03 [info]: GET /api/employees
2026-03-06 22:37:03 [info]: GET /api/services
2026-03-06 22:37:03 [info]: GET /api/reports/dashboard
2026-03-06 22:37:03 [info]: GET /api/reports/weekly
2026-03-06 22:37:03 [info]: GET /api/employees
2026-03-06 22:37:03 [info]: GET /api/services
2026-03-06 22:37:03 [info]: GET /api/reports/weekly
2026-03-06 22:37:03 [info]: GET /api/reports/dashboard
2026-03-06 22:37:03 [info]: GET /api/reports/dashboard
2026-03-06 22:37:06 [info]: GET /api/employees
2026-03-06 22:37:06 [info]: GET /api/employees
2026-03-06 22:39:48 [info]: POST /api/auth/login
2026-03-06 22:39:49 [info]: User logged in: admin@barbershop.com
2026-03-06 22:39:49 [info]: GET /api/employees
2026-03-06 22:39:49 [warn]: Admin access denied for user: admin@barbershop.com
2026-03-06 22:39:49 [info]: GET /api/services
2026-03-06 22:39:49 [warn]: Admin access denied for user: admin@barbershop.com
2026-03-06 22:39:49 [info]: GET /api/reports/dashboard
2026-03-06 22:39:49 [warn]: Admin access denied for user: admin@barbershop.com
2026-03-06 22:39:49 [info]: GET /api/reports/weekly
2026-03-06 22:39:49 [warn]: Admin access denied for user: admin@barbershop.com
2026-03-06 22:39:49 [info]: GET /api/employees
2026-03-06 22:39:49 [warn]: Admin access denied for user: admin@barbershop.com
2026-03-06 22:39:49 [info]: GET /api/services
2026-03-06 22:39:49 [warn]: Admin access denied for user: admin@barbershop.com
2026-03-06 22:39:49 [info]: GET /api/plans
2026-03-06 22:39:49 [info]: GET /api/admin/tenants
2026-03-06 22:39:49 [info]: GET /api/reports/dashboard
2026-03-06 22:39:49 [warn]: Admin access denied for user: admin@barbershop.com
2026-03-06 22:39:49 [info]: GET /api/reports/weekly
2026-03-06 22:39:49 [warn]: Admin access denied for user: admin@barbershop.com
2026-03-06 22:39:50 [info]: GET /api/employees
2026-03-06 22:39:50 [warn]: Admin access denied for user: admin@barbershop.com
2026-03-06 22:39:50 [info]: GET /api/services
2026-03-06 22:39:50 [warn]: Admin access denied for user: admin@barbershop.com
2026-03-06 22:39:50 [info]: GET /api/reports/dashboard
2026-03-06 22:39:50 [warn]: Admin access denied for user: admin@barbershop.com
2026-03-06 22:39:50 [info]: GET /api/reports/weekly
2026-03-06 22:39:50 [warn]: Admin access denied for user: admin@barbershop.com
2026-03-06 22:39:50 [info]: GET /api/employees
2026-03-06 22:39:50 [warn]: Admin access denied for user: admin@barbershop.com
2026-03-06 22:39:50 [info]: GET /api/services
2026-03-06 22:39:50 [warn]: Admin access denied for user: admin@barbershop.com
2026-03-06 22:39:50 [info]: GET /api/plans
2026-03-06 22:39:50 [info]: GET /api/reports/dashboard
2026-03-06 22:39:50 [warn]: Admin access denied for user: admin@barbershop.com
2026-03-06 22:39:50 [info]: GET /api/reports/weekly
2026-03-06 22:39:50 [warn]: Admin access denied for user: admin@barbershop.com
2026-03-06 22:39:50 [info]: GET /api/admin/tenants
2026-03-06 22:40:24 [info]: POST /api/auth/register
2026-03-06 22:40:24 [error]: Error: La contraseña debe contener al menos una mayúscula
    at Function.register (c:\Users\matia\Downloads\Kimi_Agent_Panel Admin Peluquería Completo\barbershop-admin\backend\src\services\auth.service.ts:82:13)
    at c:\Users\matia\Downloads\Kimi_Agent_Panel Admin Peluquería Completo\barbershop-admin\backend\src\controllers\auth.controller.ts:57:20
2026-03-06 22:40:29 [info]: GET /api/plans
2026-03-06 22:40:29 [info]: GET /api/plans
2026-03-06 22:44:05 [info]: ✅ Database connected successfully
2026-03-06 22:44:05 [info]: 🚀 Server running on port 3001
2026-03-06 22:44:05 [info]: 📊 Environment: development
2026-03-06 22:44:05 [info]: 🔗 API URL: http://localhost:3001/api
2026-03-06 22:44:24 [info]: ✅ Database connected successfully
2026-03-06 22:44:24 [info]: 🚀 Server running on port 3001
2026-03-06 22:44:24 [info]: 📊 Environment: development
2026-03-06 22:44:24 [info]: 🔗 API URL: http://localhost:3001/api
2026-03-06 22:45:18 [info]: POST /api/auth/login
2026-03-06 22:45:19 [info]: User logged in: matias1@gmail.com
2026-03-06 22:45:20 [info]: GET /api/services
2026-03-06 22:45:20 [info]: GET /api/employees
2026-03-06 22:45:20 [info]: GET /api/reports/dashboard
2026-03-06 22:45:20 [info]: GET /api/reports/weekly
2026-03-06 22:45:20 [info]: GET /api/services
2026-03-06 22:45:20 [info]: GET /api/reports/weekly
2026-03-06 22:45:20 [info]: GET /api/services
2026-03-06 22:45:20 [info]: GET /api/reports/weekly
2026-03-06 22:45:20 [info]: GET /api/services
2026-03-06 22:45:20 [info]: GET /api/reports/weekly
2026-03-06 22:45:20 [info]: GET /api/employees
2026-03-06 22:45:20 [info]: GET /api/employees
2026-03-06 22:45:20 [info]: GET /api/employees
2026-03-06 22:45:20 [info]: GET /api/reports/dashboard
2026-03-06 22:45:20 [info]: GET /api/reports/dashboard
2026-03-06 22:45:20 [info]: GET /api/reports/dashboard
2026-03-06 22:45:22 [info]: GET /api/employees
2026-03-06 22:45:22 [info]: GET /api/employees
2026-03-06 22:45:35 [info]: POST /api/auth/login
2026-03-06 22:45:36 [info]: User logged in: admin@barbershop.com
2026-03-06 22:45:36 [info]: GET /api/employees
2026-03-06 22:45:36 [warn]: Admin access denied for user: admin@barbershop.com
2026-03-06 22:45:36 [info]: GET /api/services
2026-03-06 22:45:36 [warn]: Admin access denied for user: admin@barbershop.com
2026-03-06 22:45:36 [info]: GET /api/reports/dashboard
2026-03-06 22:45:36 [warn]: Admin access denied for user: admin@barbershop.com
2026-03-06 22:45:36 [info]: GET /api/reports/weekly
2026-03-06 22:45:36 [warn]: Admin access denied for user: admin@barbershop.com
2026-03-06 22:45:36 [info]: GET /api/employees
2026-03-06 22:45:36 [warn]: Admin access denied for user: admin@barbershop.com
2026-03-06 22:45:36 [info]: GET /api/services
2026-03-06 22:45:36 [warn]: Admin access denied for user: admin@barbershop.com
2026-03-06 22:45:36 [info]: GET /api/plans
2026-03-06 22:45:36 [info]: GET /api/reports/dashboard
2026-03-06 22:45:36 [warn]: Admin access denied for user: admin@barbershop.com
2026-03-06 22:45:36 [info]: GET /api/admin/tenants
2026-03-06 22:45:36 [info]: GET /api/reports/weekly
2026-03-06 22:45:36 [warn]: Admin access denied for user: admin@barbershop.com
2026-03-06 22:45:36 [info]: GET /api/employees
2026-03-06 22:45:36 [warn]: Admin access denied for user: admin@barbershop.com
2026-03-06 22:45:36 [info]: GET /api/services
2026-03-06 22:45:36 [warn]: Admin access denied for user: admin@barbershop.com
2026-03-06 22:45:36 [info]: GET /api/reports/dashboard
2026-03-06 22:45:36 [warn]: Admin access denied for user: admin@barbershop.com
2026-03-06 22:45:36 [info]: GET /api/reports/weekly
2026-03-06 22:45:36 [warn]: Admin access denied for user: admin@barbershop.com
2026-03-06 22:45:36 [info]: GET /api/employees
2026-03-06 22:45:36 [warn]: Admin access denied for user: admin@barbershop.com
2026-03-06 22:45:36 [info]: GET /api/services
2026-03-06 22:45:36 [warn]: Admin access denied for user: admin@barbershop.com
2026-03-06 22:45:36 [info]: GET /api/reports/dashboard
2026-03-06 22:45:36 [warn]: Admin access denied for user: admin@barbershop.com
2026-03-06 22:45:36 [info]: GET /api/plans
2026-03-06 22:45:36 [info]: GET /api/reports/weekly
2026-03-06 22:45:36 [warn]: Admin access denied for user: admin@barbershop.com
2026-03-06 22:45:36 [info]: GET /api/admin/tenants
2026-03-06 22:45:55 [info]: POST /api/auth/login
2026-03-06 22:45:56 [info]: User logged in: matias@gmail.com
2026-03-06 22:45:57 [info]: GET /api/reports/dashboard
2026-03-06 22:45:57 [info]: GET /api/employees
2026-03-06 22:45:57 [info]: GET /api/services
2026-03-06 22:45:57 [info]: GET /api/reports/weekly
2026-03-06 22:45:57 [info]: GET /api/services
2026-03-06 22:45:57 [info]: GET /api/employees
2026-03-06 22:45:57 [info]: GET /api/reports/weekly
2026-03-06 22:45:57 [info]: GET /api/reports/dashboard
2026-03-06 22:45:57 [info]: GET /api/services
2026-03-06 22:45:57 [info]: GET /api/employees
2026-03-06 22:45:57 [info]: GET /api/reports/weekly
2026-03-06 22:45:57 [info]: GET /api/services
2026-03-06 22:45:57 [info]: GET /api/employees
2026-03-06 22:45:57 [info]: GET /api/reports/weekly
2026-03-06 22:45:57 [info]: GET /api/reports/dashboard
2026-03-06 22:45:57 [info]: GET /api/reports/dashboard
2026-03-06 22:46:00 [info]: GET /api/employees
2026-03-06 22:46:00 [info]: GET /api/employees
2026-03-06 22:46:09 [info]: GET /api/reports/weekly
2026-03-06 22:46:09 [info]: GET /api/services
2026-03-06 22:46:09 [info]: GET /api/services
2026-03-06 22:46:09 [info]: GET /api/reports/weekly
2026-03-06 22:46:09 [info]: GET /api/services
2026-03-06 22:46:09 [info]: GET /api/services
2026-03-06 22:46:15 [info]: GET /api/services/types/all
2026-03-06 22:46:15 [info]: GET /api/services/types/all
2026-03-06 22:46:34 [info]: POST /api/auth/login
2026-03-06 22:46:35 [info]: User logged in: matias1@gmail.com
2026-03-06 22:46:35 [info]: GET /api/employees
2026-03-06 22:46:35 [info]: GET /api/services
2026-03-06 22:46:35 [info]: GET /api/reports/dashboard
2026-03-06 22:46:35 [info]: GET /api/reports/weekly
2026-03-06 22:46:35 [info]: GET /api/employees
2026-03-06 22:46:35 [info]: GET /api/services
2026-03-06 22:46:35 [info]: GET /api/employees
2026-03-06 22:46:35 [info]: GET /api/reports/weekly
2026-03-06 22:46:35 [info]: GET /api/services
2026-03-06 22:46:35 [info]: GET /api/reports/dashboard
2026-03-06 22:46:35 [info]: GET /api/employees
2026-03-06 22:46:35 [info]: GET /api/reports/weekly
2026-03-06 22:46:35 [info]: GET /api/services
2026-03-06 22:46:35 [info]: GET /api/reports/weekly
2026-03-06 22:46:35 [info]: GET /api/reports/dashboard
2026-03-06 22:46:35 [info]: GET /api/reports/dashboard
2026-03-06 22:46:36 [info]: GET /api/services/types/all
2026-03-06 22:46:37 [info]: GET /api/services/types/all
2026-03-06 22:50:11 [info]: ✅ Database connected successfully
2026-03-06 22:50:11 [info]: 🚀 Server running on port 3001
2026-03-06 22:50:11 [info]: 📊 Environment: development
2026-03-06 22:50:11 [info]: 🔗 API URL: http://localhost:3001/api
2026-03-06 22:50:31 [info]: ✅ Database connected successfully
2026-03-06 22:50:31 [info]: 🚀 Server running on port 3001
2026-03-06 22:50:31 [info]: 📊 Environment: development
2026-03-06 22:50:31 [info]: 🔗 API URL: http://localhost:3001/api
2026-03-06 22:51:51 [info]: POST /api/auth/login
2026-03-06 22:51:51 [info]: User logged in: matias1@gmail.com
2026-03-06 22:51:51 [info]: GET /api/employees
2026-03-06 22:51:51 [info]: GET /api/services
2026-03-06 22:51:51 [info]: GET /api/reports/dashboard
2026-03-06 22:51:51 [info]: GET /api/reports/weekly
2026-03-06 22:51:51 [info]: GET /api/employees
2026-03-06 22:51:52 [info]: GET /api/employees
2026-03-06 22:51:52 [info]: GET /api/employees
2026-03-06 22:51:52 [info]: GET /api/services
2026-03-06 22:51:52 [info]: GET /api/services
2026-03-06 22:51:52 [info]: GET /api/reports/weekly
2026-03-06 22:51:52 [info]: GET /api/reports/dashboard
2026-03-06 22:51:52 [info]: GET /api/services
2026-03-06 22:51:52 [info]: GET /api/reports/weekly
2026-03-06 22:51:52 [info]: GET /api/reports/weekly
2026-03-06 22:51:52 [info]: GET /api/reports/dashboard
2026-03-06 22:51:52 [info]: GET /api/reports/dashboard
2026-03-06 22:51:53 [info]: GET /api/employees
2026-03-06 22:51:53 [info]: GET /api/employees
2026-03-06 22:51:54 [info]: GET /api/services/types/all
2026-03-06 22:51:54 [info]: GET /api/services/types/all
2026-03-06 22:51:56 [info]: GET /api/employees
2026-03-06 22:51:56 [info]: GET /api/services/types/all
2026-03-06 22:51:56 [info]: GET /api/employees
2026-03-06 22:51:56 [info]: GET /api/services/types/all
2026-03-06 22:51:59 [info]: GET /api/reports/weekly
2026-03-06 22:51:59 [info]: GET /api/services
2026-03-06 22:51:59 [info]: GET /api/services
2026-03-06 22:51:59 [info]: GET /api/reports/weekly
2026-03-06 22:51:59 [info]: GET /api/services
2026-03-06 22:51:59 [info]: GET /api/services
2026-03-06 22:52:02 [info]: GET /api/services/types/all
2026-03-06 22:52:02 [info]: GET /api/services/types/all
2026-03-06 22:52:34 [info]: POST /api/auth/login
2026-03-06 22:52:35 [info]: User logged in: matias@gmail.com
2026-03-06 22:52:35 [info]: GET /api/employees
2026-03-06 22:52:35 [info]: GET /api/services
2026-03-06 22:52:35 [info]: GET /api/reports/dashboard
2026-03-06 22:52:35 [info]: GET /api/reports/weekly
2026-03-06 22:52:35 [info]: GET /api/employees
2026-03-06 22:52:35 [info]: GET /api/services
2026-03-06 22:52:35 [info]: GET /api/reports/weekly
2026-03-06 22:52:35 [info]: GET /api/employees
2026-03-06 22:52:35 [info]: GET /api/reports/dashboard
2026-03-06 22:52:35 [info]: GET /api/services
2026-03-06 22:52:35 [info]: GET /api/reports/weekly
2026-03-06 22:52:35 [info]: GET /api/employees
2026-03-06 22:52:35 [info]: GET /api/services
2026-03-06 22:52:35 [info]: GET /api/reports/weekly
2026-03-06 22:52:35 [info]: GET /api/reports/dashboard
2026-03-06 22:52:35 [info]: GET /api/reports/dashboard
2026-03-06 22:52:39 [info]: GET /api/employees
2026-03-06 22:52:39 [info]: GET /api/employees
2026-03-06 22:52:40 [info]: GET /api/services/types/all
2026-03-06 22:52:40 [info]: GET /api/services/types/all
2026-03-06 22:52:42 [info]: GET /api/employees
2026-03-06 22:52:42 [info]: GET /api/services/types/all
2026-03-06 22:52:42 [info]: GET /api/employees
2026-03-06 22:52:42 [info]: GET /api/services/types/all
2026-03-06 22:52:43 [info]: GET /api/reports/weekly
2026-03-06 22:52:43 [info]: GET /api/services
2026-03-06 22:52:43 [info]: GET /api/services
2026-03-06 22:52:43 [info]: GET /api/reports/weekly
2026-03-06 22:52:43 [info]: GET /api/services
2026-03-06 22:52:43 [info]: GET /api/services
2026-03-06 22:52:46 [info]: GET /api/reports/weekly
2026-03-06 22:52:46 [info]: GET /api/services
2026-03-06 22:52:46 [info]: GET /api/services
2026-03-06 22:52:46 [info]: GET /api/reports/weekly
2026-03-06 22:52:46 [info]: GET /api/services
2026-03-06 22:52:46 [info]: GET /api/services
2026-03-06 22:54:02 [info]: ✅ Database connected successfully
2026-03-06 22:54:02 [info]: 🚀 Server running on port 3001
2026-03-06 22:54:02 [info]: 📊 Environment: development
2026-03-06 22:54:02 [info]: 🔗 API URL: http://localhost:3001/api
2026-03-06 22:55:26 [info]: GET /api/services/types/all
2026-03-06 22:55:27 [info]: GET /api/services/types/all
2026-03-06 22:55:28 [info]: GET /api/employees
2026-03-06 22:55:28 [info]: GET /api/employees
2026-03-06 22:55:31 [info]: GET /api/services/types/all
2026-03-06 22:55:31 [info]: GET /api/services/types/all
2026-03-06 22:55:34 [info]: POST /api/auth/login
2026-03-06 22:55:35 [info]: User logged in: admin@barbershop.com
2026-03-06 22:55:35 [info]: GET /api/employees
2026-03-06 22:55:35 [warn]: Admin access denied for user: admin@barbershop.com
2026-03-06 22:55:35 [info]: GET /api/services
2026-03-06 22:55:35 [warn]: Admin access denied for user: admin@barbershop.com
2026-03-06 22:55:35 [info]: GET /api/reports/dashboard
2026-03-06 22:55:35 [warn]: Admin access denied for user: admin@barbershop.com
2026-03-06 22:55:35 [info]: GET /api/reports/weekly
2026-03-06 22:55:35 [warn]: Admin access denied for user: admin@barbershop.com
2026-03-06 22:55:35 [info]: GET /api/plans
2026-03-06 22:55:35 [info]: GET /api/employees
2026-03-06 22:55:35 [warn]: Admin access denied for user: admin@barbershop.com
2026-03-06 22:55:35 [info]: GET /api/admin/tenants
2026-03-06 22:55:35 [info]: GET /api/services
2026-03-06 22:55:35 [warn]: Admin access denied for user: admin@barbershop.com
2026-03-06 22:55:35 [info]: GET /api/reports/dashboard
2026-03-06 22:55:35 [warn]: Admin access denied for user: admin@barbershop.com
2026-03-06 22:55:35 [info]: GET /api/reports/weekly
2026-03-06 22:55:35 [warn]: Admin access denied for user: admin@barbershop.com
2026-03-06 22:55:35 [info]: GET /api/employees
2026-03-06 22:55:35 [warn]: Admin access denied for user: admin@barbershop.com
2026-03-06 22:55:35 [info]: GET /api/services
2026-03-06 22:55:35 [warn]: Admin access denied for user: admin@barbershop.com
2026-03-06 22:55:35 [info]: GET /api/reports/dashboard
2026-03-06 22:55:35 [warn]: Admin access denied for user: admin@barbershop.com
2026-03-06 22:55:35 [info]: GET /api/reports/weekly
2026-03-06 22:55:35 [warn]: Admin access denied for user: admin@barbershop.com
2026-03-06 22:55:35 [info]: GET /api/plans
2026-03-06 22:55:35 [info]: GET /api/employees
2026-03-06 22:55:35 [warn]: Admin access denied for user: admin@barbershop.com
2026-03-06 22:55:35 [info]: GET /api/services
2026-03-06 22:55:35 [warn]: Admin access denied for user: admin@barbershop.com
2026-03-06 22:55:35 [info]: GET /api/reports/dashboard
2026-03-06 22:55:35 [warn]: Admin access denied for user: admin@barbershop.com
2026-03-06 22:55:35 [info]: GET /api/reports/weekly
2026-03-06 22:55:35 [warn]: Admin access denied for user: admin@barbershop.com
2026-03-06 22:55:35 [info]: GET /api/admin/tenants
2026-03-06 22:55:37 [info]: GET /api/plans
2026-03-06 22:55:37 [info]: GET /api/plans
2026-03-06 22:55:54 [info]: POST /api/auth/login
2026-03-06 22:55:55 [info]: User logged in: matias1@gmail.com
2026-03-06 22:55:55 [info]: GET /api/employees
2026-03-06 22:55:55 [info]: GET /api/services
2026-03-06 22:55:55 [info]: GET /api/reports/dashboard
2026-03-06 22:55:55 [info]: GET /api/reports/weekly
2026-03-06 22:55:55 [info]: GET /api/employees
2026-03-06 22:55:55 [info]: GET /api/services
2026-03-06 22:55:55 [info]: GET /api/services
2026-03-06 22:55:55 [info]: GET /api/services
2026-03-06 22:55:55 [info]: GET /api/employees
2026-03-06 22:55:55 [info]: GET /api/reports/weekly
2026-03-06 22:55:55 [info]: GET /api/employees
2026-03-06 22:55:55 [info]: GET /api/reports/dashboard
2026-03-06 22:55:55 [info]: GET /api/reports/weekly
2026-03-06 22:55:55 [info]: GET /api/reports/weekly
2026-03-06 22:55:55 [info]: GET /api/reports/dashboard
2026-03-06 22:55:55 [info]: GET /api/reports/dashboard
2026-03-06 22:55:57 [info]: GET /api/employees
2026-03-06 22:55:57 [info]: GET /api/employees
2026-03-06 22:55:58 [info]: GET /api/services/types/all
2026-03-06 22:55:58 [info]: GET /api/services/types/all
2026-03-06 22:56:00 [info]: GET /api/employees
2026-03-06 22:56:00 [info]: GET /api/services/types/all
2026-03-06 22:56:00 [info]: GET /api/employees
2026-03-06 22:56:00 [info]: GET /api/services/types/all
2026-03-06 22:56:02 [info]: GET /api/services/types/all
2026-03-06 22:56:02 [info]: GET /api/services/types/all
2026-03-06 22:56:11 [info]: DELETE /api/services/types/61933968-fd2b-4d10-a34e-95a5d02e6a00
2026-03-06 22:56:11 [info]: Service type deleted: 61933968-fd2b-4d10-a34e-95a5d02e6a00
2026-03-06 22:56:11 [info]: GET /api/services/types/all
2026-03-06 22:56:29 [info]: POST /api/auth/login
2026-03-06 22:56:30 [info]: User logged in: matias@gmail.com
2026-03-06 22:56:30 [info]: GET /api/employees
2026-03-06 22:56:30 [info]: GET /api/services
2026-03-06 22:56:30 [info]: GET /api/reports/dashboard
2026-03-06 22:56:30 [info]: GET /api/reports/weekly
2026-03-06 22:56:30 [info]: GET /api/employees
2026-03-06 22:56:30 [info]: GET /api/services
2026-03-06 22:56:30 [info]: GET /api/reports/weekly
2026-03-06 22:56:30 [info]: GET /api/employees
2026-03-06 22:56:30 [info]: GET /api/services
2026-03-06 22:56:30 [info]: GET /api/reports/dashboard
2026-03-06 22:56:30 [info]: GET /api/reports/weekly
2026-03-06 22:56:30 [info]: GET /api/employees
2026-03-06 22:56:30 [info]: GET /api/services
2026-03-06 22:56:30 [info]: GET /api/reports/weekly
2026-03-06 22:56:30 [info]: GET /api/reports/dashboard
2026-03-06 22:56:30 [info]: GET /api/reports/dashboard
2026-03-06 22:56:34 [info]: GET /api/employees
2026-03-06 22:56:34 [info]: GET /api/employees
2026-03-06 22:56:34 [info]: GET /api/services/types/all
2026-03-06 22:56:34 [info]: GET /api/services/types/all
2026-03-06 22:56:43 [info]: DELETE /api/services/types/61933968-fd2b-4d10-a34e-95a5d02e6a00
2026-03-06 22:56:43 [info]: Service type deleted: 61933968-fd2b-4d10-a34e-95a5d02e6a00
2026-03-06 22:56:43 [info]: GET /api/services/types/all
2026-03-06 22:58:39 [info]: ✅ Database connected successfully
2026-03-06 22:58:39 [info]: 🚀 Server running on port 3001
2026-03-06 22:58:39 [info]: 📊 Environment: development
2026-03-06 22:58:39 [info]: 🔗 API URL: http://localhost:3001/api
2026-03-06 22:58:41 [info]: ✅ Database connected successfully
2026-03-06 22:58:41 [info]: 🚀 Server running on port 3001
2026-03-06 22:58:41 [info]: 📊 Environment: development
2026-03-06 22:58:41 [info]: 🔗 API URL: http://localhost:3001/api
2026-03-06 23:01:52 [info]: ✅ Database connected successfully
2026-03-06 23:01:52 [info]: 🚀 Server running on port 3001
2026-03-06 23:01:52 [info]: 📊 Environment: development
2026-03-06 23:01:52 [info]: 🔗 API URL: http://localhost:3001/api
2026-03-06 23:02:12 [info]: ✅ Database connected successfully
2026-03-06 23:02:12 [info]: 🚀 Server running on port 3001
2026-03-06 23:02:12 [info]: 📊 Environment: development
2026-03-06 23:02:12 [info]: 🔗 API URL: http://localhost:3001/api
2026-03-06 23:04:53 [info]: POST /api/auth/login
2026-03-06 23:04:54 [info]: User logged in: admin@barbershop.com
2026-03-06 23:04:54 [info]: GET /api/employees
2026-03-06 23:04:54 [warn]: Admin access denied for user: admin@barbershop.com
2026-03-06 23:04:54 [info]: GET /api/services
2026-03-06 23:04:54 [warn]: Admin access denied for user: admin@barbershop.com
2026-03-06 23:04:54 [info]: GET /api/reports/dashboard
2026-03-06 23:04:54 [warn]: Admin access denied for user: admin@barbershop.com
2026-03-06 23:04:54 [info]: GET /api/reports/weekly
2026-03-06 23:04:54 [warn]: Admin access denied for user: admin@barbershop.com
2026-03-06 23:04:54 [info]: GET /api/employees
2026-03-06 23:04:54 [warn]: Admin access denied for user: admin@barbershop.com
2026-03-06 23:04:54 [info]: GET /api/services
2026-03-06 23:04:54 [warn]: Admin access denied for user: admin@barbershop.com
2026-03-06 23:04:54 [info]: GET /api/plans
2026-03-06 23:04:54 [info]: GET /api/admin/tenants
2026-03-06 23:04:54 [info]: GET /api/reports/dashboard
2026-03-06 23:04:54 [warn]: Admin access denied for user: admin@barbershop.com
2026-03-06 23:04:54 [info]: GET /api/reports/weekly
2026-03-06 23:04:54 [warn]: Admin access denied for user: admin@barbershop.com
2026-03-06 23:04:54 [info]: GET /api/employees
2026-03-06 23:04:54 [warn]: Admin access denied for user: admin@barbershop.com
2026-03-06 23:04:54 [info]: GET /api/services
2026-03-06 23:04:54 [warn]: Admin access denied for user: admin@barbershop.com
2026-03-06 23:04:54 [info]: GET /api/reports/dashboard
2026-03-06 23:04:54 [warn]: Admin access denied for user: admin@barbershop.com
2026-03-06 23:04:54 [info]: GET /api/reports/weekly
2026-03-06 23:04:54 [warn]: Admin access denied for user: admin@barbershop.com
2026-03-06 23:04:54 [info]: GET /api/employees
2026-03-06 23:04:54 [warn]: Admin access denied for user: admin@barbershop.com
2026-03-06 23:04:54 [info]: GET /api/services
2026-03-06 23:04:54 [warn]: Admin access denied for user: admin@barbershop.com
2026-03-06 23:04:54 [info]: GET /api/plans
2026-03-06 23:04:54 [info]: GET /api/reports/dashboard
2026-03-06 23:04:54 [warn]: Admin access denied for user: admin@barbershop.com
2026-03-06 23:04:54 [info]: GET /api/reports/weekly
2026-03-06 23:04:54 [warn]: Admin access denied for user: admin@barbershop.com
2026-03-06 23:04:54 [info]: GET /api/admin/tenants
2026-03-06 23:04:57 [info]: GET /api/plans
2026-03-06 23:04:57 [info]: GET /api/plans
2026-03-06 23:04:58 [info]: GET /api/plans
2026-03-06 23:04:58 [info]: GET /api/plans
2026-03-06 23:05:20 [info]: POST /api/auth/login
2026-03-06 23:05:20 [info]: User logged in: matias1@gmail.com
2026-03-06 23:05:21 [info]: GET /api/employees
2026-03-06 23:05:21 [info]: GET /api/services
2026-03-06 23:05:21 [info]: GET /api/reports/weekly
2026-03-06 23:05:21 [info]: GET /api/reports/dashboard
2026-03-06 23:05:21 [info]: GET /api/employees
2026-03-06 23:05:21 [info]: GET /api/services
2026-03-06 23:05:21 [info]: GET /api/reports/weekly
2026-03-06 23:05:21 [info]: GET /api/employees
2026-03-06 23:05:21 [info]: GET /api/services
2026-03-06 23:05:21 [info]: GET /api/reports/weekly
2026-03-06 23:05:21 [info]: GET /api/employees
2026-03-06 23:05:21 [info]: GET /api/services
2026-03-06 23:05:21 [info]: GET /api/reports/weekly
2026-03-06 23:05:21 [info]: GET /api/reports/dashboard
2026-03-06 23:05:21 [info]: GET /api/reports/dashboard
2026-03-06 23:05:21 [info]: GET /api/reports/dashboard
2026-03-06 23:05:22 [info]: GET /api/employees
2026-03-06 23:05:22 [info]: GET /api/employees
2026-03-06 23:05:24 [info]: GET /api/services/types/all
2026-03-06 23:05:24 [info]: GET /api/services/types/all
2026-03-06 23:05:25 [info]: GET /api/employees
2026-03-06 23:05:25 [info]: GET /api/services/types/all
2026-03-06 23:05:25 [info]: GET /api/employees
2026-03-06 23:05:25 [info]: GET /api/services/types/all
2026-03-06 23:05:26 [info]: GET /api/services/types/all
2026-03-06 23:05:26 [info]: GET /api/services/types/all
2026-03-06 23:05:44 [info]: POST /api/auth/login
2026-03-06 23:05:44 [info]: User logged in: matias@gmail.com
2026-03-06 23:05:44 [info]: GET /api/employees
2026-03-06 23:05:44 [info]: GET /api/services
2026-03-06 23:05:44 [info]: GET /api/reports/dashboard
2026-03-06 23:05:44 [info]: GET /api/reports/weekly
2026-03-06 23:05:44 [info]: GET /api/employees
2026-03-06 23:05:44 [info]: GET /api/services
2026-03-06 23:05:44 [info]: GET /api/employees
2026-03-06 23:05:44 [info]: GET /api/reports/weekly
2026-03-06 23:05:44 [info]: GET /api/services
2026-03-06 23:05:44 [info]: GET /api/reports/dashboard
2026-03-06 23:05:44 [info]: GET /api/employees
2026-03-06 23:05:44 [info]: GET /api/reports/weekly
2026-03-06 23:05:44 [info]: GET /api/services
2026-03-06 23:05:44 [info]: GET /api/reports/weekly
2026-03-06 23:05:44 [info]: GET /api/reports/dashboard
2026-03-06 23:05:44 [info]: GET /api/reports/dashboard
2026-03-06 23:05:47 [info]: GET /api/employees
2026-03-06 23:05:48 [info]: GET /api/employees
2026-03-06 23:05:48 [info]: GET /api/services/types/all
2026-03-06 23:05:48 [info]: GET /api/services/types/all
2026-03-06 23:05:57 [info]: PUT /api/services/types/61933968-fd2b-4d10-a34e-95a5d02e6a00
2026-03-06 23:05:57 [info]: Service type updated: 61933968-fd2b-4d10-a34e-95a5d02e6a00
2026-03-06 23:05:58 [info]: GET /api/services/types/all
2026-03-06 23:06:18 [info]: POST /api/auth/login
2026-03-06 23:06:19 [info]: User logged in: admin@barbershop.com
2026-03-06 23:06:19 [info]: GET /api/employees
2026-03-06 23:06:19 [warn]: Admin access denied for user: admin@barbershop.com
2026-03-06 23:06:19 [info]: GET /api/services
2026-03-06 23:06:19 [warn]: Admin access denied for user: admin@barbershop.com
2026-03-06 23:06:19 [info]: GET /api/reports/dashboard
2026-03-06 23:06:19 [warn]: Admin access denied for user: admin@barbershop.com
2026-03-06 23:06:19 [info]: GET /api/reports/weekly
2026-03-06 23:06:19 [warn]: Admin access denied for user: admin@barbershop.com
2026-03-06 23:06:19 [info]: GET /api/employees
2026-03-06 23:06:19 [warn]: Admin access denied for user: admin@barbershop.com
2026-03-06 23:06:19 [info]: GET /api/services
2026-03-06 23:06:19 [warn]: Admin access denied for user: admin@barbershop.com
2026-03-06 23:06:19 [info]: GET /api/reports/dashboard
2026-03-06 23:06:19 [warn]: Admin access denied for user: admin@barbershop.com
2026-03-06 23:06:19 [info]: GET /api/reports/weekly
2026-03-06 23:06:19 [warn]: Admin access denied for user: admin@barbershop.com
2026-03-06 23:06:19 [info]: GET /api/plans
2026-03-06 23:06:19 [info]: GET /api/admin/tenants
2026-03-06 23:06:19 [info]: GET /api/employees
2026-03-06 23:06:19 [warn]: Admin access denied for user: admin@barbershop.com
2026-03-06 23:06:19 [info]: GET /api/services
2026-03-06 23:06:19 [warn]: Admin access denied for user: admin@barbershop.com
2026-03-06 23:06:19 [info]: GET /api/reports/dashboard
2026-03-06 23:06:19 [warn]: Admin access denied for user: admin@barbershop.com
2026-03-06 23:06:19 [info]: GET /api/reports/weekly
2026-03-06 23:06:19 [warn]: Admin access denied for user: admin@barbershop.com
2026-03-06 23:06:19 [info]: GET /api/employees
2026-03-06 23:06:19 [warn]: Admin access denied for user: admin@barbershop.com
2026-03-06 23:06:19 [info]: GET /api/services
2026-03-06 23:06:19 [warn]: Admin access denied for user: admin@barbershop.com
2026-03-06 23:06:19 [info]: GET /api/reports/dashboard
2026-03-06 23:06:19 [warn]: Admin access denied for user: admin@barbershop.com
2026-03-06 23:06:19 [info]: GET /api/reports/weekly
2026-03-06 23:06:19 [warn]: Admin access denied for user: admin@barbershop.com
2026-03-06 23:06:19 [info]: GET /api/plans
2026-03-06 23:06:19 [info]: GET /api/admin/tenants
2026-03-06 23:06:21 [info]: GET /api/plans
2026-03-06 23:06:21 [info]: GET /api/plans
2026-03-06 23:08:25 [info]: GET /api/plans/active
2026-03-06 23:08:25 [info]: GET /api/plans/active
2026-03-06 23:08:28 [info]: GET /api/plans/active
2026-03-06 23:08:28 [info]: GET /api/plans/active
2026-03-07 10:46:54 [info]: ✅ Database connected successfully
2026-03-07 10:46:54 [info]: 🚀 Server running on port 3001
2026-03-07 10:46:54 [info]: 📊 Environment: development
2026-03-07 10:46:54 [info]: 🔗 API URL: http://localhost:3001/api
2026-03-07 10:47:09 [info]: POST /api/auth/login
2026-03-07 10:47:12 [info]: User logged in: admin@barbershop.com
2026-03-07 10:47:13 [info]: GET /api/services
2026-03-07 10:47:13 [warn]: Admin access denied for user: admin@barbershop.com
2026-03-07 10:47:13 [info]: GET /api/employees
2026-03-07 10:47:13 [warn]: Admin access denied for user: admin@barbershop.com
2026-03-07 10:47:13 [info]: GET /api/reports/dashboard
2026-03-07 10:47:13 [warn]: Admin access denied for user: admin@barbershop.com
2026-03-07 10:47:13 [info]: GET /api/reports/weekly
2026-03-07 10:47:13 [warn]: Admin access denied for user: admin@barbershop.com
2026-03-07 10:47:13 [info]: GET /api/employees
2026-03-07 10:47:13 [warn]: Admin access denied for user: admin@barbershop.com
2026-03-07 10:47:13 [info]: GET /api/services
2026-03-07 10:47:13 [warn]: Admin access denied for user: admin@barbershop.com
2026-03-07 10:47:13 [info]: GET /api/reports/dashboard
2026-03-07 10:47:13 [warn]: Admin access denied for user: admin@barbershop.com
2026-03-07 10:47:13 [info]: GET /api/reports/weekly
2026-03-07 10:47:13 [warn]: Admin access denied for user: admin@barbershop.com
2026-03-07 10:47:13 [info]: GET /api/plans
2026-03-07 10:47:13 [info]: GET /api/employees
2026-03-07 10:47:13 [warn]: Admin access denied for user: admin@barbershop.com
2026-03-07 10:47:13 [info]: GET /api/admin/tenants
2026-03-07 10:47:13 [info]: GET /api/services
2026-03-07 10:47:13 [warn]: Admin access denied for user: admin@barbershop.com
2026-03-07 10:47:13 [info]: GET /api/reports/dashboard
2026-03-07 10:47:13 [warn]: Admin access denied for user: admin@barbershop.com
2026-03-07 10:47:13 [info]: GET /api/employees
2026-03-07 10:47:13 [warn]: Admin access denied for user: admin@barbershop.com
2026-03-07 10:47:13 [info]: GET /api/reports/dashboard
2026-03-07 10:47:13 [warn]: Admin access denied for user: admin@barbershop.com
2026-03-07 10:47:13 [info]: GET /api/reports/weekly
2026-03-07 10:47:13 [warn]: Admin access denied for user: admin@barbershop.com
2026-03-07 10:47:13 [info]: GET /api/services
2026-03-07 10:47:13 [warn]: Admin access denied for user: admin@barbershop.com
2026-03-07 10:47:13 [info]: GET /api/reports/weekly
2026-03-07 10:47:13 [warn]: Admin access denied for user: admin@barbershop.com
2026-03-07 10:47:13 [info]: GET /api/plans
2026-03-07 10:47:13 [info]: GET /api/admin/tenants
2026-03-07 10:49:02 [info]: POST /api/auth/login
2026-03-07 10:49:02 [info]: User logged in: admin@barbershop.com
2026-03-07 10:49:03 [info]: GET /api/employees
2026-03-07 10:49:03 [warn]: Admin access denied for user: admin@barbershop.com
2026-03-07 10:49:03 [info]: GET /api/services
2026-03-07 10:49:03 [warn]: Admin access denied for user: admin@barbershop.com
2026-03-07 10:49:03 [info]: GET /api/reports/dashboard
2026-03-07 10:49:03 [warn]: Admin access denied for user: admin@barbershop.com
2026-03-07 10:49:03 [info]: GET /api/reports/weekly
2026-03-07 10:49:03 [warn]: Admin access denied for user: admin@barbershop.com
2026-03-07 10:49:03 [info]: GET /api/employees
2026-03-07 10:49:03 [warn]: Admin access denied for user: admin@barbershop.com
2026-03-07 10:49:03 [info]: GET /api/services
2026-03-07 10:49:03 [warn]: Admin access denied for user: admin@barbershop.com
2026-03-07 10:49:03 [info]: GET /api/reports/dashboard
2026-03-07 10:49:03 [warn]: Admin access denied for user: admin@barbershop.com
2026-03-07 10:49:03 [info]: GET /api/plans
2026-03-07 10:49:03 [info]: GET /api/admin/tenants
2026-03-07 10:49:03 [info]: GET /api/reports/weekly
2026-03-07 10:49:03 [warn]: Admin access denied for user: admin@barbershop.com
2026-03-07 10:49:03 [info]: GET /api/employees
2026-03-07 10:49:03 [warn]: Admin access denied for user: admin@barbershop.com
2026-03-07 10:49:03 [info]: GET /api/services
2026-03-07 10:49:03 [warn]: Admin access denied for user: admin@barbershop.com
2026-03-07 10:49:03 [info]: GET /api/reports/dashboard
2026-03-07 10:49:03 [warn]: Admin access denied for user: admin@barbershop.com
2026-03-07 10:49:03 [info]: GET /api/reports/weekly
2026-03-07 10:49:03 [warn]: Admin access denied for user: admin@barbershop.com
2026-03-07 10:49:03 [info]: GET /api/employees
2026-03-07 10:49:03 [warn]: Admin access denied for user: admin@barbershop.com
2026-03-07 10:49:03 [info]: GET /api/services
2026-03-07 10:49:03 [warn]: Admin access denied for user: admin@barbershop.com
2026-03-07 10:49:03 [info]: GET /api/reports/dashboard
2026-03-07 10:49:03 [warn]: Admin access denied for user: admin@barbershop.com
2026-03-07 10:49:03 [info]: GET /api/plans
2026-03-07 10:49:03 [info]: GET /api/admin/tenants
2026-03-07 10:49:03 [info]: GET /api/reports/weekly
2026-03-07 10:49:03 [warn]: Admin access denied for user: admin@barbershop.com
2026-03-07 10:49:11 [info]: PATCH /api/admin/tenants/bc655ebe-a8a5-4a98-93ce-a824df52a46b/toggle
2026-03-07 10:49:11 [info]: GET /api/admin/tenants
2026-03-07 10:49:28 [info]: POST /api/auth/login
2026-03-07 10:49:29 [info]: User logged in: matias1@gmail.com
2026-03-07 10:49:29 [info]: GET /api/employees
2026-03-07 10:49:29 [info]: GET /api/services
2026-03-07 10:49:29 [info]: GET /api/reports/dashboard
2026-03-07 10:49:29 [info]: GET /api/reports/weekly
2026-03-07 10:49:29 [info]: GET /api/employees
2026-03-07 10:49:29 [info]: GET /api/services
2026-03-07 10:49:29 [info]: GET /api/services
2026-03-07 10:49:29 [info]: GET /api/services
2026-03-07 10:49:29 [info]: GET /api/reports/weekly
2026-03-07 10:49:29 [info]: GET /api/employees
2026-03-07 10:49:29 [info]: GET /api/reports/weekly
2026-03-07 10:49:29 [info]: GET /api/reports/dashboard
2026-03-07 10:49:29 [info]: GET /api/employees
2026-03-07 10:49:29 [info]: GET /api/reports/weekly
2026-03-07 10:49:29 [info]: GET /api/reports/dashboard
2026-03-07 10:49:29 [info]: GET /api/reports/dashboard
2026-03-07 10:49:31 [info]: GET /api/employees
2026-03-07 10:49:31 [info]: GET /api/employees
2026-03-07 10:49:41 [info]: POST /api/auth/login
2026-03-07 10:49:42 [info]: User logged in: admin@barbershop.com
2026-03-07 10:49:42 [info]: GET /api/employees
2026-03-07 10:49:42 [warn]: Admin access denied for user: admin@barbershop.com
2026-03-07 10:49:42 [info]: GET /api/services
2026-03-07 10:49:42 [warn]: Admin access denied for user: admin@barbershop.com
2026-03-07 10:49:42 [info]: GET /api/reports/dashboard
2026-03-07 10:49:42 [warn]: Admin access denied for user: admin@barbershop.com
2026-03-07 10:49:42 [info]: GET /api/reports/weekly
2026-03-07 10:49:42 [warn]: Admin access denied for user: admin@barbershop.com
2026-03-07 10:49:42 [info]: GET /api/employees
2026-03-07 10:49:42 [warn]: Admin access denied for user: admin@barbershop.com
2026-03-07 10:49:42 [info]: GET /api/services
2026-03-07 10:49:42 [warn]: Admin access denied for user: admin@barbershop.com
2026-03-07 10:49:42 [info]: GET /api/plans
2026-03-07 10:49:42 [info]: GET /api/admin/tenants
2026-03-07 10:49:42 [info]: GET /api/reports/dashboard
2026-03-07 10:49:42 [warn]: Admin access denied for user: admin@barbershop.com
2026-03-07 10:49:42 [info]: GET /api/reports/weekly
2026-03-07 10:49:42 [warn]: Admin access denied for user: admin@barbershop.com
2026-03-07 10:49:42 [info]: GET /api/employees
2026-03-07 10:49:42 [warn]: Admin access denied for user: admin@barbershop.com
2026-03-07 10:49:42 [info]: GET /api/services
2026-03-07 10:49:42 [warn]: Admin access denied for user: admin@barbershop.com
2026-03-07 10:49:42 [info]: GET /api/reports/dashboard
2026-03-07 10:49:42 [warn]: Admin access denied for user: admin@barbershop.com
2026-03-07 10:49:42 [info]: GET /api/reports/weekly
2026-03-07 10:49:42 [warn]: Admin access denied for user: admin@barbershop.com
2026-03-07 10:49:42 [info]: GET /api/employees
2026-03-07 10:49:42 [warn]: Admin access denied for user: admin@barbershop.com
2026-03-07 10:49:42 [info]: GET /api/services
2026-03-07 10:49:42 [warn]: Admin access denied for user: admin@barbershop.com
2026-03-07 10:49:42 [info]: GET /api/plans
2026-03-07 10:49:42 [info]: GET /api/reports/dashboard
2026-03-07 10:49:42 [warn]: Admin access denied for user: admin@barbershop.com
2026-03-07 10:49:42 [info]: GET /api/reports/weekly
2026-03-07 10:49:42 [warn]: Admin access denied for user: admin@barbershop.com
2026-03-07 10:49:42 [info]: GET /api/admin/tenants
2026-03-07 10:57:00 [info]: ✅ Database connected successfully
2026-03-07 10:57:00 [info]: 🚀 Server running on port 3001
2026-03-07 10:57:00 [info]: 📊 Environment: development
2026-03-07 10:57:00 [info]: 🔗 API URL: http://localhost:3001/api
2026-03-07 10:57:18 [info]: ✅ Database connected successfully
2026-03-07 10:57:19 [info]: 🚀 Server running on port 3001
2026-03-07 10:57:19 [info]: 📊 Environment: development
2026-03-07 10:57:19 [info]: 🔗 API URL: http://localhost:3001/api
2026-03-07 10:57:41 [info]: ✅ Database connected successfully
2026-03-07 10:57:41 [info]: 🚀 Server running on port 3001
2026-03-07 10:57:41 [info]: 📊 Environment: development
2026-03-07 10:57:41 [info]: 🔗 API URL: http://localhost:3001/api
2026-03-07 10:59:17 [info]: POST /api/auth/login
2026-03-07 10:59:17 [warn]: Login attempt for inactive tenant: bc655ebe-a8a5-4a98-93ce-a824df52a46b by user: matias1@gmail.com
2026-03-07 10:59:18 [error]: Error: TENANT_INACTIVE
    at Function.login (C:\Users\matia\Downloads\Kimi_Agent_Panel Admin Peluquería Completo\barbershop-admin\backend\src\services\auth.service.ts:37:26)
    at C:\Users\matia\Downloads\Kimi_Agent_Panel Admin Peluquería Completo\barbershop-admin\backend\src\controllers\auth.controller.ts:46:20
2026-03-07 10:59:36 [info]: POST /api/auth/login
2026-03-07 10:59:36 [warn]: Login attempt for inactive tenant: bc655ebe-a8a5-4a98-93ce-a824df52a46b by user: matias1@gmail.com
2026-03-07 10:59:36 [error]: Error: TENANT_INACTIVE
    at Function.login (C:\Users\matia\Downloads\Kimi_Agent_Panel Admin Peluquería Completo\barbershop-admin\backend\src\services\auth.service.ts:37:26)
    at C:\Users\matia\Downloads\Kimi_Agent_Panel Admin Peluquería Completo\barbershop-admin\backend\src\controllers\auth.controller.ts:46:20
2026-03-07 11:03:19 [info]: POST /api/auth/login
2026-03-07 11:03:19 [warn]: Login attempt for inactive tenant: bc655ebe-a8a5-4a98-93ce-a824df52a46b by user: matias1@gmail.com
2026-03-07 11:03:19 [error]: Error: TENANT_INACTIVE
    at Function.login (C:\Users\matia\Downloads\Kimi_Agent_Panel Admin Peluquería Completo\barbershop-admin\backend\src\services\auth.service.ts:37:26)
    at C:\Users\matia\Downloads\Kimi_Agent_Panel Admin Peluquería Completo\barbershop-admin\backend\src\controllers\auth.controller.ts:46:20
2026-03-07 11:03:40 [info]: POST /api/auth/login
2026-03-07 11:03:40 [warn]: Login attempt for inactive tenant: bc655ebe-a8a5-4a98-93ce-a824df52a46b by user: matias1@gmail.com
2026-03-07 11:03:40 [error]: Error: TENANT_INACTIVE
    at Function.login (C:\Users\matia\Downloads\Kimi_Agent_Panel Admin Peluquería Completo\barbershop-admin\backend\src\services\auth.service.ts:37:26)
    at C:\Users\matia\Downloads\Kimi_Agent_Panel Admin Peluquería Completo\barbershop-admin\backend\src\controllers\auth.controller.ts:46:20
2026-03-07 11:03:48 [info]: POST /api/auth/login
2026-03-07 11:03:49 [info]: User logged in: admin@barbershop.com
2026-03-07 11:03:49 [info]: GET /api/employees
2026-03-07 11:03:49 [warn]: Admin access denied for user: admin@barbershop.com
2026-03-07 11:03:49 [info]: GET /api/reports/dashboard
2026-03-07 11:03:49 [warn]: Admin access denied for user: admin@barbershop.com
2026-03-07 11:03:49 [info]: GET /api/services
2026-03-07 11:03:49 [warn]: Admin access denied for user: admin@barbershop.com
2026-03-07 11:03:49 [info]: GET /api/reports/weekly
2026-03-07 11:03:49 [warn]: Admin access denied for user: admin@barbershop.com
2026-03-07 11:03:49 [info]: GET /api/employees
2026-03-07 11:03:49 [warn]: Admin access denied for user: admin@barbershop.com
2026-03-07 11:03:49 [info]: GET /api/reports/dashboard
2026-03-07 11:03:49 [warn]: Admin access denied for user: admin@barbershop.com
2026-03-07 11:03:49 [info]: GET /api/services
2026-03-07 11:03:49 [warn]: Admin access denied for user: admin@barbershop.com
2026-03-07 11:03:49 [info]: GET /api/plans
2026-03-07 11:03:49 [info]: GET /api/admin/tenants
2026-03-07 11:03:49 [info]: GET /api/reports/weekly
2026-03-07 11:03:49 [warn]: Admin access denied for user: admin@barbershop.com
2026-03-07 11:03:49 [info]: GET /api/employees
2026-03-07 11:03:49 [warn]: Admin access denied for user: admin@barbershop.com
2026-03-07 11:03:49 [info]: GET /api/reports/dashboard
2026-03-07 11:03:49 [warn]: Admin access denied for user: admin@barbershop.com
2026-03-07 11:03:49 [info]: GET /api/services
2026-03-07 11:03:49 [warn]: Admin access denied for user: admin@barbershop.com
2026-03-07 11:03:49 [info]: GET /api/reports/weekly
2026-03-07 11:03:49 [warn]: Admin access denied for user: admin@barbershop.com
2026-03-07 11:03:49 [info]: GET /api/employees
2026-03-07 11:03:49 [warn]: Admin access denied for user: admin@barbershop.com
2026-03-07 11:03:49 [info]: GET /api/reports/dashboard
2026-03-07 11:03:49 [warn]: Admin access denied for user: admin@barbershop.com
2026-03-07 11:03:49 [info]: GET /api/services
2026-03-07 11:03:49 [warn]: Admin access denied for user: admin@barbershop.com
2026-03-07 11:03:49 [info]: GET /api/plans
2026-03-07 11:03:49 [info]: GET /api/reports/weekly
2026-03-07 11:03:49 [warn]: Admin access denied for user: admin@barbershop.com
2026-03-07 11:03:49 [info]: GET /api/admin/tenants
2026-03-07 11:03:53 [info]: PATCH /api/admin/tenants/bc655ebe-a8a5-4a98-93ce-a824df52a46b/toggle
2026-03-07 11:03:53 [info]: GET /api/admin/tenants
2026-03-07 11:04:11 [info]: POST /api/auth/login
2026-03-07 11:06:34 [info]: POST /api/auth/login
2026-03-07 11:06:40 [info]: POST /api/auth/login
2026-03-07 11:06:40 [info]: POST /api/auth/login
2026-03-07 11:06:49 [info]: POST /api/auth/login
2026-03-07 11:11:18 [info]: ✅ Database connected successfully
2026-03-07 11:11:18 [info]: 🚀 Server running on port 3001
2026-03-07 11:11:18 [info]: 📊 Environment: development
2026-03-07 11:11:18 [info]: 🔗 API URL: http://localhost:3001/api
2026-03-07 11:11:39 [info]: ✅ Database connected successfully
2026-03-07 11:11:39 [info]: 🚀 Server running on port 3001
2026-03-07 11:11:39 [info]: 📊 Environment: development
2026-03-07 11:11:39 [info]: 🔗 API URL: http://localhost:3001/api
2026-03-07 11:17:44 [info]: POST /api/auth/login
2026-03-07 11:17:46 [warn]: Client error:
2026-03-07 11:17:50 [info]: POST /api/auth/login
2026-03-07 11:17:51 [warn]: Client error:
2026-03-07 11:18:15 [info]: POST /api/auth/login
2026-03-07 11:18:15 [warn]: Client error:
2026-03-07 11:20:14 [info]: ✅ Database connected successfully
2026-03-07 11:20:14 [info]: 🚀 Server running on port 3001
2026-03-07 11:20:14 [info]: 📊 Environment: development
2026-03-07 11:20:14 [info]: 🔗 API URL: http://localhost:3001/api
2026-03-07 11:25:10 [info]: POST /api/auth/login
2026-03-07 11:25:11 [info]: User logged in: matias1@gmail.com
2026-03-07 11:25:11 [info]: GET /api/employees
2026-03-07 11:25:11 [info]: GET /api/services
2026-03-07 11:25:11 [info]: GET /api/reports/dashboard
2026-03-07 11:25:11 [info]: GET /api/reports/weekly
2026-03-07 11:25:11 [info]: GET /api/employees
2026-03-07 11:25:11 [info]: GET /api/employees
2026-03-07 11:25:11 [info]: GET /api/employees
2026-03-07 11:25:11 [info]: GET /api/services
2026-03-07 11:25:11 [info]: GET /api/services
2026-03-07 11:25:11 [info]: GET /api/services
2026-03-07 11:25:11 [info]: GET /api/reports/weekly
2026-03-07 11:25:11 [info]: GET /api/reports/weekly
2026-03-07 11:25:11 [info]: GET /api/reports/dashboard
2026-03-07 11:25:11 [info]: GET /api/reports/weekly
2026-03-07 11:25:11 [info]: GET /api/reports/dashboard
2026-03-07 11:25:11 [info]: GET /api/reports/dashboard
2026-03-07 11:26:15 [info]: POST /api/auth/login
2026-03-07 11:26:16 [info]: User logged in: admin@barbershop.com
2026-03-07 11:26:16 [info]: GET /api/employees
2026-03-07 11:26:16 [warn]: Admin access denied for user: admin@barbershop.com
2026-03-07 11:26:16 [info]: GET /api/services
2026-03-07 11:26:16 [warn]: Admin access denied for user: admin@barbershop.com
2026-03-07 11:26:16 [info]: GET /api/reports/dashboard
2026-03-07 11:26:16 [warn]: Admin access denied for user: admin@barbershop.com
2026-03-07 11:26:16 [info]: GET /api/reports/weekly
2026-03-07 11:26:16 [warn]: Admin access denied for user: admin@barbershop.com
2026-03-07 11:26:16 [info]: GET /api/employees
2026-03-07 11:26:16 [warn]: Admin access denied for user: admin@barbershop.com
2026-03-07 11:26:16 [info]: GET /api/services
2026-03-07 11:26:16 [warn]: Admin access denied for user: admin@barbershop.com
2026-03-07 11:26:16 [info]: GET /api/plans
2026-03-07 11:26:16 [info]: GET /api/admin/tenants
2026-03-07 11:26:16 [info]: GET /api/reports/dashboard
2026-03-07 11:26:16 [warn]: Admin access denied for user: admin@barbershop.com
2026-03-07 11:26:16 [info]: GET /api/reports/weekly
2026-03-07 11:26:16 [warn]: Admin access denied for user: admin@barbershop.com
2026-03-07 11:26:16 [info]: GET /api/employees
2026-03-07 11:26:16 [warn]: Admin access denied for user: admin@barbershop.com
2026-03-07 11:26:16 [info]: GET /api/services
2026-03-07 11:26:16 [warn]: Admin access denied for user: admin@barbershop.com
2026-03-07 11:26:16 [info]: GET /api/reports/dashboard
2026-03-07 11:26:16 [warn]: Admin access denied for user: admin@barbershop.com
2026-03-07 11:26:16 [info]: GET /api/reports/weekly
2026-03-07 11:26:16 [warn]: Admin access denied for user: admin@barbershop.com
2026-03-07 11:26:16 [info]: GET /api/employees
2026-03-07 11:26:16 [warn]: Admin access denied for user: admin@barbershop.com
2026-03-07 11:26:16 [info]: GET /api/services
2026-03-07 11:26:16 [warn]: Admin access denied for user: admin@barbershop.com
2026-03-07 11:26:16 [info]: GET /api/plans
2026-03-07 11:26:16 [info]: GET /api/reports/dashboard
2026-03-07 11:26:16 [warn]: Admin access denied for user: admin@barbershop.com
2026-03-07 11:26:16 [info]: GET /api/reports/weekly
2026-03-07 11:26:16 [warn]: Admin access denied for user: admin@barbershop.com
2026-03-07 11:26:16 [info]: GET /api/admin/tenants
2026-03-07 11:26:29 [info]: POST /api/auth/login
2026-03-07 11:26:29 [warn]: Failed login attempt 1/4 for: matias@gmail.com (3 left)
2026-03-07 11:26:29 [error]: Error: Credenciales inválidas. Te quedan 3 intentos antes de bloquear la cuenta.
    at Function.login (C:\Users\matia\Downloads\Kimi_Agent_Panel Admin Peluquería Completo\barbershop-admin\backend\src\services\auth.service.ts:87:24)
    at C:\Users\matia\Downloads\Kimi_Agent_Panel Admin Peluquería Completo\barbershop-admin\backend\src\controllers\auth.controller.ts:46:20
2026-03-07 11:26:35 [info]: POST /api/auth/login
2026-03-07 11:26:36 [warn]: Failed login attempt 1/4 for: matias@gmail.com (3 left)
2026-03-07 11:26:36 [error]: Error: Credenciales inválidas. Te quedan 3 intentos antes de bloquear la cuenta.
    at Function.login (C:\Users\matia\Downloads\Kimi_Agent_Panel Admin Peluquería Completo\barbershop-admin\backend\src\services\auth.service.ts:87:24)
    at C:\Users\matia\Downloads\Kimi_Agent_Panel Admin Peluquería Completo\barbershop-admin\backend\src\controllers\auth.controller.ts:46:20
2026-03-07 11:27:03 [info]: POST /api/auth/login
2026-03-07 11:27:04 [info]: User logged in: matias@gmail.com
2026-03-07 11:27:04 [info]: GET /api/employees
2026-03-07 11:27:04 [info]: GET /api/services
2026-03-07 11:27:04 [info]: GET /api/reports/dashboard
2026-03-07 11:27:04 [info]: GET /api/reports/weekly
2026-03-07 11:27:04 [info]: GET /api/employees
2026-03-07 11:27:04 [info]: GET /api/services
2026-03-07 11:27:04 [info]: GET /api/reports/weekly
2026-03-07 11:27:04 [info]: GET /api/employees
2026-03-07 11:27:04 [info]: GET /api/services
2026-03-07 11:27:04 [info]: GET /api/reports/dashboard
2026-03-07 11:27:04 [info]: GET /api/reports/weekly
2026-03-07 11:27:04 [info]: GET /api/employees
2026-03-07 11:27:04 [info]: GET /api/services
2026-03-07 11:27:04 [info]: GET /api/reports/weekly
2026-03-07 11:27:04 [info]: GET /api/reports/dashboard
2026-03-07 11:27:04 [info]: GET /api/reports/dashboard
2026-03-07 11:27:07 [info]: GET /api/employees
2026-03-07 11:27:07 [info]: GET /api/employees
2026-03-07 11:27:08 [info]: GET /api/services/types/all
2026-03-07 11:27:08 [info]: GET /api/services/types/all
2026-03-07 11:27:09 [info]: GET /api/employees
2026-03-07 11:27:09 [info]: GET /api/services/types/all
2026-03-07 11:27:09 [info]: GET /api/employees
2026-03-07 11:27:09 [info]: GET /api/services/types/all
2026-03-07 11:27:10 [info]: GET /api/reports/weekly
2026-03-07 11:27:10 [info]: GET /api/services
2026-03-07 11:27:10 [info]: GET /api/services
2026-03-07 11:27:10 [info]: GET /api/reports/weekly
2026-03-07 11:27:10 [info]: GET /api/services
2026-03-07 11:27:10 [info]: GET /api/services
2026-03-07 11:32:18 [info]: POST /api/auth/login
2026-03-07 11:32:20 [info]: POST /api/auth/login
2026-03-07 11:32:35 [info]: POST /api/auth/login
2026-03-07 11:32:54 [info]: POST /api/auth/login
2026-03-07 11:33:01 [info]: POST /api/auth/login
2026-03-07 11:33:07 [info]: SIGINT received. Shutting down gracefully...
2026-03-07 11:33:12 [info]: ✅ Database connected successfully
2026-03-07 11:33:12 [info]: 🚀 Server running on port 3001
2026-03-07 11:33:12 [info]: 📊 Environment: development
2026-03-07 11:33:12 [info]: 🔗 API URL: http://localhost:3001/api
2026-03-07 11:33:44 [info]: POST /api/auth/login
2026-03-07 11:33:45 [info]: User logged in: admin@barbershop.com
2026-03-07 11:33:45 [info]: GET /api/employees
2026-03-07 11:33:45 [warn]: Admin access denied for user: admin@barbershop.com
2026-03-07 11:33:45 [info]: GET /api/services
2026-03-07 11:33:45 [warn]: Admin access denied for user: admin@barbershop.com
2026-03-07 11:33:45 [info]: GET /api/reports/dashboard
2026-03-07 11:33:45 [warn]: Admin access denied for user: admin@barbershop.com
2026-03-07 11:33:45 [info]: GET /api/reports/weekly
2026-03-07 11:33:45 [warn]: Admin access denied for user: admin@barbershop.com
2026-03-07 11:33:45 [info]: GET /api/employees
2026-03-07 11:33:45 [warn]: Admin access denied for user: admin@barbershop.com
2026-03-07 11:33:45 [info]: GET /api/services
2026-03-07 11:33:45 [warn]: Admin access denied for user: admin@barbershop.com
2026-03-07 11:33:45 [info]: GET /api/reports/dashboard
2026-03-07 11:33:45 [warn]: Admin access denied for user: admin@barbershop.com
2026-03-07 11:33:45 [info]: GET /api/reports/weekly
2026-03-07 11:33:45 [warn]: Admin access denied for user: admin@barbershop.com
2026-03-07 11:33:45 [info]: GET /api/plans
2026-03-07 11:33:45 [info]: GET /api/admin/tenants
2026-03-07 11:33:45 [info]: GET /api/employees
2026-03-07 11:33:45 [warn]: Admin access denied for user: admin@barbershop.com
2026-03-07 11:33:45 [info]: GET /api/services
2026-03-07 11:33:45 [warn]: Admin access denied for user: admin@barbershop.com
2026-03-07 11:33:45 [info]: GET /api/reports/dashboard
2026-03-07 11:33:45 [warn]: Admin access denied for user: admin@barbershop.com
2026-03-07 11:33:45 [info]: GET /api/reports/weekly
2026-03-07 11:33:45 [warn]: Admin access denied for user: admin@barbershop.com
2026-03-07 11:33:45 [info]: GET /api/employees
2026-03-07 11:33:45 [warn]: Admin access denied for user: admin@barbershop.com
2026-03-07 11:33:45 [info]: GET /api/services
2026-03-07 11:33:45 [warn]: Admin access denied for user: admin@barbershop.com
2026-03-07 11:33:45 [info]: GET /api/reports/dashboard
2026-03-07 11:33:45 [warn]: Admin access denied for user: admin@barbershop.com
2026-03-07 11:33:45 [info]: GET /api/reports/weekly
2026-03-07 11:33:45 [warn]: Admin access denied for user: admin@barbershop.com
2026-03-07 11:33:45 [info]: GET /api/plans
2026-03-07 11:33:45 [info]: GET /api/admin/tenants
2026-03-07 11:34:04 [info]: POST /api/auth/login
2026-03-07 11:34:05 [info]: User logged in: matias1@gmail.com
2026-03-07 11:34:05 [info]: GET /api/employees
2026-03-07 11:34:05 [info]: GET /api/services
2026-03-07 11:34:05 [info]: GET /api/reports/dashboard
2026-03-07 11:34:05 [info]: GET /api/reports/weekly
2026-03-07 11:34:05 [info]: GET /api/employees
2026-03-07 11:34:05 [info]: GET /api/services
2026-03-07 11:34:05 [info]: GET /api/reports/weekly
2026-03-07 11:34:05 [info]: GET /api/employees
2026-03-07 11:34:05 [info]: GET /api/services
2026-03-07 11:34:05 [info]: GET /api/reports/weekly
2026-03-07 11:34:05 [info]: GET /api/employees
2026-03-07 11:34:05 [info]: GET /api/services
2026-03-07 11:34:05 [info]: GET /api/reports/weekly
2026-03-07 11:34:05 [info]: GET /api/reports/dashboard
2026-03-07 11:34:05 [info]: GET /api/reports/dashboard
2026-03-07 11:34:05 [info]: GET /api/reports/dashboard
2026-03-07 11:34:06 [info]: GET /api/employees
2026-03-07 11:34:06 [info]: GET /api/employees
2026-03-07 11:34:07 [info]: GET /api/services/types/all
2026-03-07 11:34:07 [info]: GET /api/services/types/all
2026-03-07 11:34:09 [info]: GET /api/employees
2026-03-07 11:34:09 [info]: GET /api/services/types/all
2026-03-07 11:34:09 [info]: GET /api/employees
2026-03-07 11:34:09 [info]: GET /api/services/types/all
2026-03-07 11:34:10 [info]: GET /api/reports/weekly
2026-03-07 11:34:10 [info]: GET /api/services
2026-03-07 11:34:10 [info]: GET /api/services
2026-03-07 11:34:10 [info]: GET /api/reports/weekly
2026-03-07 11:34:10 [info]: GET /api/services
2026-03-07 11:34:10 [info]: GET /api/services
2026-03-07 11:34:13 [info]: GET /api/reports/weekly
2026-03-07 11:34:13 [info]: GET /api/services
2026-03-07 11:34:13 [info]: GET /api/services
2026-03-07 11:34:13 [info]: GET /api/reports/weekly
2026-03-07 11:34:13 [info]: GET /api/services
2026-03-07 11:34:13 [info]: GET /api/services
2026-03-07 11:34:14 [info]: GET /api/services/types/all
2026-03-07 11:34:14 [info]: GET /api/services/types/all
2026-03-07 11:34:32 [info]: POST /api/auth/login
2026-03-07 11:34:33 [warn]: Failed login attempt 1/4 for: matias1@gmail.com (3 left)
2026-03-07 11:34:33 [error]: Error: Credenciales inválidas. Te quedan 3 intentos antes de bloquear la cuenta.
    at Function.login (C:\Users\matia\Downloads\Kimi_Agent_Panel Admin Peluquería Completo\barbershop-admin\backend\src\services\auth.service.ts:87:24)
    at C:\Users\matia\Downloads\Kimi_Agent_Panel Admin Peluquería Completo\barbershop-admin\backend\src\controllers\auth.controller.ts:46:20
2026-03-07 11:34:34 [info]: POST /api/auth/login
2026-03-07 11:34:35 [warn]: Failed login attempt 1/4 for: matias1@gmail.com (3 left)
2026-03-07 11:34:35 [error]: Error: Credenciales inválidas. Te quedan 3 intentos antes de bloquear la cuenta.
    at Function.login (C:\Users\matia\Downloads\Kimi_Agent_Panel Admin Peluquería Completo\barbershop-admin\backend\src\services\auth.service.ts:87:24)
    at C:\Users\matia\Downloads\Kimi_Agent_Panel Admin Peluquería Completo\barbershop-admin\backend\src\controllers\auth.controller.ts:46:20
2026-03-07 11:34:36 [info]: POST /api/auth/login
2026-03-07 11:34:37 [warn]: Failed login attempt 1/4 for: matias1@gmail.com (3 left)
2026-03-07 11:34:37 [error]: Error: Credenciales inválidas. Te quedan 3 intentos antes de bloquear la cuenta.
    at Function.login (C:\Users\matia\Downloads\Kimi_Agent_Panel Admin Peluquería Completo\barbershop-admin\backend\src\services\auth.service.ts:87:24)
    at C:\Users\matia\Downloads\Kimi_Agent_Panel Admin Peluquería Completo\barbershop-admin\backend\src\controllers\auth.controller.ts:46:20
2026-03-07 11:34:37 [info]: POST /api/auth/login
2026-03-07 11:34:53 [info]: POST /api/auth/login
2026-03-07 11:36:24 [info]: ✅ Database connected successfully
2026-03-07 11:36:24 [info]: 🚀 Server running on port 3001
2026-03-07 11:36:24 [info]: 📊 Environment: development
2026-03-07 11:36:24 [info]: 🔗 API URL: http://localhost:3001/api
2026-03-07 11:37:04 [info]: SIGINT received. Shutting down gracefully...
2026-03-07 11:37:10 [info]: ✅ Database connected successfully
2026-03-07 11:37:10 [info]: 🚀 Server running on port 3001
2026-03-07 11:37:10 [info]: 📊 Environment: development
2026-03-07 11:37:10 [info]: 🔗 API URL: http://localhost:3001/api
2026-03-07 11:37:32 [info]: POST /api/auth/login
2026-03-07 11:37:33 [info]: User logged in: admin@barbershop.com
2026-03-07 11:37:33 [info]: GET /api/employees
2026-03-07 11:37:33 [warn]: Admin access denied for user: admin@barbershop.com
2026-03-07 11:37:33 [info]: GET /api/services
2026-03-07 11:37:33 [warn]: Admin access denied for user: admin@barbershop.com
2026-03-07 11:37:33 [info]: GET /api/reports/dashboard
2026-03-07 11:37:33 [warn]: Admin access denied for user: admin@barbershop.com
2026-03-07 11:37:33 [info]: GET /api/reports/weekly
2026-03-07 11:37:33 [warn]: Admin access denied for user: admin@barbershop.com
2026-03-07 11:37:33 [info]: GET /api/employees
2026-03-07 11:37:33 [warn]: Admin access denied for user: admin@barbershop.com
2026-03-07 11:37:33 [info]: GET /api/services
2026-03-07 11:37:33 [warn]: Admin access denied for user: admin@barbershop.com
2026-03-07 11:37:33 [info]: GET /api/reports/dashboard
2026-03-07 11:37:33 [warn]: Admin access denied for user: admin@barbershop.com
2026-03-07 11:37:33 [info]: GET /api/reports/weekly
2026-03-07 11:37:33 [warn]: Admin access denied for user: admin@barbershop.com
2026-03-07 11:37:33 [info]: GET /api/plans
2026-03-07 11:37:33 [info]: GET /api/admin/tenants
2026-03-07 11:37:33 [info]: GET /api/employees
2026-03-07 11:37:33 [warn]: Admin access denied for user: admin@barbershop.com
2026-03-07 11:37:33 [info]: GET /api/services
2026-03-07 11:37:33 [warn]: Admin access denied for user: admin@barbershop.com
2026-03-07 11:37:33 [info]: GET /api/reports/dashboard
2026-03-07 11:37:33 [warn]: Admin access denied for user: admin@barbershop.com
2026-03-07 11:37:33 [info]: GET /api/reports/weekly
2026-03-07 11:37:33 [warn]: Admin access denied for user: admin@barbershop.com
2026-03-07 11:37:33 [info]: GET /api/employees
2026-03-07 11:37:33 [warn]: Admin access denied for user: admin@barbershop.com
2026-03-07 11:37:33 [info]: GET /api/services
2026-03-07 11:37:33 [warn]: Admin access denied for user: admin@barbershop.com
2026-03-07 11:37:33 [info]: GET /api/reports/dashboard
2026-03-07 11:37:33 [warn]: Admin access denied for user: admin@barbershop.com
2026-03-07 11:37:33 [info]: GET /api/reports/weekly
2026-03-07 11:37:33 [warn]: Admin access denied for user: admin@barbershop.com
2026-03-07 11:37:33 [info]: GET /api/plans
2026-03-07 11:37:33 [info]: GET /api/admin/tenants
2026-03-07 11:38:00 [info]: POST /api/auth/login
2026-03-07 11:38:01 [info]: User logged in: matias1@gmail.com
2026-03-07 11:38:01 [info]: GET /api/employees
2026-03-07 11:38:01 [info]: GET /api/services
2026-03-07 11:38:01 [info]: GET /api/reports/dashboard
2026-03-07 11:38:01 [info]: GET /api/reports/weekly
2026-03-07 11:38:01 [info]: GET /api/employees
2026-03-07 11:38:01 [info]: GET /api/services
2026-03-07 11:38:01 [info]: GET /api/employees
2026-03-07 11:38:01 [info]: GET /api/services
2026-03-07 11:38:01 [info]: GET /api/employees
2026-03-07 11:38:01 [info]: GET /api/services
2026-03-07 11:38:01 [info]: GET /api/reports/weekly
2026-03-07 11:38:01 [info]: GET /api/reports/dashboard
2026-03-07 11:38:01 [info]: GET /api/reports/weekly
2026-03-07 11:38:01 [info]: GET /api/reports/weekly
2026-03-07 11:38:01 [info]: GET /api/reports/dashboard
2026-03-07 11:38:01 [info]: GET /api/reports/dashboard
2026-03-07 11:38:44 [info]: POST /api/auth/login
2026-03-07 11:38:45 [warn]: Failed login attempt 1/4 for: matias@gmail.com (3 left)
2026-03-07 11:38:45 [error]: Error: Credenciales inválidas. Te quedan 3 intentos antes de bloquear la cuenta.
    at Function.login (C:\Users\matia\Downloads\Kimi_Agent_Panel Admin Peluquería Completo\barbershop-admin\backend\src\services\auth.service.ts:87:24)
    at C:\Users\matia\Downloads\Kimi_Agent_Panel Admin Peluquería Completo\barbershop-admin\backend\src\controllers\auth.controller.ts:46:20
2026-03-07 11:38:46 [info]: POST /api/auth/login
2026-03-07 11:38:47 [warn]: Failed login attempt 1/4 for: matias@gmail.com (3 left)
2026-03-07 11:38:47 [error]: Error: Credenciales inválidas. Te quedan 3 intentos antes de bloquear la cuenta.
    at Function.login (C:\Users\matia\Downloads\Kimi_Agent_Panel Admin Peluquería Completo\barbershop-admin\backend\src\services\auth.service.ts:87:24)
    at C:\Users\matia\Downloads\Kimi_Agent_Panel Admin Peluquería Completo\barbershop-admin\backend\src\controllers\auth.controller.ts:46:20
2026-03-07 11:38:48 [info]: POST /api/auth/login
2026-03-07 11:38:48 [warn]: Failed login attempt 1/4 for: matias@gmail.com (3 left)
2026-03-07 11:38:48 [error]: Error: Credenciales inválidas. Te quedan 3 intentos antes de bloquear la cuenta.
    at Function.login (C:\Users\matia\Downloads\Kimi_Agent_Panel Admin Peluquería Completo\barbershop-admin\backend\src\services\auth.service.ts:87:24)
    at C:\Users\matia\Downloads\Kimi_Agent_Panel Admin Peluquería Completo\barbershop-admin\backend\src\controllers\auth.controller.ts:46:20
2026-03-07 11:38:49 [info]: POST /api/auth/login
2026-03-07 11:38:50 [warn]: Failed login attempt 1/4 for: matias@gmail.com (3 left)
2026-03-07 11:38:50 [error]: Error: Credenciales inválidas. Te quedan 3 intentos antes de bloquear la cuenta.
    at Function.login (C:\Users\matia\Downloads\Kimi_Agent_Panel Admin Peluquería Completo\barbershop-admin\backend\src\services\auth.service.ts:87:24)
    at C:\Users\matia\Downloads\Kimi_Agent_Panel Admin Peluquería Completo\barbershop-admin\backend\src\controllers\auth.controller.ts:46:20
2026-03-07 11:38:52 [info]: POST /api/auth/login
2026-03-07 11:38:52 [warn]: Failed login attempt 1/4 for: matias@gmail.com (3 left)
2026-03-07 11:38:52 [error]: Error: Credenciales inválidas. Te quedan 3 intentos antes de bloquear la cuenta.
    at Function.login (C:\Users\matia\Downloads\Kimi_Agent_Panel Admin Peluquería Completo\barbershop-admin\backend\src\services\auth.service.ts:87:24)
    at C:\Users\matia\Downloads\Kimi_Agent_Panel Admin Peluquería Completo\barbershop-admin\backend\src\controllers\auth.controller.ts:46:20
2026-03-07 11:39:14 [info]: POST /api/auth/login
2026-03-07 11:39:15 [warn]: Failed login attempt 1/4 for: matias@gmail.com (3 left)
2026-03-07 11:39:15 [error]: Error: Credenciales inválidas. Te quedan 3 intentos antes de bloquear la cuenta.
    at Function.login (C:\Users\matia\Downloads\Kimi_Agent_Panel Admin Peluquería Completo\barbershop-admin\backend\src\services\auth.service.ts:87:24)
    at C:\Users\matia\Downloads\Kimi_Agent_Panel Admin Peluquería Completo\barbershop-admin\backend\src\controllers\auth.controller.ts:46:20
2026-03-07 11:39:15 [info]: POST /api/auth/login
2026-03-07 11:39:16 [warn]: Failed login attempt 1/4 for: matias@gmail.com (3 left)
2026-03-07 11:39:16 [error]: Error: Credenciales inválidas. Te quedan 3 intentos antes de bloquear la cuenta.
    at Function.login (C:\Users\matia\Downloads\Kimi_Agent_Panel Admin Peluquería Completo\barbershop-admin\backend\src\services\auth.service.ts:87:24)
    at C:\Users\matia\Downloads\Kimi_Agent_Panel Admin Peluquería Completo\barbershop-admin\backend\src\controllers\auth.controller.ts:46:20
2026-03-07 11:40:01 [info]: POST /api/auth/login
2026-03-07 11:40:01 [warn]: Failed login attempt 1/4 for: matias@gmail.com (3 left)
2026-03-07 11:40:01 [error]: Error: Credenciales inválidas. Te quedan 3 intentos antes de bloquear la cuenta.
    at Function.login (C:\Users\matia\Downloads\Kimi_Agent_Panel Admin Peluquería Completo\barbershop-admin\backend\src\services\auth.service.ts:87:24)
    at C:\Users\matia\Downloads\Kimi_Agent_Panel Admin Peluquería Completo\barbershop-admin\backend\src\controllers\auth.controller.ts:46:20
2026-03-07 11:40:02 [info]: POST /api/auth/login
2026-03-07 11:40:03 [warn]: Failed login attempt 1/4 for: matias@gmail.com (3 left)
2026-03-07 11:40:03 [error]: Error: Credenciales inválidas. Te quedan 3 intentos antes de bloquear la cuenta.
    at Function.login (C:\Users\matia\Downloads\Kimi_Agent_Panel Admin Peluquería Completo\barbershop-admin\backend\src\services\auth.service.ts:87:24)
    at C:\Users\matia\Downloads\Kimi_Agent_Panel Admin Peluquería Completo\barbershop-admin\backend\src\controllers\auth.controller.ts:46:20
2026-03-07 11:41:39 [info]: ✅ Database connected successfully
2026-03-07 11:41:39 [info]: 🚀 Server running on port 3001
2026-03-07 11:41:39 [info]: 📊 Environment: development
2026-03-07 11:41:39 [info]: 🔗 API URL: http://localhost:3001/api
2026-03-07 11:42:27 [info]: POST /api/auth/login
2026-03-07 11:42:28 [warn]: Failed login attempt 1/4 for: matias@gmail.com (3 left)
2026-03-07 11:42:28 [error]: Error: Credenciales inválidas. Te quedan 3 intentos antes de bloquear la cuenta.
    at Function.login (C:\Users\matia\Downloads\Kimi_Agent_Panel Admin Peluquería Completo\barbershop-admin\backend\src\services\auth.service.ts:98:24)
    at C:\Users\matia\Downloads\Kimi_Agent_Panel Admin Peluquería Completo\barbershop-admin\backend\src\controllers\auth.controller.ts:46:20
2026-03-07 11:42:28 [info]: POST /api/auth/login
2026-03-07 11:42:29 [warn]: Failed login attempt 2/4 for: matias@gmail.com (2 left)
2026-03-07 11:42:29 [error]: Error: Credenciales inválidas. Te quedan 2 intentos antes de bloquear la cuenta.
    at Function.login (C:\Users\matia\Downloads\Kimi_Agent_Panel Admin Peluquería Completo\barbershop-admin\backend\src\services\auth.service.ts:98:24)
    at C:\Users\matia\Downloads\Kimi_Agent_Panel Admin Peluquería Completo\barbershop-admin\backend\src\controllers\auth.controller.ts:46:20
2026-03-07 11:42:30 [info]: POST /api/auth/login
2026-03-07 11:42:30 [warn]: Failed login attempt 3/4 for: matias@gmail.com (1 left)
2026-03-07 11:42:30 [error]: Error: Credenciales inválidas. Te quedan 1 intento antes de bloquear la cuenta.
    at Function.login (C:\Users\matia\Downloads\Kimi_Agent_Panel Admin Peluquería Completo\barbershop-admin\backend\src\services\auth.service.ts:98:24)
    at C:\Users\matia\Downloads\Kimi_Agent_Panel Admin Peluquería Completo\barbershop-admin\backend\src\controllers\auth.controller.ts:46:20
2026-03-07 11:42:31 [info]: POST /api/auth/login
2026-03-07 11:42:32 [warn]: Account locked after 4 failed attempts: matias@gmail.com
2026-03-07 11:42:32 [error]: Error: ACCOUNT_LOCKED
    at Function.login (C:\Users\matia\Downloads\Kimi_Agent_Panel Admin Peluquería Completo\barbershop-admin\backend\src\services\auth.service.ts:88:26)
    at C:\Users\matia\Downloads\Kimi_Agent_Panel Admin Peluquería Completo\barbershop-admin\backend\src\controllers\auth.controller.ts:46:20
2026-03-07 11:42:49 [info]: POST /api/auth/login
2026-03-07 11:42:50 [warn]: Failed login attempt 1/4 for: matias1@gmail.com (3 left)
2026-03-07 11:42:50 [error]: Error: Credenciales inválidas. Te quedan 3 intentos antes de bloquear la cuenta.
    at Function.login (C:\Users\matia\Downloads\Kimi_Agent_Panel Admin Peluquería Completo\barbershop-admin\backend\src\services\auth.service.ts:98:24)
    at C:\Users\matia\Downloads\Kimi_Agent_Panel Admin Peluquería Completo\barbershop-admin\backend\src\controllers\auth.controller.ts:46:20
2026-03-07 11:43:14 [info]: POST /api/auth/login
2026-03-07 11:43:15 [info]: User logged in: matias1@gmail.com
2026-03-07 11:43:15 [info]: GET /api/employees
2026-03-07 11:43:15 [info]: GET /api/services
2026-03-07 11:43:15 [info]: GET /api/reports/dashboard
2026-03-07 11:43:15 [info]: GET /api/reports/weekly
2026-03-07 11:43:15 [info]: GET /api/employees
2026-03-07 11:43:15 [info]: GET /api/employees
2026-03-07 11:43:15 [info]: GET /api/employees
2026-03-07 11:43:15 [info]: GET /api/services
2026-03-07 11:43:15 [info]: GET /api/reports/weekly
2026-03-07 11:43:15 [info]: GET /api/services
2026-03-07 11:43:15 [info]: GET /api/reports/weekly
2026-03-07 11:43:15 [info]: GET /api/services
2026-03-07 11:43:16 [info]: GET /api/reports/dashboard
2026-03-07 11:43:16 [info]: GET /api/reports/weekly
2026-03-07 11:43:16 [info]: GET /api/reports/dashboard
2026-03-07 11:43:16 [info]: GET /api/reports/dashboard
2026-03-07 11:43:28 [info]: POST /api/auth/login
2026-03-07 11:43:28 [warn]: Login attempt for locked account: matias@gmail.com, unlocks in 15min
2026-03-07 11:43:28 [error]: Error: ACCOUNT_LOCKED
    at Function.login (C:\Users\matia\Downloads\Kimi_Agent_Panel Admin Peluquería Completo\barbershop-admin\backend\src\services\auth.service.ts:37:24)
    at C:\Users\matia\Downloads\Kimi_Agent_Panel Admin Peluquería Completo\barbershop-admin\backend\src\controllers\auth.controller.ts:46:38
    at C:\Users\matia\Downloads\Kimi_Agent_Panel Admin Peluquería Completo\barbershop-admin\backend\src\middleware\error.middleware.ts:121:21
    at Layer.handle [as handle_request] (C:\Users\matia\Downloads\Kimi_Agent_Panel Admin Peluquería Completo\barbershop-admin\backend\node_modules\express\lib\router\layer.js:95:5)
    at next (C:\Users\matia\Downloads\Kimi_Agent_Panel Admin Peluquería Completo\barbershop-admin\backend\node_modules\express\lib\router\route.js:149:13)
    at Route.dispatch (C:\Users\matia\Downloads\Kimi_Agent_Panel Admin Peluquería Completo\barbershop-admin\backend\node_modules\express\lib\router\route.js:119:3)
    at Layer.handle [as handle_request] (C:\Users\matia\Downloads\Kimi_Agent_Panel Admin Peluquería Completo\barbershop-admin\backend\node_modules\express\lib\router\layer.js:95:5)
    at C:\Users\matia\Downloads\Kimi_Agent_Panel Admin Peluquería Completo\barbershop-admin\backend\node_modules\express\lib\router\index.js:284:15
    at Function.process_params (C:\Users\matia\Downloads\Kimi_Agent_Panel Admin Peluquería Completo\barbershop-admin\backend\node_modules\express\lib\router\index.js:346:12)
    at next (C:\Users\matia\Downloads\Kimi_Agent_Panel Admin Peluquería Completo\barbershop-admin\backend\node_modules\express\lib\router\index.js:280:10)
2026-03-07 11:43:45 [info]: POST /api/auth/login
2026-03-07 11:43:45 [info]: User logged in: matias1@gmail.com
2026-03-07 11:43:45 [info]: GET /api/employees
2026-03-07 11:43:45 [info]: GET /api/services
2026-03-07 11:43:45 [info]: GET /api/reports/dashboard
2026-03-07 11:43:45 [info]: GET /api/reports/weekly
2026-03-07 11:43:45 [info]: GET /api/employees
2026-03-07 11:43:45 [info]: GET /api/services
2026-03-07 11:43:45 [info]: GET /api/reports/weekly
2026-03-07 11:43:45 [info]: GET /api/services
2026-03-07 11:43:45 [info]: GET /api/reports/weekly
2026-03-07 11:43:45 [info]: GET /api/employees
2026-03-07 11:43:45 [info]: GET /api/reports/dashboard
2026-03-07 11:43:46 [info]: GET /api/services
2026-03-07 11:43:46 [info]: GET /api/reports/weekly
2026-03-07 11:43:46 [info]: GET /api/employees
2026-03-07 11:43:46 [info]: GET /api/reports/dashboard
2026-03-07 11:43:46 [info]: GET /api/reports/dashboard
2026-03-07 11:44:27 [info]: GET /api/reports/weekly
2026-03-07 11:44:27 [info]: GET /api/services
2026-03-07 11:44:27 [info]: GET /api/services
2026-03-07 11:44:27 [info]: GET /api/reports/weekly
2026-03-07 11:44:27 [info]: GET /api/services
2026-03-07 11:44:27 [info]: GET /api/services
2026-03-07 11:44:29 [info]: GET /api/reports/weekly
2026-03-07 11:44:29 [info]: GET /api/services
2026-03-07 11:44:29 [info]: GET /api/services
2026-03-07 11:44:29 [info]: GET /api/reports/weekly
2026-03-07 11:44:29 [info]: GET /api/services
2026-03-07 11:44:29 [info]: GET /api/services
2026-03-07 11:46:05 [info]: POST /api/auth/login
2026-03-07 11:46:05 [warn]: Login attempt for locked account: matias@gmail.com, unlocks in 12min
2026-03-07 11:46:05 [error]: Error: ACCOUNT_LOCKED
    at Function.login (C:\Users\matia\Downloads\Kimi_Agent_Panel Admin Peluquería Completo\barbershop-admin\backend\src\services\auth.service.ts:37:24)
    at C:\Users\matia\Downloads\Kimi_Agent_Panel Admin Peluquería Completo\barbershop-admin\backend\src\controllers\auth.controller.ts:46:38
    at C:\Users\matia\Downloads\Kimi_Agent_Panel Admin Peluquería Completo\barbershop-admin\backend\src\middleware\error.middleware.ts:121:21
    at Layer.handle [as handle_request] (C:\Users\matia\Downloads\Kimi_Agent_Panel Admin Peluquería Completo\barbershop-admin\backend\node_modules\express\lib\router\layer.js:95:5)
    at next (C:\Users\matia\Downloads\Kimi_Agent_Panel Admin Peluquería Completo\barbershop-admin\backend\node_modules\express\lib\router\route.js:149:13)
    at Route.dispatch (C:\Users\matia\Downloads\Kimi_Agent_Panel Admin Peluquería Completo\barbershop-admin\backend\node_modules\express\lib\router\route.js:119:3)
    at Layer.handle [as handle_request] (C:\Users\matia\Downloads\Kimi_Agent_Panel Admin Peluquería Completo\barbershop-admin\backend\node_modules\express\lib\router\layer.js:95:5)
    at C:\Users\matia\Downloads\Kimi_Agent_Panel Admin Peluquería Completo\barbershop-admin\backend\node_modules\express\lib\router\index.js:284:15
    at Function.process_params (C:\Users\matia\Downloads\Kimi_Agent_Panel Admin Peluquería Completo\barbershop-admin\backend\node_modules\express\lib\router\index.js:346:12)
    at next (C:\Users\matia\Downloads\Kimi_Agent_Panel Admin Peluquería Completo\barbershop-admin\backend\node_modules\express\lib\router\index.js:280:10)
2026-03-07 11:48:18 [info]: POST /api/auth/login
2026-03-07 11:48:18 [warn]: Login attempt for locked account: matias@gmail.com, unlocks in 10min
2026-03-07 11:48:18 [error]: Error: ACCOUNT_LOCKED
    at Function.login (C:\Users\matia\Downloads\Kimi_Agent_Panel Admin Peluquería Completo\barbershop-admin\backend\src\services\auth.service.ts:37:24)
    at C:\Users\matia\Downloads\Kimi_Agent_Panel Admin Peluquería Completo\barbershop-admin\backend\src\controllers\auth.controller.ts:46:38
    at C:\Users\matia\Downloads\Kimi_Agent_Panel Admin Peluquería Completo\barbershop-admin\backend\src\middleware\error.middleware.ts:121:21
    at Layer.handle [as handle_request] (C:\Users\matia\Downloads\Kimi_Agent_Panel Admin Peluquería Completo\barbershop-admin\backend\node_modules\express\lib\router\layer.js:95:5)
    at next (C:\Users\matia\Downloads\Kimi_Agent_Panel Admin Peluquería Completo\barbershop-admin\backend\node_modules\express\lib\router\route.js:149:13)
    at Route.dispatch (C:\Users\matia\Downloads\Kimi_Agent_Panel Admin Peluquería Completo\barbershop-admin\backend\node_modules\express\lib\router\route.js:119:3)
    at Layer.handle [as handle_request] (C:\Users\matia\Downloads\Kimi_Agent_Panel Admin Peluquería Completo\barbershop-admin\backend\node_modules\express\lib\router\layer.js:95:5)
    at C:\Users\matia\Downloads\Kimi_Agent_Panel Admin Peluquería Completo\barbershop-admin\backend\node_modules\express\lib\router\index.js:284:15
    at Function.process_params (C:\Users\matia\Downloads\Kimi_Agent_Panel Admin Peluquería Completo\barbershop-admin\backend\node_modules\express\lib\router\index.js:346:12)
    at next (C:\Users\matia\Downloads\Kimi_Agent_Panel Admin Peluquería Completo\barbershop-admin\backend\node_modules\express\lib\router\index.js:280:10)
2026-03-07 11:48:59 [info]: POST /api/auth/login
2026-03-07 11:48:59 [warn]: Login attempt for locked account: matias@gmail.com, unlocks in 9min
2026-03-07 11:48:59 [error]: Error: ACCOUNT_LOCKED
    at Function.login (C:\Users\matia\Downloads\Kimi_Agent_Panel Admin Peluquería Completo\barbershop-admin\backend\src\services\auth.service.ts:37:24)
    at C:\Users\matia\Downloads\Kimi_Agent_Panel Admin Peluquería Completo\barbershop-admin\backend\src\controllers\auth.controller.ts:46:38
    at C:\Users\matia\Downloads\Kimi_Agent_Panel Admin Peluquería Completo\barbershop-admin\backend\src\middleware\error.middleware.ts:121:21
    at Layer.handle [as handle_request] (C:\Users\matia\Downloads\Kimi_Agent_Panel Admin Peluquería Completo\barbershop-admin\backend\node_modules\express\lib\router\layer.js:95:5)
    at next (C:\Users\matia\Downloads\Kimi_Agent_Panel Admin Peluquería Completo\barbershop-admin\backend\node_modules\express\lib\router\route.js:149:13)
    at Route.dispatch (C:\Users\matia\Downloads\Kimi_Agent_Panel Admin Peluquería Completo\barbershop-admin\backend\node_modules\express\lib\router\route.js:119:3)
    at Layer.handle [as handle_request] (C:\Users\matia\Downloads\Kimi_Agent_Panel Admin Peluquería Completo\barbershop-admin\backend\node_modules\express\lib\router\layer.js:95:5)
    at C:\Users\matia\Downloads\Kimi_Agent_Panel Admin Peluquería Completo\barbershop-admin\backend\node_modules\express\lib\router\index.js:284:15
    at Function.process_params (C:\Users\matia\Downloads\Kimi_Agent_Panel Admin Peluquería Completo\barbershop-admin\backend\node_modules\express\lib\router\index.js:346:12)
    at next (C:\Users\matia\Downloads\Kimi_Agent_Panel Admin Peluquería Completo\barbershop-admin\backend\node_modules\express\lib\router\index.js:280:10)
2026-03-07 11:49:02 [info]: POST /api/auth/login
2026-03-07 11:49:03 [info]: User logged in: admin@barbershop.com
2026-03-07 11:49:03 [info]: GET /api/employees
2026-03-07 11:49:03 [warn]: Admin access denied for user: admin@barbershop.com
2026-03-07 11:49:03 [info]: GET /api/services
2026-03-07 11:49:03 [warn]: Admin access denied for user: admin@barbershop.com
2026-03-07 11:49:03 [info]: GET /api/reports/dashboard
2026-03-07 11:49:03 [warn]: Admin access denied for user: admin@barbershop.com
2026-03-07 11:49:03 [info]: GET /api/reports/weekly
2026-03-07 11:49:03 [warn]: Admin access denied for user: admin@barbershop.com
2026-03-07 11:49:03 [info]: GET /api/employees
2026-03-07 11:49:03 [warn]: Admin access denied for user: admin@barbershop.com
2026-03-07 11:49:03 [info]: GET /api/services
2026-03-07 11:49:03 [warn]: Admin access denied for user: admin@barbershop.com
2026-03-07 11:49:03 [info]: GET /api/reports/dashboard
2026-03-07 11:49:03 [warn]: Admin access denied for user: admin@barbershop.com
2026-03-07 11:49:03 [info]: GET /api/reports/weekly
2026-03-07 11:49:03 [warn]: Admin access denied for user: admin@barbershop.com
2026-03-07 11:49:03 [info]: GET /api/plans
2026-03-07 11:49:03 [info]: GET /api/admin/tenants
2026-03-07 11:49:03 [info]: GET /api/employees
2026-03-07 11:49:03 [warn]: Admin access denied for user: admin@barbershop.com
2026-03-07 11:49:03 [info]: GET /api/services
2026-03-07 11:49:03 [warn]: Admin access denied for user: admin@barbershop.com
2026-03-07 11:49:03 [info]: GET /api/reports/dashboard
2026-03-07 11:49:03 [warn]: Admin access denied for user: admin@barbershop.com
2026-03-07 11:49:03 [info]: GET /api/reports/weekly
2026-03-07 11:49:03 [warn]: Admin access denied for user: admin@barbershop.com
2026-03-07 11:49:03 [info]: GET /api/employees
2026-03-07 11:49:03 [warn]: Admin access denied for user: admin@barbershop.com
2026-03-07 11:49:03 [info]: GET /api/services
2026-03-07 11:49:03 [warn]: Admin access denied for user: admin@barbershop.com
2026-03-07 11:49:03 [info]: GET /api/reports/dashboard
2026-03-07 11:49:03 [warn]: Admin access denied for user: admin@barbershop.com
2026-03-07 11:49:03 [info]: GET /api/reports/weekly
2026-03-07 11:49:03 [warn]: Admin access denied for user: admin@barbershop.com
2026-03-07 11:49:03 [info]: GET /api/plans
2026-03-07 11:49:03 [info]: GET /api/admin/tenants
2026-03-07 11:49:17 [info]: SIGINT received. Shutting down gracefully...
2026-03-07 11:49:22 [info]: ✅ Database connected successfully
2026-03-07 11:49:22 [info]: 🚀 Server running on port 3001
2026-03-07 11:49:22 [info]: 📊 Environment: development
2026-03-07 11:49:22 [info]: 🔗 API URL: http://localhost:3001/api
2026-03-07 11:50:55 [info]: POST /api/auth/login
2026-03-07 11:50:56 [info]: User logged in: matias@gmail.com
2026-03-07 11:50:56 [info]: GET /api/employees
2026-03-07 11:50:56 [info]: GET /api/services
2026-03-07 11:50:56 [info]: GET /api/reports/dashboard
2026-03-07 11:50:56 [info]: GET /api/reports/weekly
2026-03-07 11:50:56 [info]: GET /api/employees
2026-03-07 11:50:56 [info]: GET /api/employees
2026-03-07 11:50:56 [info]: GET /api/employees
2026-03-07 11:50:56 [info]: GET /api/services
2026-03-07 11:50:56 [info]: GET /api/reports/weekly
2026-03-07 11:50:56 [info]: GET /api/services
2026-03-07 11:50:56 [info]: GET /api/reports/weekly
2026-03-07 11:50:56 [info]: GET /api/reports/dashboard
2026-03-07 11:50:57 [info]: GET /api/services
2026-03-07 11:50:57 [info]: GET /api/reports/weekly
2026-03-07 11:50:57 [info]: GET /api/reports/dashboard
2026-03-07 11:50:57 [info]: GET /api/reports/dashboard
2026-03-07 11:51:08 [info]: POST /api/auth/login
2026-03-07 11:51:09 [warn]: Failed login attempt 1/4 for: matias@gmail.com (3 left)
2026-03-07 11:51:09 [error]: Error: Credenciales inválidas. Te quedan 3 intentos antes de bloquear la cuenta.
    at Function.login (C:\Users\matia\Downloads\Kimi_Agent_Panel Admin Peluquería Completo\barbershop-admin\backend\src\services\auth.service.ts:98:24)
    at C:\Users\matia\Downloads\Kimi_Agent_Panel Admin Peluquería Completo\barbershop-admin\backend\src\controllers\auth.controller.ts:46:20
2026-03-07 11:51:15 [info]: POST /api/auth/login
2026-03-07 11:51:16 [warn]: Failed login attempt 2/4 for: matias@gmail.com (2 left)
2026-03-07 11:51:16 [error]: Error: Credenciales inválidas. Te quedan 2 intentos antes de bloquear la cuenta.
    at Function.login (C:\Users\matia\Downloads\Kimi_Agent_Panel Admin Peluquería Completo\barbershop-admin\backend\src\services\auth.service.ts:98:24)
    at C:\Users\matia\Downloads\Kimi_Agent_Panel Admin Peluquería Completo\barbershop-admin\backend\src\controllers\auth.controller.ts:46:20
2026-03-07 11:51:16 [info]: POST /api/auth/login
2026-03-07 11:51:17 [warn]: Failed login attempt 3/4 for: matias@gmail.com (1 left)
2026-03-07 11:51:17 [error]: Error: Credenciales inválidas. Te quedan 1 intento antes de bloquear la cuenta.
    at Function.login (C:\Users\matia\Downloads\Kimi_Agent_Panel Admin Peluquería Completo\barbershop-admin\backend\src\services\auth.service.ts:98:24)
    at C:\Users\matia\Downloads\Kimi_Agent_Panel Admin Peluquería Completo\barbershop-admin\backend\src\controllers\auth.controller.ts:46:20
2026-03-07 11:51:18 [info]: POST /api/auth/login
2026-03-07 11:51:19 [warn]: Account locked after 4 failed attempts: matias@gmail.com
2026-03-07 11:51:19 [error]: Error: ACCOUNT_LOCKED
    at Function.login (C:\Users\matia\Downloads\Kimi_Agent_Panel Admin Peluquería Completo\barbershop-admin\backend\src\services\auth.service.ts:88:26)
    at C:\Users\matia\Downloads\Kimi_Agent_Panel Admin Peluquería Completo\barbershop-admin\backend\src\controllers\auth.controller.ts:46:20
2026-03-07 11:59:28 [info]: POST /api/auth/login
2026-03-07 11:59:28 [warn]: Login attempt for locked account: matias@gmail.com, unlocks in 7min
2026-03-07 11:59:28 [error]: Error: ACCOUNT_LOCKED
    at Function.login (C:\Users\matia\Downloads\Kimi_Agent_Panel Admin Peluquería Completo\barbershop-admin\backend\src\services\auth.service.ts:37:24)
    at C:\Users\matia\Downloads\Kimi_Agent_Panel Admin Peluquería Completo\barbershop-admin\backend\src\controllers\auth.controller.ts:46:38
    at C:\Users\matia\Downloads\Kimi_Agent_Panel Admin Peluquería Completo\barbershop-admin\backend\src\middleware\error.middleware.ts:121:21
    at Layer.handle [as handle_request] (C:\Users\matia\Downloads\Kimi_Agent_Panel Admin Peluquería Completo\barbershop-admin\backend\node_modules\express\lib\router\layer.js:95:5)
    at next (C:\Users\matia\Downloads\Kimi_Agent_Panel Admin Peluquería Completo\barbershop-admin\backend\node_modules\express\lib\router\route.js:149:13)
    at Route.dispatch (C:\Users\matia\Downloads\Kimi_Agent_Panel Admin Peluquería Completo\barbershop-admin\backend\node_modules\express\lib\router\route.js:119:3)
    at Layer.handle [as handle_request] (C:\Users\matia\Downloads\Kimi_Agent_Panel Admin Peluquería Completo\barbershop-admin\backend\node_modules\express\lib\router\layer.js:95:5)
    at C:\Users\matia\Downloads\Kimi_Agent_Panel Admin Peluquería Completo\barbershop-admin\backend\node_modules\express\lib\router\index.js:284:15
    at Function.process_params (C:\Users\matia\Downloads\Kimi_Agent_Panel Admin Peluquería Completo\barbershop-admin\backend\node_modules\express\lib\router\index.js:346:12)
    at next (C:\Users\matia\Downloads\Kimi_Agent_Panel Admin Peluquería Completo\barbershop-admin\backend\node_modules\express\lib\router\index.js:280:10)
2026-03-07 11:59:40 [info]: POST /api/auth/login
2026-03-07 11:59:41 [info]: User logged in: admin@barbershop.com
2026-03-07 11:59:41 [info]: GET /api/employees
2026-03-07 11:59:41 [warn]: Admin access denied for user: admin@barbershop.com
2026-03-07 11:59:41 [info]: GET /api/services
2026-03-07 11:59:41 [warn]: Admin access denied for user: admin@barbershop.com
2026-03-07 11:59:41 [info]: GET /api/reports/dashboard
2026-03-07 11:59:41 [warn]: Admin access denied for user: admin@barbershop.com
2026-03-07 11:59:41 [info]: GET /api/reports/weekly
2026-03-07 11:59:41 [warn]: Admin access denied for user: admin@barbershop.com
2026-03-07 11:59:41 [info]: GET /api/employees
2026-03-07 11:59:41 [warn]: Admin access denied for user: admin@barbershop.com
2026-03-07 11:59:41 [info]: GET /api/services
2026-03-07 11:59:41 [warn]: Admin access denied for user: admin@barbershop.com
2026-03-07 11:59:41 [info]: GET /api/reports/dashboard
2026-03-07 11:59:41 [warn]: Admin access denied for user: admin@barbershop.com
2026-03-07 11:59:41 [info]: GET /api/reports/weekly
2026-03-07 11:59:41 [warn]: Admin access denied for user: admin@barbershop.com
2026-03-07 11:59:41 [info]: GET /api/plans
2026-03-07 11:59:41 [info]: GET /api/admin/tenants
2026-03-07 11:59:41 [info]: GET /api/employees
2026-03-07 11:59:41 [warn]: Admin access denied for user: admin@barbershop.com
2026-03-07 11:59:41 [info]: GET /api/services
2026-03-07 11:59:41 [warn]: Admin access denied for user: admin@barbershop.com
2026-03-07 11:59:41 [info]: GET /api/reports/dashboard
2026-03-07 11:59:41 [warn]: Admin access denied for user: admin@barbershop.com
2026-03-07 11:59:41 [info]: GET /api/reports/weekly
2026-03-07 11:59:41 [warn]: Admin access denied for user: admin@barbershop.com
2026-03-07 11:59:41 [info]: GET /api/employees
2026-03-07 11:59:41 [warn]: Admin access denied for user: admin@barbershop.com
2026-03-07 11:59:41 [info]: GET /api/services
2026-03-07 11:59:41 [warn]: Admin access denied for user: admin@barbershop.com
2026-03-07 11:59:41 [info]: GET /api/reports/dashboard
2026-03-07 11:59:41 [warn]: Admin access denied for user: admin@barbershop.com
2026-03-07 11:59:41 [info]: GET /api/reports/weekly
2026-03-07 11:59:41 [warn]: Admin access denied for user: admin@barbershop.com
2026-03-07 11:59:41 [info]: GET /api/plans
2026-03-07 11:59:41 [info]: GET /api/admin/tenants
2026-03-07 11:59:52 [info]: POST /api/auth/login
2026-03-07 11:59:52 [warn]: Login attempt for locked account: matias@gmail.com, unlocks in 7min
2026-03-07 11:59:52 [error]: Error: ACCOUNT_LOCKED
    at Function.login (C:\Users\matia\Downloads\Kimi_Agent_Panel Admin Peluquería Completo\barbershop-admin\backend\src\services\auth.service.ts:37:24)
    at C:\Users\matia\Downloads\Kimi_Agent_Panel Admin Peluquería Completo\barbershop-admin\backend\src\controllers\auth.controller.ts:46:38
    at C:\Users\matia\Downloads\Kimi_Agent_Panel Admin Peluquería Completo\barbershop-admin\backend\src\middleware\error.middleware.ts:121:21
    at Layer.handle [as handle_request] (C:\Users\matia\Downloads\Kimi_Agent_Panel Admin Peluquería Completo\barbershop-admin\backend\node_modules\express\lib\router\layer.js:95:5)
    at next (C:\Users\matia\Downloads\Kimi_Agent_Panel Admin Peluquería Completo\barbershop-admin\backend\node_modules\express\lib\router\route.js:149:13)
    at Route.dispatch (C:\Users\matia\Downloads\Kimi_Agent_Panel Admin Peluquería Completo\barbershop-admin\backend\node_modules\express\lib\router\route.js:119:3)
    at Layer.handle [as handle_request] (C:\Users\matia\Downloads\Kimi_Agent_Panel Admin Peluquería Completo\barbershop-admin\backend\node_modules\express\lib\router\layer.js:95:5)
    at C:\Users\matia\Downloads\Kimi_Agent_Panel Admin Peluquería Completo\barbershop-admin\backend\node_modules\express\lib\router\index.js:284:15
    at Function.process_params (C:\Users\matia\Downloads\Kimi_Agent_Panel Admin Peluquería Completo\barbershop-admin\backend\node_modules\express\lib\router\index.js:346:12)
    at next (C:\Users\matia\Downloads\Kimi_Agent_Panel Admin Peluquería Completo\barbershop-admin\backend\node_modules\express\lib\router\index.js:280:10)
2026-03-07 12:01:47 [info]: ✅ Database connected successfully
2026-03-07 12:01:47 [info]: 🚀 Server running on port 3001
2026-03-07 12:01:47 [info]: 📊 Environment: development
2026-03-07 12:01:47 [info]: 🔗 API URL: http://localhost:3001/api
2026-03-07 12:01:57 [info]: ✅ Database connected successfully
2026-03-07 12:01:57 [info]: 🚀 Server running on port 3001
2026-03-07 12:01:57 [info]: 📊 Environment: development
2026-03-07 12:01:57 [info]: 🔗 API URL: http://localhost:3001/api
2026-03-07 12:02:33 [info]: POST /api/auth/login
2026-03-07 12:02:33 [warn]: Failed login attempt 1/4 for: matias@gmail.com (3 left)
2026-03-07 12:02:33 [warn]: Client error:
2026-03-07 12:02:36 [info]: POST /api/auth/login
2026-03-07 12:02:37 [warn]: Failed login attempt 2/4 for: matias@gmail.com (2 left)
2026-03-07 12:02:37 [warn]: Client error:
2026-03-07 12:02:37 [info]: POST /api/auth/login
2026-03-07 12:02:38 [warn]: Failed login attempt 3/4 for: matias@gmail.com (1 left)
2026-03-07 12:02:38 [warn]: Client error:
2026-03-07 12:02:39 [info]: POST /api/auth/login
2026-03-07 12:02:40 [warn]: Account locked after 4 failed attempts: matias@gmail.com
2026-03-07 12:02:40 [warn]: Client error:
2026-03-07 12:03:58 [info]: POST /api/auth/login
2026-03-07 12:03:58 [info]: User logged in: matias1@gmail.com
2026-03-07 12:03:59 [info]: GET /api/employees
2026-03-07 12:03:59 [info]: GET /api/services
2026-03-07 12:03:59 [info]: GET /api/reports/dashboard
2026-03-07 12:03:59 [info]: GET /api/reports/weekly
2026-03-07 12:03:59 [info]: GET /api/employees
2026-03-07 12:03:59 [info]: GET /api/reports/weekly
2026-03-07 12:03:59 [info]: GET /api/employees
2026-03-07 12:03:59 [info]: GET /api/reports/weekly
2026-03-07 12:03:59 [info]: GET /api/employees
2026-03-07 12:03:59 [info]: GET /api/reports/weekly
2026-03-07 12:03:59 [info]: GET /api/services
2026-03-07 12:03:59 [info]: GET /api/services
2026-03-07 12:03:59 [info]: GET /api/reports/dashboard
2026-03-07 12:03:59 [info]: GET /api/services
2026-03-07 12:03:59 [info]: GET /api/reports/dashboard
2026-03-07 12:03:59 [info]: GET /api/reports/dashboard
2026-03-07 12:07:13 [info]: GET /api/employees
2026-03-07 12:07:13 [info]: GET /api/services
2026-03-07 12:07:13 [info]: GET /api/reports/dashboard
2026-03-07 12:07:13 [info]: GET /api/reports/weekly
2026-03-07 12:07:13 [info]: GET /api/services
2026-03-07 12:07:13 [info]: GET /api/employees
2026-03-07 12:07:13 [info]: GET /api/reports/weekly
2026-03-07 12:07:14 [info]: GET /api/reports/dashboard
2026-03-07 12:08:05 [info]: ✅ Database connected successfully
2026-03-07 12:08:05 [info]: 🚀 Server running on port 3001
2026-03-07 12:08:05 [info]: 📊 Environment: development
2026-03-07 12:08:05 [info]: 🔗 API URL: http://localhost:3001/api
2026-03-07 12:09:52 [info]: POST /api/auth/login
2026-03-07 12:09:53 [warn]: Failed login attempt 1/4 for: matias@gmail.com (3 left)
2026-03-07 12:09:53 [warn]: Client error:
2026-03-07 12:09:53 [info]: POST /api/auth/login
2026-03-07 12:09:54 [warn]: Failed login attempt 2/4 for: matias@gmail.com (2 left)
2026-03-07 12:09:54 [warn]: Client error:
2026-03-07 12:09:55 [info]: POST /api/auth/login
2026-03-07 12:09:55 [warn]: Failed login attempt 3/4 for: matias@gmail.com (1 left)
2026-03-07 12:09:55 [warn]: Client error:
2026-03-07 12:09:56 [info]: POST /api/auth/login
2026-03-07 12:09:57 [warn]: Account locked after 4 failed attempts: matias@gmail.com
2026-03-07 12:09:57 [warn]: Client error:
2026-03-07 12:12:17 [info]: POST /api/auth/login
2026-03-07 12:12:17 [warn]: Login attempt for locked account: matias@gmail.com, unlocks in 13min
2026-03-07 12:12:17 [warn]: Client error:
2026-03-07 12:12:18 [info]: POST /api/auth/login
2026-03-07 12:12:18 [warn]: Login attempt for locked account: matias@gmail.com, unlocks in 13min
2026-03-07 12:12:18 [warn]: Client error:
2026-03-07 12:14:15 [info]: SIGINT received. Shutting down gracefully...
2026-03-07 12:14:22 [info]: ✅ Database connected successfully
2026-03-07 12:14:22 [info]: 🚀 Server running on port 3001
2026-03-07 12:14:22 [info]: 📊 Environment: development
2026-03-07 12:14:22 [info]: 🔗 API URL: http://localhost:3001/api
2026-03-07 12:15:47 [info]: POST /api/auth/login
2026-03-07 12:15:48 [warn]: Failed login attempt 1/4 for: matias@gmail.com (3 left)
2026-03-07 12:15:48 [warn]: Client error:
2026-03-07 12:15:51 [info]: POST /api/auth/login
2026-03-07 12:15:51 [warn]: Failed login attempt 2/4 for: matias@gmail.com (2 left)
2026-03-07 12:15:51 [warn]: Client error:
2026-03-07 12:15:52 [info]: POST /api/auth/login
2026-03-07 12:15:53 [warn]: Failed login attempt 3/4 for: matias@gmail.com (1 left)
2026-03-07 12:15:53 [warn]: Client error:
2026-03-07 12:15:53 [info]: POST /api/auth/login
2026-03-07 12:15:54 [warn]: Account locked after 4 failed attempts: matias@gmail.com
2026-03-07 12:15:54 [warn]: Client error:
2026-03-07 12:19:39 [info]: POST /api/auth/login
2026-03-07 12:19:40 [info]: User logged in: matias1@gmail.com
2026-03-07 12:19:40 [info]: GET /api/employees
2026-03-07 12:19:40 [info]: GET /api/services
2026-03-07 12:19:40 [info]: GET /api/reports/dashboard
2026-03-07 12:19:40 [info]: GET /api/reports/weekly
2026-03-07 12:19:40 [info]: GET /api/employees
2026-03-07 12:19:40 [info]: GET /api/services
2026-03-07 12:19:40 [info]: GET /api/reports/weekly
2026-03-07 12:19:40 [info]: GET /api/employees
2026-03-07 12:19:40 [info]: GET /api/services
2026-03-07 12:19:40 [info]: GET /api/reports/weekly
2026-03-07 12:19:40 [info]: GET /api/employees
2026-03-07 12:19:40 [info]: GET /api/services
2026-03-07 12:19:40 [info]: GET /api/reports/weekly
2026-03-07 12:19:40 [info]: GET /api/reports/dashboard
2026-03-07 12:19:40 [info]: GET /api/reports/dashboard
2026-03-07 12:19:40 [info]: GET /api/reports/dashboard
2026-03-07 12:20:02 [info]: POST /api/auth/login
2026-03-07 12:20:03 [warn]: Failed login attempt 1/4 for: matias1@gmail.com (3 left)
2026-03-07 12:20:03 [warn]: Client error:
2026-03-07 12:20:17 [info]: POST /api/auth/login
2026-03-07 12:20:18 [warn]: Failed login attempt 2/4 for: matias1@gmail.com (2 left)
2026-03-07 12:20:18 [warn]: Client error:
2026-03-07 12:25:14 [info]: POST /api/auth/login
2026-03-07 12:25:14 [warn]: Login attempt for locked account: matias@gmail.com, unlocks in 6min
2026-03-07 12:25:14 [warn]: Client error:
2026-03-07 12:25:28 [info]: POST /api/auth/login
2026-03-07 12:25:29 [info]: User logged in: matias1@gmail.com
2026-03-07 12:25:30 [info]: GET /api/employees
2026-03-07 12:25:30 [info]: GET /api/services
2026-03-07 12:25:30 [info]: GET /api/reports/dashboard
2026-03-07 12:25:30 [info]: GET /api/reports/weekly
2026-03-07 12:25:30 [info]: GET /api/employees
2026-03-07 12:25:30 [info]: GET /api/employees
2026-03-07 12:25:30 [info]: GET /api/employees
2026-03-07 12:25:30 [info]: GET /api/services
2026-03-07 12:25:30 [info]: GET /api/reports/weekly
2026-03-07 12:25:30 [info]: GET /api/services
2026-03-07 12:25:30 [info]: GET /api/reports/weekly
2026-03-07 12:25:30 [info]: GET /api/reports/dashboard
2026-03-07 12:25:30 [info]: GET /api/services
2026-03-07 12:25:30 [info]: GET /api/reports/weekly
2026-03-07 12:25:30 [info]: GET /api/reports/dashboard
2026-03-07 12:25:31 [info]: GET /api/reports/dashboard
2026-03-07 12:25:41 [info]: POST /api/auth/login
2026-03-07 12:25:41 [warn]: Login attempt for locked account: matias@gmail.com, unlocks in 6min
2026-03-07 12:25:41 [warn]: Client error:
2026-03-07 12:35:07 [info]: POST /api/auth/login
2026-03-07 12:35:08 [info]: User logged in: matias@gmail.com
2026-03-07 12:35:09 [info]: GET /api/services
2026-03-07 12:35:09 [info]: GET /api/employees
2026-03-07 12:35:09 [info]: GET /api/reports/dashboard
2026-03-07 12:35:09 [info]: GET /api/reports/weekly
2026-03-07 12:35:09 [info]: GET /api/services
2026-03-07 12:35:09 [info]: GET /api/services
2026-03-07 12:35:09 [info]: GET /api/services
2026-03-07 12:35:09 [info]: GET /api/employees
2026-03-07 12:35:09 [info]: GET /api/employees
2026-03-07 12:35:09 [info]: GET /api/reports/weekly
2026-03-07 12:35:09 [info]: GET /api/reports/dashboard
2026-03-07 12:35:09 [info]: GET /api/employees
2026-03-07 12:35:09 [info]: GET /api/reports/weekly
2026-03-07 12:35:09 [info]: GET /api/reports/weekly
2026-03-07 12:35:09 [info]: GET /api/reports/dashboard
2026-03-07 12:35:09 [info]: GET /api/reports/dashboard
2026-03-07 12:36:47 [info]: GET /api/plans/active
2026-03-07 12:36:47 [info]: GET /api/plans/active
2026-03-07 12:37:37 [info]: SIGINT received. Shutting down gracefully...
2026-03-08 19:09:06 [info]: ✅ Database connected successfully
2026-03-08 19:09:06 [info]: 🚀 Server running on port 3001
2026-03-08 19:09:06 [info]: 📊 Environment: development
2026-03-08 19:09:06 [info]: 🔗 API URL: http://localhost:3001/api
2026-03-08 19:31:22 [info]: GET /api/employees
2026-03-08 19:31:22 [warn]: Invalid or expired token attempt
2026-03-08 19:31:22 [info]: GET /api/reports/dashboard
2026-03-08 19:31:22 [warn]: Invalid or expired token attempt
2026-03-08 19:31:22 [info]: GET /api/services
2026-03-08 19:31:22 [warn]: Invalid or expired token attempt
2026-03-08 19:31:22 [info]: GET /api/reports/weekly
2026-03-08 19:31:22 [warn]: Invalid or expired token attempt
2026-03-08 19:31:22 [info]: GET /api/employees
2026-03-08 19:31:22 [warn]: Invalid or expired token attempt
2026-03-08 19:31:22 [info]: GET /api/reports/dashboard
2026-03-08 19:31:22 [warn]: Invalid or expired token attempt
2026-03-08 19:31:22 [info]: GET /api/employees
2026-03-08 19:31:22 [warn]: Invalid or expired token attempt
2026-03-08 19:31:22 [info]: GET /api/reports/dashboard
2026-03-08 19:31:22 [warn]: Invalid or expired token attempt
2026-03-08 19:31:22 [info]: GET /api/employees
2026-03-08 19:31:22 [warn]: Invalid or expired token attempt
2026-03-08 19:31:22 [info]: GET /api/services
2026-03-08 19:31:22 [warn]: Invalid or expired token attempt
2026-03-08 19:31:22 [info]: GET /api/reports/weekly
2026-03-08 19:31:22 [warn]: Invalid or expired token attempt
2026-03-08 19:31:22 [info]: GET /api/reports/dashboard
2026-03-08 19:31:22 [warn]: Invalid or expired token attempt
2026-03-08 19:31:22 [info]: GET /api/services
2026-03-08 19:31:22 [warn]: Invalid or expired token attempt
2026-03-08 19:31:22 [info]: GET /api/reports/weekly
2026-03-08 19:31:22 [warn]: Invalid or expired token attempt
2026-03-08 19:31:22 [info]: GET /api/services
2026-03-08 19:31:22 [warn]: Invalid or expired token attempt
2026-03-08 19:31:22 [info]: GET /api/reports/weekly
2026-03-08 19:31:22 [warn]: Invalid or expired token attempt
2026-03-08 19:31:59 [info]: POST /api/auth/login
2026-03-08 19:32:00 [info]: User logged in: admin@barbershop.com
2026-03-08 19:32:00 [info]: GET /api/employees
2026-03-08 19:32:00 [warn]: Admin access denied for user: admin@barbershop.com
2026-03-08 19:32:00 [info]: GET /api/services
2026-03-08 19:32:00 [warn]: Admin access denied for user: admin@barbershop.com
2026-03-08 19:32:00 [info]: GET /api/reports/dashboard
2026-03-08 19:32:00 [warn]: Admin access denied for user: admin@barbershop.com
2026-03-08 19:32:00 [info]: GET /api/reports/weekly
2026-03-08 19:32:00 [warn]: Admin access denied for user: admin@barbershop.com
2026-03-08 19:32:00 [info]: GET /api/plans
2026-03-08 19:32:00 [info]: GET /api/employees
2026-03-08 19:32:00 [warn]: Admin access denied for user: admin@barbershop.com
2026-03-08 19:32:00 [info]: GET /api/admin/tenants
2026-03-08 19:32:00 [info]: GET /api/services
2026-03-08 19:32:00 [warn]: Admin access denied for user: admin@barbershop.com
2026-03-08 19:32:00 [info]: GET /api/reports/dashboard
2026-03-08 19:32:00 [warn]: Admin access denied for user: admin@barbershop.com
2026-03-08 19:32:00 [info]: GET /api/reports/weekly
2026-03-08 19:32:00 [warn]: Admin access denied for user: admin@barbershop.com
2026-03-08 19:32:00 [info]: GET /api/plans
2026-03-08 19:32:00 [info]: GET /api/employees
2026-03-08 19:32:00 [warn]: Admin access denied for user: admin@barbershop.com
2026-03-08 19:32:00 [info]: GET /api/admin/tenants
2026-03-08 19:32:00 [info]: GET /api/services
2026-03-08 19:32:00 [warn]: Admin access denied for user: admin@barbershop.com
2026-03-08 19:32:00 [info]: GET /api/reports/dashboard
2026-03-08 19:32:00 [warn]: Admin access denied for user: admin@barbershop.com
2026-03-08 19:32:00 [info]: GET /api/reports/weekly
2026-03-08 19:32:00 [warn]: Admin access denied for user: admin@barbershop.com
2026-03-08 19:32:00 [info]: GET /api/employees
2026-03-08 19:32:00 [warn]: Admin access denied for user: admin@barbershop.com
2026-03-08 19:32:00 [info]: GET /api/services
2026-03-08 19:32:00 [warn]: Admin access denied for user: admin@barbershop.com
2026-03-08 19:32:00 [info]: GET /api/reports/dashboard
2026-03-08 19:32:00 [warn]: Admin access denied for user: admin@barbershop.com
2026-03-08 19:32:00 [info]: GET /api/reports/weekly
2026-03-08 19:32:00 [warn]: Admin access denied for user: admin@barbershop.com
2026-03-08 19:58:02 [info]: GET /api/plans
2026-03-08 19:58:02 [info]: GET /api/admin/tenants
2026-03-08 19:58:02 [info]: GET /api/plans
2026-03-08 19:58:02 [info]: GET /api/admin/tenants
2026-03-08 20:04:11 [info]: SIGINT received. Shutting down gracefully...
2026-03-09 13:36:18 [info]: ✅ Database connected successfully
2026-03-09 13:36:18 [info]: 🚀 Server running on port 3001
2026-03-09 13:36:18 [info]: 📊 Environment: development
2026-03-09 13:36:18 [info]: 🔗 API URL: http://localhost:3001/api
2026-03-09 13:36:41 [info]: GET /api/plans
2026-03-09 13:36:41 [info]: GET /api/admin/tenants
2026-03-09 13:36:41 [info]: GET /api/plans
2026-03-09 13:36:41 [info]: GET /api/admin/tenants
2026-03-09 13:36:57 [info]: GET /api/plans
2026-03-09 13:36:57 [info]: GET /api/plans
2026-03-09 13:37:01 [info]: GET /api/plans
2026-03-09 13:37:01 [info]: GET /api/plans
2026-03-09 13:37:14 [info]: GET /api/plans
2026-03-09 13:37:14 [info]: GET /api/plans
2026-03-09 13:43:21 [info]: GET /api/plans
2026-03-09 13:45:08 [info]: SIGINT received. Shutting down gracefully...
2026-03-09 13:45:26 [info]: ✅ Database connected successfully
2026-03-09 13:45:26 [info]: 🚀 Server running on port 3001
2026-03-09 13:45:26 [info]: 📊 Environment: development
2026-03-09 13:45:26 [info]: 🔗 API URL: http://localhost:3001/api
2026-03-09 13:45:32 [info]: GET /api/plans
2026-03-09 13:45:32 [warn]: Invalid or expired token attempt
2026-03-09 13:45:32 [info]: GET /api/admin/tenants
2026-03-09 13:45:32 [warn]: Invalid or expired token attempt
2026-03-09 13:45:32 [info]: GET /api/plans
2026-03-09 13:45:32 [warn]: Invalid or expired token attempt
2026-03-09 13:45:32 [info]: GET /api/admin/tenants
2026-03-09 13:45:32 [warn]: Invalid or expired token attempt
2026-03-09 13:45:32 [info]: POST /api/auth/refresh
2026-03-09 13:45:33 [info]: GET /api/plans
2026-03-09 13:45:33 [info]: GET /api/admin/tenants
2026-03-09 13:45:33 [info]: GET /api/plans
2026-03-09 13:45:33 [info]: GET /api/admin/tenants
2026-03-09 13:45:41 [info]: GET /api/plans
2026-03-09 13:45:41 [info]: GET /api/plans
2026-03-09 13:45:49 [info]: GET /api/plans
2026-03-09 13:45:49 [info]: GET /api/plans
2026-03-09 13:46:02 [info]: GET /api/plans/active
2026-03-09 13:46:02 [info]: GET /api/plans/active
2026-03-09 13:47:04 [info]: POST /api/auth/login
2026-03-09 13:47:05 [info]: User logged in: matias@gmail.com
2026-03-09 13:47:05 [info]: GET /api/employees
2026-03-09 13:47:05 [info]: GET /api/services
2026-03-09 13:47:05 [info]: GET /api/reports/dashboard
2026-03-09 13:47:05 [info]: GET /api/reports/weekly
2026-03-09 13:47:05 [info]: GET /api/employees
2026-03-09 13:47:05 [info]: GET /api/services
2026-03-09 13:47:05 [info]: GET /api/employees
2026-03-09 13:47:05 [info]: GET /api/services
2026-03-09 13:47:05 [info]: GET /api/employees
2026-03-09 13:47:05 [info]: GET /api/services
2026-03-09 13:47:05 [info]: GET /api/reports/weekly
2026-03-09 13:47:05 [info]: GET /api/reports/dashboard
2026-03-09 13:47:05 [info]: GET /api/reports/weekly
2026-03-09 13:47:05 [info]: GET /api/reports/weekly
2026-03-09 13:47:05 [info]: GET /api/reports/dashboard
2026-03-09 13:47:05 [info]: GET /api/reports/dashboard
2026-03-09 13:47:06 [info]: GET /api/employees
2026-03-09 13:47:06 [info]: GET /api/employees
2026-03-09 13:47:12 [info]: GET /api/employees
2026-03-09 13:47:12 [info]: GET /api/services/types/all
2026-03-09 13:47:12 [info]: GET /api/employees
2026-03-09 13:47:12 [info]: GET /api/services/types/all
2026-03-09 13:47:16 [info]: GET /api/services/types/all
2026-03-09 13:47:16 [info]: GET /api/services/types/all
2026-03-09 13:47:18 [info]: GET /api/employees
2026-03-09 13:47:18 [info]: GET /api/employees
2026-03-09 13:47:21 [info]: GET /api/services/types/all
2026-03-09 13:47:21 [info]: GET /api/services/types/all
2026-03-09 13:47:30 [info]: GET /api/employees
2026-03-09 13:47:30 [info]: GET /api/services/types/all
2026-03-09 13:47:30 [info]: GET /api/employees
2026-03-09 13:47:30 [info]: GET /api/services/types/all
2026-03-09 13:58:19 [info]: SIGINT received. Shutting down gracefully...
2026-03-09 15:10:38 [info]: ✅ Database connected successfully
2026-03-09 15:10:38 [info]: 🚀 Server running on port 3001
2026-03-09 15:10:38 [info]: 📊 Environment: development
2026-03-09 15:10:38 [info]: 🔗 API URL: http://localhost:3001/api
2026-03-09 15:10:40 [info]: GET /api/employees
2026-03-09 15:10:40 [warn]: Invalid or expired token attempt
2026-03-09 15:10:40 [info]: GET /api/services
2026-03-09 15:10:40 [warn]: Invalid or expired token attempt
2026-03-09 15:10:40 [info]: GET /api/reports/dashboard
2026-03-09 15:10:40 [warn]: Invalid or expired token attempt
2026-03-09 15:10:40 [info]: GET /api/reports/weekly
2026-03-09 15:10:40 [warn]: Invalid or expired token attempt
2026-03-09 15:10:40 [info]: GET /api/employees
2026-03-09 15:10:40 [warn]: Invalid or expired token attempt
2026-03-09 15:10:40 [info]: GET /api/services
2026-03-09 15:10:40 [warn]: Invalid or expired token attempt
2026-03-09 15:10:40 [info]: GET /api/reports/dashboard
2026-03-09 15:10:40 [warn]: Invalid or expired token attempt
2026-03-09 15:10:40 [info]: GET /api/reports/weekly
2026-03-09 15:10:40 [warn]: Invalid or expired token attempt
2026-03-09 15:10:40 [info]: GET /api/employees
2026-03-09 15:10:40 [warn]: Invalid or expired token attempt
2026-03-09 15:10:40 [info]: GET /api/services
2026-03-09 15:10:40 [warn]: Invalid or expired token attempt
2026-03-09 15:10:40 [info]: GET /api/reports/dashboard
2026-03-09 15:10:40 [warn]: Invalid or expired token attempt
2026-03-09 15:10:40 [info]: GET /api/reports/weekly
2026-03-09 15:10:40 [warn]: Invalid or expired token attempt
2026-03-09 15:10:40 [info]: GET /api/employees
2026-03-09 15:10:40 [warn]: Invalid or expired token attempt
2026-03-09 15:10:40 [info]: GET /api/services
2026-03-09 15:10:40 [warn]: Invalid or expired token attempt
2026-03-09 15:10:40 [info]: GET /api/reports/dashboard
2026-03-09 15:10:40 [warn]: Invalid or expired token attempt
2026-03-09 15:10:40 [info]: GET /api/reports/weekly
2026-03-09 15:10:40 [warn]: Invalid or expired token attempt
2026-03-09 15:10:40 [info]: POST /api/auth/refresh
2026-03-09 15:10:41 [info]: GET /api/employees
2026-03-09 15:10:41 [info]: GET /api/services
2026-03-09 15:10:41 [info]: GET /api/reports/dashboard
2026-03-09 15:10:41 [info]: GET /api/reports/weekly
2026-03-09 15:10:41 [info]: GET /api/employees
2026-03-09 15:10:41 [info]: GET /api/services
2026-03-09 15:10:41 [info]: GET /api/services
2026-03-09 15:10:41 [info]: GET /api/employees
2026-03-09 15:10:41 [info]: GET /api/reports/weekly
2026-03-09 15:10:41 [info]: GET /api/services
2026-03-09 15:10:42 [info]: GET /api/employees
2026-03-09 15:10:42 [info]: GET /api/reports/dashboard
2026-03-09 15:10:42 [info]: GET /api/reports/weekly
2026-03-09 15:10:42 [info]: GET /api/reports/weekly
2026-03-09 15:10:42 [info]: GET /api/reports/dashboard
2026-03-09 15:10:42 [info]: GET /api/reports/dashboard
2026-03-09 17:38:22 [info]: GET /api/employees
2026-03-09 17:38:22 [warn]: Invalid or expired token attempt
2026-03-09 17:38:22 [info]: GET /api/reports/dashboard
2026-03-09 17:38:22 [warn]: Invalid or expired token attempt
2026-03-09 17:38:22 [info]: GET /api/employees
2026-03-09 17:38:23 [warn]: Invalid or expired token attempt
2026-03-09 17:38:23 [info]: GET /api/reports/weekly
2026-03-09 17:38:23 [warn]: Invalid or expired token attempt
2026-03-09 17:38:23 [info]: GET /api/services
2026-03-09 17:38:23 [warn]: Invalid or expired token attempt
2026-03-09 17:38:23 [info]: GET /api/reports/dashboard
2026-03-09 17:38:23 [warn]: Invalid or expired token attempt
2026-03-09 17:38:23 [info]: GET /api/reports/weekly
2026-03-09 17:38:23 [warn]: Invalid or expired token attempt
2026-03-09 17:38:23 [info]: GET /api/services
2026-03-09 17:38:23 [warn]: Invalid or expired token attempt
2026-03-09 17:38:23 [info]: GET /api/employees
2026-03-09 17:38:23 [warn]: Invalid or expired token attempt
2026-03-09 17:38:23 [info]: GET /api/services
2026-03-09 17:38:23 [warn]: Invalid or expired token attempt
2026-03-09 17:38:23 [info]: GET /api/reports/dashboard
2026-03-09 17:38:23 [warn]: Invalid or expired token attempt
2026-03-09 17:38:23 [info]: GET /api/reports/weekly
2026-03-09 17:38:23 [warn]: Invalid or expired token attempt
2026-03-09 17:38:23 [info]: GET /api/employees
2026-03-09 17:38:23 [warn]: Invalid or expired token attempt
2026-03-09 17:38:23 [info]: GET /api/services
2026-03-09 17:38:23 [warn]: Invalid or expired token attempt
2026-03-09 17:38:23 [info]: GET /api/reports/dashboard
2026-03-09 17:38:23 [warn]: Invalid or expired token attempt
2026-03-09 17:38:23 [info]: GET /api/reports/weekly
2026-03-09 17:38:23 [warn]: Invalid or expired token attempt
2026-03-09 17:38:24 [info]: POST /api/auth/refresh
2026-03-09 17:38:26 [info]: GET /api/services
2026-03-09 17:38:26 [info]: GET /api/employees
2026-03-09 17:38:26 [info]: GET /api/reports/dashboard
2026-03-09 17:38:26 [info]: GET /api/reports/weekly
2026-03-09 17:38:26 [info]: GET /api/employees
2026-03-09 17:38:26 [info]: GET /api/services
2026-03-09 17:38:26 [info]: GET /api/reports/dashboard
2026-03-09 17:38:26 [info]: GET /api/reports/weekly
2026-03-09 17:38:26 [info]: GET /api/employees
2026-03-09 17:38:26 [info]: GET /api/services
2026-03-09 17:38:26 [info]: GET /api/reports/dashboard
2026-03-09 17:38:26 [info]: GET /api/reports/weekly
2026-03-09 17:38:26 [info]: GET /api/employees
2026-03-09 17:38:26 [info]: GET /api/services
2026-03-09 17:38:26 [info]: GET /api/reports/dashboard
2026-03-09 17:38:26 [info]: GET /api/reports/weekly
2026-03-09 18:39:09 [info]: GET /api/services
2026-03-09 18:39:09 [warn]: Invalid or expired token attempt
2026-03-09 18:39:09 [info]: GET /api/employees
2026-03-09 18:39:09 [warn]: Invalid or expired token attempt
2026-03-09 18:39:09 [info]: GET /api/reports/dashboard
2026-03-09 18:39:09 [warn]: Invalid or expired token attempt
2026-03-09 18:39:09 [info]: GET /api/reports/weekly
2026-03-09 18:39:09 [warn]: Invalid or expired token attempt
2026-03-09 18:39:09 [info]: GET /api/services
2026-03-09 18:39:09 [warn]: Invalid or expired token attempt
2026-03-09 18:39:09 [info]: GET /api/employees
2026-03-09 18:39:09 [warn]: Invalid or expired token attempt
2026-03-09 18:39:09 [info]: GET /api/reports/dashboard
2026-03-09 18:39:09 [warn]: Invalid or expired token attempt
2026-03-09 18:39:09 [info]: GET /api/reports/weekly
2026-03-09 18:39:09 [warn]: Invalid or expired token attempt
2026-03-09 18:39:09 [info]: GET /api/services
2026-03-09 18:39:09 [warn]: Invalid or expired token attempt
2026-03-09 18:39:09 [info]: GET /api/employees
2026-03-09 18:39:09 [warn]: Invalid or expired token attempt
2026-03-09 18:39:09 [info]: GET /api/reports/weekly
2026-03-09 18:39:09 [warn]: Invalid or expired token attempt
2026-03-09 18:39:09 [info]: GET /api/reports/dashboard
2026-03-09 18:39:09 [warn]: Invalid or expired token attempt
2026-03-09 18:39:09 [info]: GET /api/services
2026-03-09 18:39:09 [warn]: Invalid or expired token attempt
2026-03-09 18:39:09 [info]: GET /api/employees
2026-03-09 18:39:09 [warn]: Invalid or expired token attempt
2026-03-09 18:39:09 [info]: GET /api/reports/weekly
2026-03-09 18:39:09 [warn]: Invalid or expired token attempt
2026-03-09 18:39:09 [info]: GET /api/reports/dashboard
2026-03-09 18:39:09 [warn]: Invalid or expired token attempt
2026-03-09 18:39:09 [info]: POST /api/auth/refresh
2026-03-09 18:39:10 [info]: GET /api/services
2026-03-09 18:39:10 [info]: GET /api/employees
2026-03-09 18:39:10 [info]: GET /api/reports/dashboard
2026-03-09 18:39:10 [info]: GET /api/reports/weekly
2026-03-09 18:39:10 [info]: GET /api/services
2026-03-09 18:39:10 [info]: GET /api/services
2026-03-09 18:39:10 [info]: GET /api/services
2026-03-09 18:39:10 [info]: GET /api/employees
2026-03-09 18:39:10 [info]: GET /api/employees
2026-03-09 18:39:10 [info]: GET /api/employees
2026-03-09 18:39:10 [info]: GET /api/reports/weekly
2026-03-09 18:39:10 [info]: GET /api/reports/dashboard
2026-03-09 18:39:10 [info]: GET /api/reports/weekly
2026-03-09 18:39:10 [info]: GET /api/reports/weekly
2026-03-09 18:39:10 [info]: GET /api/reports/dashboard
2026-03-09 18:39:10 [info]: GET /api/reports/dashboard
2026-03-09 20:11:58 [info]: GET /api/employees
2026-03-09 20:11:58 [warn]: Invalid or expired token attempt
2026-03-09 20:11:58 [info]: GET /api/services
2026-03-09 20:11:58 [warn]: Invalid or expired token attempt
2026-03-09 20:11:58 [info]: GET /api/reports/dashboard
2026-03-09 20:11:58 [warn]: Invalid or expired token attempt
2026-03-09 20:11:58 [info]: GET /api/reports/weekly
2026-03-09 20:11:58 [warn]: Invalid or expired token attempt
2026-03-09 20:11:58 [info]: GET /api/employees
2026-03-09 20:11:58 [warn]: Invalid or expired token attempt
2026-03-09 20:11:59 [info]: GET /api/services
2026-03-09 20:11:59 [warn]: Invalid or expired token attempt
2026-03-09 20:11:59 [info]: GET /api/reports/dashboard
2026-03-09 20:11:59 [warn]: Invalid or expired token attempt
2026-03-09 20:11:59 [info]: GET /api/reports/weekly
2026-03-09 20:11:59 [warn]: Invalid or expired token attempt
2026-03-09 20:12:00 [info]: GET /api/employees
2026-03-09 20:12:00 [warn]: Invalid or expired token attempt
2026-03-09 20:12:00 [info]: GET /api/services
2026-03-09 20:12:00 [warn]: Invalid or expired token attempt
2026-03-09 20:12:00 [info]: GET /api/reports/dashboard
2026-03-09 20:12:00 [warn]: Invalid or expired token attempt
2026-03-09 20:12:00 [info]: GET /api/reports/weekly
2026-03-09 20:12:00 [warn]: Invalid or expired token attempt
2026-03-09 20:12:00 [info]: GET /api/employees
2026-03-09 20:12:00 [warn]: Invalid or expired token attempt
2026-03-09 20:12:00 [info]: GET /api/services
2026-03-09 20:12:00 [warn]: Invalid or expired token attempt
2026-03-09 20:12:00 [info]: GET /api/reports/dashboard
2026-03-09 20:12:00 [warn]: Invalid or expired token attempt
2026-03-09 20:12:00 [info]: GET /api/reports/weekly
2026-03-09 20:12:00 [warn]: Invalid or expired token attempt
2026-03-09 20:12:01 [info]: POST /api/auth/refresh
2026-03-09 20:12:01 [info]: GET /api/employees
2026-03-09 20:12:01 [info]: GET /api/services
2026-03-09 20:12:01 [info]: GET /api/reports/dashboard
2026-03-09 20:12:01 [info]: GET /api/reports/weekly
2026-03-09 20:12:01 [info]: GET /api/employees
2026-03-09 20:12:01 [info]: GET /api/services
2026-03-09 20:12:01 [info]: GET /api/reports/dashboard
2026-03-09 20:12:01 [info]: GET /api/reports/weekly
2026-03-09 20:12:01 [info]: GET /api/services
2026-03-09 20:12:01 [info]: GET /api/employees
2026-03-09 20:12:01 [info]: GET /api/reports/weekly
2026-03-09 20:12:01 [info]: GET /api/reports/dashboard
2026-03-09 20:12:01 [info]: GET /api/employees
2026-03-09 20:12:01 [info]: GET /api/services
2026-03-09 20:12:01 [info]: GET /api/reports/weekly
2026-03-09 20:12:01 [info]: GET /api/reports/dashboard
2026-03-09 20:18:23 [info]: POST /api/auth/login
2026-03-09 20:18:24 [info]: User logged in: admin@barbershop.com
2026-03-09 20:18:24 [info]: GET /api/employees
2026-03-09 20:18:24 [warn]: Admin access denied for user: admin@barbershop.com
2026-03-09 20:18:24 [info]: GET /api/services
2026-03-09 20:18:24 [warn]: Admin access denied for user: admin@barbershop.com
2026-03-09 20:18:24 [info]: GET /api/reports/dashboard
2026-03-09 20:18:24 [warn]: Admin access denied for user: admin@barbershop.com
2026-03-09 20:18:24 [info]: GET /api/reports/weekly
2026-03-09 20:18:24 [warn]: Admin access denied for user: admin@barbershop.com
2026-03-09 20:18:24 [info]: GET /api/admin/tenants
2026-03-09 20:18:24 [info]: GET /api/plans
2026-03-09 20:18:24 [info]: GET /api/employees
2026-03-09 20:18:24 [warn]: Admin access denied for user: admin@barbershop.com
2026-03-09 20:18:24 [info]: GET /api/services
2026-03-09 20:18:24 [warn]: Admin access denied for user: admin@barbershop.com
2026-03-09 20:18:24 [info]: GET /api/reports/dashboard
2026-03-09 20:18:24 [warn]: Admin access denied for user: admin@barbershop.com
2026-03-09 20:18:24 [info]: GET /api/reports/weekly
2026-03-09 20:18:24 [warn]: Admin access denied for user: admin@barbershop.com
2026-03-09 20:18:25 [info]: GET /api/employees
2026-03-09 20:18:25 [warn]: Admin access denied for user: admin@barbershop.com
2026-03-09 20:18:25 [info]: GET /api/services
2026-03-09 20:18:25 [warn]: Admin access denied for user: admin@barbershop.com
2026-03-09 20:18:25 [info]: GET /api/reports/dashboard
2026-03-09 20:18:25 [warn]: Admin access denied for user: admin@barbershop.com
2026-03-09 20:18:25 [info]: GET /api/reports/weekly
2026-03-09 20:18:25 [warn]: Admin access denied for user: admin@barbershop.com
2026-03-09 20:18:25 [info]: GET /api/employees
2026-03-09 20:18:25 [warn]: Admin access denied for user: admin@barbershop.com
2026-03-09 20:18:25 [info]: GET /api/admin/tenants
2026-03-09 20:18:25 [info]: GET /api/services
2026-03-09 20:18:25 [warn]: Admin access denied for user: admin@barbershop.com
2026-03-09 20:18:25 [info]: GET /api/reports/dashboard
2026-03-09 20:18:25 [warn]: Admin access denied for user: admin@barbershop.com
2026-03-09 20:18:25 [info]: GET /api/reports/weekly
2026-03-09 20:18:25 [warn]: Admin access denied for user: admin@barbershop.com
2026-03-09 20:18:25 [info]: GET /api/plans
2026-03-09 20:19:11 [info]: GET /api/plans
2026-03-09 20:19:11 [info]: GET /api/plans
2026-03-09 20:19:35 [info]: POST /api/auth/login
2026-03-09 20:19:35 [info]: User logged in: matias@gmail.com
2026-03-09 20:19:35 [info]: GET /api/employees
2026-03-09 20:19:35 [info]: GET /api/services
2026-03-09 20:19:35 [info]: GET /api/reports/dashboard
2026-03-09 20:19:35 [info]: GET /api/reports/weekly
2026-03-09 20:19:35 [info]: GET /api/employees
2026-03-09 20:19:35 [info]: GET /api/services
2026-03-09 20:19:35 [info]: GET /api/employees
2026-03-09 20:19:35 [info]: GET /api/services
2026-03-09 20:19:35 [info]: GET /api/employees
2026-03-09 20:19:35 [info]: GET /api/services
2026-03-09 20:19:35 [info]: GET /api/reports/weekly
2026-03-09 20:19:35 [info]: GET /api/reports/dashboard
2026-03-09 20:19:35 [info]: GET /api/reports/weekly
2026-03-09 20:19:35 [info]: GET /api/reports/dashboard
2026-03-09 20:19:35 [info]: GET /api/reports/weekly
2026-03-09 20:19:36 [info]: GET /api/reports/dashboard
2026-03-09 20:19:54 [info]: GET /api/employees
2026-03-09 20:19:54 [info]: GET /api/employees
2026-03-09 20:19:56 [info]: GET /api/employees
2026-03-09 20:19:56 [info]: GET /api/services
2026-03-09 20:19:56 [info]: GET /api/reports/dashboard
2026-03-09 20:19:56 [info]: GET /api/reports/weekly
2026-03-09 20:20:11 [info]: GET /api/employees
2026-03-09 20:20:11 [info]: GET /api/employees
2026-03-09 20:20:12 [info]: GET /api/employees
2026-03-09 20:20:12 [info]: GET /api/services
2026-03-09 20:20:12 [info]: GET /api/reports/dashboard
2026-03-09 20:20:12 [info]: GET /api/reports/weekly
2026-03-09 20:20:13 [info]: GET /api/services/types/all
2026-03-09 20:20:13 [info]: GET /api/services/types/all
2026-03-09 20:20:14 [info]: GET /api/employees
2026-03-09 20:20:14 [info]: GET /api/services/types/all
2026-03-09 20:20:14 [info]: GET /api/employees
2026-03-09 20:20:14 [info]: GET /api/services/types/all
2026-03-09 20:20:16 [info]: GET /api/services/types/all
2026-03-09 20:20:16 [info]: GET /api/services/types/all
2026-03-09 20:20:17 [info]: GET /api/services
2026-03-09 20:20:17 [info]: GET /api/reports/weekly
2026-03-09 20:20:17 [info]: GET /api/services
2026-03-09 20:20:17 [info]: GET /api/services
2026-03-09 20:20:17 [info]: GET /api/reports/weekly
2026-03-09 20:20:17 [info]: GET /api/services
2026-03-09 20:20:28 [info]: GET /api/employees
2026-03-09 20:20:28 [info]: GET /api/services/types/all
2026-03-09 20:20:28 [info]: GET /api/employees
2026-03-09 20:20:28 [info]: GET /api/services/types/all
2026-03-09 20:20:31 [info]: GET /api/services/types/all
2026-03-09 20:20:31 [info]: GET /api/services/types/all
2026-03-09 20:21:06 [info]: GET /api/employees
2026-03-09 20:21:06 [info]: GET /api/services/types/all
2026-03-09 20:21:06 [info]: GET /api/employees
2026-03-09 20:21:06 [info]: GET /api/services/types/all
2026-03-09 20:21:29 [info]: GET /api/services/types/all
2026-03-09 20:21:29 [info]: GET /api/services/types/all
2026-03-09 20:21:31 [info]: GET /api/employees
2026-03-09 20:21:31 [info]: GET /api/services/types/all
2026-03-09 20:21:31 [info]: GET /api/employees
2026-03-09 20:21:31 [info]: GET /api/services/types/all
2026-03-09 20:22:27 [info]: GET /api/employees
2026-03-09 20:22:27 [info]: GET /api/employees
2026-03-09 20:22:32 [info]: GET /api/services/types/all
2026-03-09 20:22:32 [info]: GET /api/services/types/all
2026-03-09 20:22:34 [info]: GET /api/employees
2026-03-09 20:22:34 [info]: GET /api/services/types/all
2026-03-09 20:22:34 [info]: GET /api/employees
2026-03-09 20:22:34 [info]: GET /api/services/types/all
2026-03-09 20:22:35 [info]: GET /api/services/types/all
2026-03-09 20:22:35 [info]: GET /api/services/types/all
2026-03-09 20:22:36 [info]: GET /api/employees
2026-03-09 20:22:36 [info]: GET /api/services/types/all
2026-03-09 20:22:36 [info]: GET /api/employees
2026-03-09 20:22:36 [info]: GET /api/services/types/all
2026-03-09 20:22:39 [info]: GET /api/services/types/all
2026-03-09 20:22:39 [info]: GET /api/services/types/all
2026-03-09 20:22:40 [info]: GET /api/reports/weekly
2026-03-09 20:22:40 [info]: GET /api/services
2026-03-09 20:22:40 [info]: GET /api/services
2026-03-09 20:22:40 [info]: GET /api/reports/weekly
2026-03-09 20:22:40 [info]: GET /api/services
2026-03-09 20:22:40 [info]: GET /api/services
2026-03-09 20:22:45 [info]: GET /api/employees
2026-03-09 20:22:45 [info]: GET /api/employees
2026-03-09 20:22:47 [info]: GET /api/employees
2026-03-09 20:22:47 [info]: GET /api/services
2026-03-09 20:22:47 [info]: GET /api/reports/dashboard
2026-03-09 20:22:47 [info]: GET /api/reports/weekly
2026-03-09 20:22:48 [info]: GET /api/employees
2026-03-09 20:22:48 [info]: GET /api/employees
2026-03-09 20:22:58 [info]: GET /api/services/types/all
2026-03-09 20:22:58 [info]: GET /api/services/types/all
2026-03-09 20:22:59 [info]: GET /api/employees
2026-03-09 20:22:59 [info]: GET /api/services/types/all
2026-03-09 20:22:59 [info]: GET /api/employees
2026-03-09 20:22:59 [info]: GET /api/services/types/all
2026-03-09 20:23:01 [info]: GET /api/employees
2026-03-09 20:23:01 [info]: GET /api/employees
2026-03-09 20:23:05 [info]: GET /api/employees
2026-03-09 20:23:05 [info]: GET /api/services
2026-03-09 20:23:05 [info]: GET /api/reports/dashboard
2026-03-09 20:23:05 [info]: GET /api/reports/weekly
2026-03-09 20:23:12 [info]: GET /api/services/types/all
2026-03-09 20:23:12 [info]: GET /api/services/types/all
2026-03-09 20:23:19 [info]: GET /api/employees
2026-03-09 20:23:19 [info]: GET /api/employees
2026-03-09 20:27:46 [info]: PUT /api/employees/f030fee1-c131-4d94-bd03-bb135ed3dd26
2026-03-09 20:27:46 [info]: Employee updated: f030fee1-c131-4d94-bd03-bb135ed3dd26
2026-03-09 20:27:47 [info]: GET /api/employees
2026-03-09 20:28:00 [info]: POST /api/auth/login
2026-03-09 20:28:00 [warn]: Failed login attempt 1/4 for: carlos@barbershop.com (3 left)
2026-03-09 20:28:00 [warn]: Client error:
2026-03-09 20:28:16 [info]: POST /api/auth/login
2026-03-09 20:28:17 [warn]: Failed login attempt 2/4 for: carlos@barbershop.com (2 left)
2026-03-09 20:28:17 [warn]: Client error:
2026-03-09 20:28:20 [info]: POST /api/auth/login
2026-03-09 20:28:20 [warn]: Failed login attempt 3/4 for: carlos@barbershop.com (1 left)
2026-03-09 20:28:20 [warn]: Client error:
2026-03-09 20:28:46 [info]: POST /api/auth/login
2026-03-09 20:28:47 [info]: User logged in: matias@gmail.com
2026-03-09 20:28:47 [info]: GET /api/employees
2026-03-09 20:28:47 [info]: GET /api/services
2026-03-09 20:28:47 [info]: GET /api/reports/dashboard
2026-03-09 20:28:47 [info]: GET /api/reports/weekly
2026-03-09 20:28:47 [info]: GET /api/employees
2026-03-09 20:28:47 [info]: GET /api/employees
2026-03-09 20:28:47 [info]: GET /api/employees
2026-03-09 20:28:47 [info]: GET /api/services
2026-03-09 20:28:47 [info]: GET /api/reports/dashboard
2026-03-09 20:28:47 [info]: GET /api/reports/weekly
2026-03-09 20:28:47 [info]: GET /api/services
2026-03-09 20:28:47 [info]: GET /api/reports/weekly
2026-03-09 20:28:47 [info]: GET /api/services
2026-03-09 20:28:47 [info]: GET /api/reports/dashboard
2026-03-09 20:28:47 [info]: GET /api/reports/weekly
2026-03-09 20:28:47 [info]: GET /api/reports/dashboard
2026-03-09 20:28:51 [info]: GET /api/employees
2026-03-09 20:28:51 [info]: GET /api/employees
2026-03-09 20:29:02 [info]: PUT /api/employees/f030fee1-c131-4d94-bd03-bb135ed3dd26
2026-03-09 20:29:02 [info]: Employee updated: f030fee1-c131-4d94-bd03-bb135ed3dd26
2026-03-09 20:29:02 [info]: GET /api/employees
2026-03-09 20:29:28 [info]: POST /api/auth/login
2026-03-09 20:29:29 [info]: User logged in: matias@gmail.com
2026-03-09 20:29:29 [info]: GET /api/employees
2026-03-09 20:29:29 [info]: GET /api/services
2026-03-09 20:29:29 [info]: GET /api/reports/dashboard
2026-03-09 20:29:29 [info]: GET /api/reports/weekly
2026-03-09 20:29:29 [info]: GET /api/employees
2026-03-09 20:29:29 [info]: GET /api/services
2026-03-09 20:29:29 [info]: GET /api/reports/weekly
2026-03-09 20:29:29 [info]: GET /api/employees
2026-03-09 20:29:29 [info]: GET /api/services
2026-03-09 20:29:29 [info]: GET /api/reports/dashboard
2026-03-09 20:29:29 [info]: GET /api/reports/weekly
2026-03-09 20:29:29 [info]: GET /api/services
2026-03-09 20:29:29 [info]: GET /api/employees
2026-03-09 20:29:29 [info]: GET /api/reports/weekly
2026-03-09 20:29:29 [info]: GET /api/reports/dashboard
2026-03-09 20:29:29 [info]: GET /api/reports/dashboard
2026-03-09 20:29:35 [info]: GET /api/employees
2026-03-09 20:29:35 [info]: GET /api/services/types/all
2026-03-09 20:29:35 [info]: GET /api/employees
2026-03-09 20:29:35 [info]: GET /api/services/types/all
2026-03-09 20:29:36 [info]: GET /api/services/types/all
2026-03-09 20:29:36 [info]: GET /api/services/types/all
2026-03-09 20:29:37 [info]: GET /api/employees
2026-03-09 20:29:37 [info]: GET /api/employees
2026-03-09 20:29:45 [info]: PUT /api/employees/f030fee1-c131-4d94-bd03-bb135ed3dd26
2026-03-09 20:29:45 [info]: Employee updated: f030fee1-c131-4d94-bd03-bb135ed3dd26
2026-03-09 20:29:45 [info]: GET /api/employees
2026-03-09 20:29:58 [info]: POST /api/auth/login
2026-03-09 20:29:59 [warn]: Account locked after 4 failed attempts: carlos@barbershop.com
2026-03-09 20:29:59 [warn]: Client error:
2026-03-09 20:34:04 [info]: SIGINT received. Shutting down gracefully...
2026-03-09 20:34:16 [info]: ✅ Database connected successfully
2026-03-09 20:34:16 [info]: 🚀 Server running on port 3001
2026-03-09 20:34:16 [info]: 📊 Environment: development
2026-03-09 20:34:16 [info]: 🔗 API URL: http://localhost:3001/api
2026-03-09 20:35:08 [info]: POST /api/auth/login
2026-03-09 20:35:09 [warn]: Failed login attempt 1/4 for: matias@gmail.com (3 left)
2026-03-09 20:35:09 [warn]: Client error:
2026-03-09 20:35:13 [info]: POST /api/auth/login
2026-03-09 20:35:13 [info]: User logged in: matias@gmail.com
2026-03-09 20:35:14 [info]: GET /api/employees
2026-03-09 20:35:14 [info]: GET /api/services
2026-03-09 20:35:14 [info]: GET /api/reports/dashboard
2026-03-09 20:35:14 [info]: GET /api/reports/weekly
2026-03-09 20:35:14 [info]: GET /api/employees
2026-03-09 20:35:14 [info]: GET /api/employees
2026-03-09 20:35:14 [info]: GET /api/employees
2026-03-09 20:35:14 [info]: GET /api/services
2026-03-09 20:35:14 [info]: GET /api/reports/weekly
2026-03-09 20:35:14 [info]: GET /api/services
2026-03-09 20:35:14 [info]: GET /api/reports/dashboard
2026-03-09 20:35:14 [info]: GET /api/reports/weekly
2026-03-09 20:35:14 [info]: GET /api/services
2026-03-09 20:35:14 [info]: GET /api/reports/weekly
2026-03-09 20:35:14 [info]: GET /api/reports/dashboard
2026-03-09 20:35:14 [info]: GET /api/reports/dashboard
2026-03-09 20:35:27 [info]: GET /api/employees
2026-03-09 20:35:27 [info]: GET /api/employees
2026-03-09 20:35:52 [info]: PUT /api/employees/75a2c6cc-e464-4719-9e9e-3f0975c1ba8e
2026-03-09 20:35:53 [info]: Employee updated: 75a2c6cc-e464-4719-9e9e-3f0975c1ba8e
2026-03-09 20:35:53 [info]: GET /api/employees
2026-03-09 20:36:04 [info]: POST /api/auth/login
2026-03-09 20:36:05 [info]: User logged in: maria@barbershop.com
2026-03-09 20:36:05 [info]: GET /api/employees/me/profile
2026-03-09 20:36:05 [info]: GET /api/employees/me/services
2026-03-09 20:36:05 [info]: GET /api/employees/me/report
2026-03-09 20:36:05 [info]: GET /api/employees/me/report
2026-03-09 20:36:05 [info]: GET /api/employees/me/earnings
2026-03-09 20:36:05 [info]: GET /api/employees/me/report
2026-03-09 20:36:05 [info]: GET /api/employees/me/services
2026-03-09 20:36:05 [info]: GET /api/employees/me/report
2026-03-09 20:36:05 [info]: GET /api/employees/me/profile
2026-03-09 20:36:05 [info]: GET /api/employees/me/earnings
2026-03-09 20:40:44 [info]: POST /api/auth/login
2026-03-09 20:40:45 [info]: User logged in: matias@gmail.com
2026-03-09 20:40:45 [info]: GET /api/employees
2026-03-09 20:40:45 [info]: GET /api/services
2026-03-09 20:40:45 [info]: GET /api/reports/dashboard
2026-03-09 20:40:45 [info]: GET /api/reports/weekly
2026-03-09 20:40:45 [info]: GET /api/employees
2026-03-09 20:40:45 [info]: GET /api/employees
2026-03-09 20:40:45 [info]: GET /api/employees
2026-03-09 20:40:45 [info]: GET /api/services
2026-03-09 20:40:45 [info]: GET /api/reports/weekly
2026-03-09 20:40:45 [info]: GET /api/services
2026-03-09 20:40:45 [info]: GET /api/reports/weekly
2026-03-09 20:40:45 [info]: GET /api/reports/dashboard
2026-03-09 20:40:45 [info]: GET /api/services
2026-03-09 20:40:45 [info]: GET /api/reports/weekly
2026-03-09 20:40:45 [info]: GET /api/reports/dashboard
2026-03-09 20:40:45 [info]: GET /api/reports/dashboard
2026-03-09 20:40:56 [info]: GET /api/employees
2026-03-09 20:40:56 [info]: GET /api/employees
2026-03-09 20:40:59 [info]: GET /api/services/types/all
2026-03-09 20:40:59 [info]: GET /api/services/types/all
2026-03-09 20:41:00 [info]: GET /api/employees
2026-03-09 20:41:00 [info]: GET /api/services
2026-03-09 20:41:00 [info]: GET /api/reports/dashboard
2026-03-09 20:41:00 [info]: GET /api/reports/weekly
2026-03-09 20:41:04 [info]: GET /api/employees
2026-03-09 20:41:04 [info]: GET /api/employees
2026-03-09 20:41:23 [info]: GET /api/services/types/all
2026-03-09 20:41:23 [info]: GET /api/services/types/all
2026-03-09 20:41:24 [info]: GET /api/employees
2026-03-09 20:41:24 [info]: GET /api/services/types/all
2026-03-09 20:41:24 [info]: GET /api/employees
2026-03-09 20:41:24 [info]: GET /api/services/types/all
2026-03-09 20:41:28 [info]: GET /api/employees
2026-03-09 20:41:28 [info]: GET /api/employees
2026-03-09 20:41:34 [info]: GET /api/employees
2026-03-09 20:41:34 [info]: GET /api/services/types/all
2026-03-09 20:41:34 [info]: GET /api/employees
2026-03-09 20:41:34 [info]: GET /api/services/types/all
2026-03-09 20:44:48 [info]: GET /api/services/types/all
2026-03-09 20:44:48 [info]: GET /api/services/types/all
2026-03-09 20:53:09 [info]: ✅ Database connected successfully
2026-03-09 20:53:09 [info]: 🚀 Server running on port 3001
2026-03-09 20:53:09 [info]: 📊 Environment: development
2026-03-09 20:53:09 [info]: 🔗 API URL: http://localhost:3001/api
2026-03-09 20:53:19 [info]: GET /api/employees
2026-03-09 20:53:19 [info]: GET /api/services
2026-03-09 20:53:19 [info]: GET /api/reports/dashboard
2026-03-09 20:53:19 [info]: GET /api/reports/weekly
2026-03-09 20:53:19 [info]: GET /api/employees
2026-03-09 20:53:19 [info]: GET /api/employees
2026-03-09 20:53:19 [info]: GET /api/employees
2026-03-09 20:53:19 [info]: GET /api/services
2026-03-09 20:53:19 [info]: GET /api/services
2026-03-09 20:53:19 [info]: GET /api/reports/weekly
2026-03-09 20:53:19 [info]: GET /api/reports/dashboard
2026-03-09 20:53:19 [info]: GET /api/services
2026-03-09 20:53:19 [info]: GET /api/reports/weekly
2026-03-09 20:53:19 [info]: GET /api/reports/weekly
2026-03-09 20:53:19 [info]: GET /api/reports/dashboard
2026-03-09 20:53:19 [info]: GET /api/reports/dashboard
2026-03-09 20:53:23 [info]: GET /api/services/types/all
2026-03-09 20:53:23 [info]: GET /api/services/types/all
2026-03-09 20:53:52 [info]: GET /api/employees
2026-03-09 20:53:52 [info]: GET /api/services/types/all
2026-03-09 20:53:52 [info]: GET /api/services/types/all
2026-03-09 20:53:52 [info]: GET /api/employees
2026-03-09 20:53:53 [info]: GET /api/services/types/all
2026-03-09 20:53:53 [info]: GET /api/services/types/all
2026-03-09 20:54:22 [info]: POST /api/services/types
2026-03-09 20:54:22 [info]: Service type created: Nuevo123
2026-03-09 20:54:22 [info]: GET /api/services/types/all
2026-03-09 20:54:24 [info]: GET /api/employees
2026-03-09 20:54:24 [info]: GET /api/services/types/all
2026-03-09 20:54:24 [info]: GET /api/employees
2026-03-09 20:54:24 [info]: GET /api/services/types/all
2026-03-09 21:01:42 [info]: GET /api/employees
2026-03-09 21:01:42 [warn]: Invalid or expired token attempt
2026-03-09 21:01:42 [info]: GET /api/services
2026-03-09 21:01:42 [warn]: Invalid or expired token attempt
2026-03-09 21:01:42 [info]: GET /api/reports/dashboard
2026-03-09 21:01:42 [warn]: Invalid or expired token attempt
2026-03-09 21:01:42 [info]: GET /api/reports/weekly
2026-03-09 21:01:42 [warn]: Invalid or expired token attempt
2026-03-09 21:01:42 [info]: GET /api/employees
2026-03-09 21:01:42 [warn]: Invalid or expired token attempt
2026-03-09 21:01:42 [info]: GET /api/services
2026-03-09 21:01:42 [warn]: Invalid or expired token attempt
2026-03-09 21:01:42 [info]: GET /api/reports/dashboard
2026-03-09 21:01:42 [warn]: Invalid or expired token attempt
2026-03-09 21:01:42 [info]: GET /api/reports/weekly
2026-03-09 21:01:42 [warn]: Invalid or expired token attempt
2026-03-09 21:01:42 [info]: GET /api/employees
2026-03-09 21:01:42 [warn]: Invalid or expired token attempt
2026-03-09 21:01:42 [info]: GET /api/services
2026-03-09 21:01:42 [warn]: Invalid or expired token attempt
2026-03-09 21:01:42 [info]: GET /api/reports/dashboard
2026-03-09 21:01:42 [warn]: Invalid or expired token attempt
2026-03-09 21:01:42 [info]: GET /api/reports/weekly
2026-03-09 21:01:42 [warn]: Invalid or expired token attempt
2026-03-09 21:01:42 [info]: GET /api/employees
2026-03-09 21:01:42 [warn]: Invalid or expired token attempt
2026-03-09 21:01:42 [info]: GET /api/services
2026-03-09 21:01:42 [warn]: Invalid or expired token attempt
2026-03-09 21:01:42 [info]: GET /api/reports/dashboard
2026-03-09 21:01:42 [warn]: Invalid or expired token attempt
2026-03-09 21:01:42 [info]: GET /api/reports/weekly
2026-03-09 21:01:42 [warn]: Invalid or expired token attempt
2026-03-09 21:01:42 [info]: POST /api/auth/refresh
2026-03-09 21:01:42 [info]: GET /api/employees
2026-03-09 21:01:42 [info]: GET /api/services
2026-03-09 21:01:42 [info]: GET /api/reports/dashboard
2026-03-09 21:01:42 [info]: GET /api/reports/weekly
2026-03-09 21:01:42 [info]: GET /api/employees
2026-03-09 21:01:42 [info]: GET /api/reports/weekly
2026-03-09 21:01:42 [info]: GET /api/reports/weekly
2026-03-09 21:01:42 [info]: GET /api/reports/weekly
2026-03-09 21:01:42 [info]: GET /api/services
2026-03-09 21:01:42 [info]: GET /api/employees
2026-03-09 21:01:42 [info]: GET /api/services
2026-03-09 21:01:42 [info]: GET /api/employees
2026-03-09 21:01:42 [info]: GET /api/reports/dashboard
2026-03-09 21:01:42 [info]: GET /api/services
2026-03-09 21:01:42 [info]: GET /api/reports/dashboard
2026-03-09 21:01:42 [info]: GET /api/reports/dashboard
2026-03-09 21:01:46 [info]: GET /api/services/types/all
2026-03-09 21:01:46 [info]: GET /api/services/types/all
2026-03-09 21:01:47 [info]: GET /api/employees
2026-03-09 21:01:47 [info]: GET /api/services/types/all
2026-03-09 21:01:47 [info]: GET /api/employees
2026-03-09 21:01:47 [info]: GET /api/services/types/all
2026-03-09 21:01:58 [info]: GET /api/services/types/all
2026-03-09 21:01:58 [info]: GET /api/services/types/all
2026-03-09 21:02:15 [info]: POST /api/services/types
2026-03-09 21:02:15 [info]: Service type created: nuevo87
2026-03-09 21:02:15 [info]: GET /api/services/types/all
2026-03-09 21:02:17 [info]: GET /api/employees
2026-03-09 21:02:17 [info]: GET /api/services/types/all
2026-03-09 21:02:17 [info]: GET /api/employees
2026-03-09 21:02:17 [info]: GET /api/services/types/all
2026-03-09 21:02:18 [info]: GET /api/services/types/all
2026-03-09 21:02:18 [info]: GET /api/services/types/all
2026-03-09 21:02:35 [info]: DELETE /api/services/types/c83b667f-c43d-42ee-aa40-a4309e805b60
2026-03-09 21:02:35 [info]: Service type deleted: c83b667f-c43d-42ee-aa40-a4309e805b60
2026-03-09 21:02:35 [info]: GET /api/services/types/all
2026-03-09 21:02:38 [info]: DELETE /api/services/types/31e361a2-e1db-4d02-9872-39ee716b34e5
2026-03-09 21:02:38 [info]: Service type deleted: 31e361a2-e1db-4d02-9872-39ee716b34e5
2026-03-09 21:02:38 [info]: GET /api/services/types/all
2026-03-09 21:03:34 [info]: GET /api/employees
2026-03-09 21:03:34 [info]: GET /api/services
2026-03-09 21:03:34 [info]: GET /api/reports/dashboard
2026-03-09 21:03:34 [info]: GET /api/reports/weekly
2026-03-09 21:06:03 [info]: SIGINT received. Shutting down gracefully...
2026-03-09 21:06:15 [info]: ✅ Database connected successfully
2026-03-09 21:06:15 [info]: 🚀 Server running on port 3001
2026-03-09 21:06:15 [info]: 📊 Environment: development
2026-03-09 21:06:15 [info]: 🔗 API URL: http://localhost:3001/api
2026-03-09 21:06:33 [info]: GET /api/employees
2026-03-09 21:06:33 [info]: GET /api/employees
2026-03-09 21:06:36 [info]: GET /api/employees
2026-03-09 21:06:36 [info]: GET /api/services
2026-03-09 21:06:36 [info]: GET /api/reports/dashboard
2026-03-09 21:06:36 [info]: GET /api/reports/weekly
2026-03-09 21:06:46 [info]: GET /api/reports/weekly
2026-03-09 21:06:46 [info]: GET /api/services
2026-03-09 21:06:46 [info]: GET /api/services
2026-03-09 21:06:46 [info]: GET /api/reports/weekly
2026-03-09 21:06:46 [info]: GET /api/services
2026-03-09 21:06:46 [info]: GET /api/services
2026-03-09 21:06:47 [info]: GET /api/employees
2026-03-09 21:06:47 [info]: GET /api/services/types/all
2026-03-09 21:06:47 [info]: GET /api/services/types/all
2026-03-09 21:06:47 [info]: GET /api/employees
2026-03-09 21:06:53 [info]: GET /api/services/types/all
2026-03-09 21:06:53 [info]: GET /api/services/types/all
2026-03-09 21:07:12 [info]: POST /api/services/types
2026-03-09 21:07:12 [info]: Service type created: nuevo
2026-03-09 21:07:12 [info]: GET /api/services/types/all
2026-03-09 21:07:13 [info]: GET /api/employees
2026-03-09 21:07:13 [info]: GET /api/services/types/all
2026-03-09 21:07:13 [info]: GET /api/employees
2026-03-09 21:07:13 [info]: GET /api/services/types/all
2026-03-09 21:07:40 [info]: POST /api/auth/login
2026-03-09 21:07:41 [info]: User logged in: admin@barbershop.com
2026-03-09 21:07:41 [info]: GET /api/employees
2026-03-09 21:07:41 [warn]: Admin access denied for user: admin@barbershop.com
2026-03-09 21:07:41 [info]: GET /api/services
2026-03-09 21:07:41 [warn]: Admin access denied for user: admin@barbershop.com
2026-03-09 21:07:41 [info]: GET /api/reports/dashboard
2026-03-09 21:07:41 [warn]: Admin access denied for user: admin@barbershop.com
2026-03-09 21:07:41 [info]: GET /api/reports/weekly
2026-03-09 21:07:41 [warn]: Admin access denied for user: admin@barbershop.com
2026-03-09 21:07:41 [info]: GET /api/employees
2026-03-09 21:07:41 [warn]: Admin access denied for user: admin@barbershop.com
2026-03-09 21:07:41 [info]: GET /api/admin/tenants
2026-03-09 21:07:41 [info]: GET /api/plans
2026-03-09 21:07:41 [info]: GET /api/services
2026-03-09 21:07:41 [warn]: Admin access denied for user: admin@barbershop.com
2026-03-09 21:07:41 [info]: GET /api/reports/dashboard
2026-03-09 21:07:41 [warn]: Admin access denied for user: admin@barbershop.com
2026-03-09 21:07:41 [info]: GET /api/reports/weekly
2026-03-09 21:07:41 [warn]: Admin access denied for user: admin@barbershop.com
2026-03-09 21:07:41 [info]: GET /api/employees
2026-03-09 21:07:41 [warn]: Admin access denied for user: admin@barbershop.com
2026-03-09 21:07:41 [info]: GET /api/services
2026-03-09 21:07:41 [warn]: Admin access denied for user: admin@barbershop.com
2026-03-09 21:07:41 [info]: GET /api/reports/dashboard
2026-03-09 21:07:41 [warn]: Admin access denied for user: admin@barbershop.com
2026-03-09 21:07:41 [info]: GET /api/reports/weekly
2026-03-09 21:07:41 [warn]: Admin access denied for user: admin@barbershop.com
2026-03-09 21:07:41 [info]: GET /api/employees
2026-03-09 21:07:41 [warn]: Admin access denied for user: admin@barbershop.com
2026-03-09 21:07:41 [info]: GET /api/services
2026-03-09 21:07:41 [warn]: Admin access denied for user: admin@barbershop.com
2026-03-09 21:07:41 [info]: GET /api/plans
2026-03-09 21:07:41 [info]: GET /api/reports/dashboard
2026-03-09 21:07:41 [warn]: Admin access denied for user: admin@barbershop.com
2026-03-09 21:07:41 [info]: GET /api/admin/tenants
2026-03-09 21:07:41 [info]: GET /api/reports/weekly
2026-03-09 21:07:41 [warn]: Admin access denied for user: admin@barbershop.com
2026-03-09 21:08:19 [info]: POST /api/auth/register
2026-03-09 21:08:19 [error]: Error: La contraseña debe contener al menos un carácter especial
    at AuthService.register (C:\Users\matia\Downloads\Kimi_Agent_Panel Admin Peluquería Completo\barbershop-admin\backend\dist\services\auth.service.js:120:19)
    at async C:\Users\matia\Downloads\Kimi_Agent_Panel Admin Peluquería Completo\barbershop-admin\backend\dist\controllers\auth.controller.js:53:20
2026-03-09 21:08:24 [info]: POST /api/auth/register
2026-03-09 21:08:24 [info]: User registered: Martin@gmail.com
2026-03-09 21:08:24 [info]: GET /api/admin/tenants
2026-03-09 21:08:26 [info]: GET /api/plans
2026-03-09 21:08:26 [info]: GET /api/plans
2026-03-09 21:08:56 [info]: POST /api/auth/login
2026-03-09 21:08:57 [info]: User logged in: matias1@gmail.com
2026-03-09 21:08:57 [info]: GET /api/employees
2026-03-09 21:08:57 [info]: GET /api/services
2026-03-09 21:08:57 [info]: GET /api/reports/dashboard
2026-03-09 21:08:57 [info]: GET /api/reports/weekly
2026-03-09 21:08:57 [info]: GET /api/employees
2026-03-09 21:08:57 [info]: GET /api/services
2026-03-09 21:08:57 [info]: GET /api/reports/weekly
2026-03-09 21:08:57 [info]: GET /api/services
2026-03-09 21:08:57 [info]: GET /api/reports/dashboard
2026-03-09 21:08:57 [info]: GET /api/reports/weekly
2026-03-09 21:08:57 [info]: GET /api/employees
2026-03-09 21:08:57 [info]: GET /api/services
2026-03-09 21:08:57 [info]: GET /api/reports/weekly
2026-03-09 21:08:57 [info]: GET /api/employees
2026-03-09 21:08:57 [info]: GET /api/reports/dashboard
2026-03-09 21:08:57 [info]: GET /api/reports/dashboard
2026-03-09 21:09:00 [info]: GET /api/services/types/all
2026-03-09 21:09:00 [info]: GET /api/services/types/all
2026-03-09 21:09:01 [info]: GET /api/employees
2026-03-09 21:09:01 [info]: GET /api/employees
2026-03-09 21:09:02 [info]: GET /api/services/types/all
2026-03-09 21:09:02 [info]: GET /api/services/types/all
2026-03-09 21:09:03 [info]: GET /api/employees
2026-03-09 21:09:03 [info]: GET /api/services/types/all
2026-03-09 21:09:03 [info]: GET /api/employees
2026-03-09 21:09:03 [info]: GET /api/services/types/all
2026-03-09 21:09:05 [info]: GET /api/reports/weekly
2026-03-09 21:09:05 [info]: GET /api/services
2026-03-09 21:09:05 [info]: GET /api/services
2026-03-09 21:09:05 [info]: GET /api/reports/weekly
2026-03-09 21:09:05 [info]: GET /api/services
2026-03-09 21:09:05 [info]: GET /api/services
2026-03-09 21:09:05 [info]: GET /api/employees
2026-03-09 21:09:05 [info]: GET /api/services/types/all
2026-03-09 21:09:05 [info]: GET /api/employees
2026-03-09 21:09:05 [info]: GET /api/services/types/all
2026-03-09 21:09:06 [info]: GET /api/services/types/all
2026-03-09 21:09:06 [info]: GET /api/services/types/all
2026-03-09 21:09:23 [info]: POST /api/services/types
2026-03-09 21:09:23 [info]: Service type created: Nuevo
2026-03-09 21:09:23 [info]: GET /api/services/types/all
2026-03-09 21:09:47 [info]: POST /api/auth/login
2026-03-09 21:09:48 [warn]: Failed login attempt 1/4 for: martin@gmail.com (3 left)
2026-03-09 21:09:48 [warn]: Client error:
2026-03-09 21:09:53 [info]: POST /api/auth/login
2026-03-09 21:09:54 [info]: User logged in: Martin@gmail.com
2026-03-09 21:09:54 [info]: GET /api/employees
2026-03-09 21:09:54 [info]: GET /api/services
2026-03-09 21:09:54 [info]: GET /api/reports/dashboard
2026-03-09 21:09:54 [info]: GET /api/reports/weekly
2026-03-09 21:09:54 [info]: GET /api/employees
2026-03-09 21:09:54 [info]: GET /api/services
2026-03-09 21:09:54 [info]: GET /api/reports/weekly
2026-03-09 21:09:54 [info]: GET /api/employees
2026-03-09 21:09:54 [info]: GET /api/services
2026-03-09 21:09:54 [info]: GET /api/reports/weekly
2026-03-09 21:09:54 [info]: GET /api/reports/dashboard
2026-03-09 21:09:54 [info]: GET /api/employees
2026-03-09 21:09:54 [info]: GET /api/services
2026-03-09 21:09:54 [info]: GET /api/reports/weekly
2026-03-09 21:09:54 [info]: GET /api/reports/dashboard
2026-03-09 21:09:54 [info]: GET /api/reports/dashboard
2026-03-09 21:09:57 [info]: GET /api/services/types/all
2026-03-09 21:09:57 [info]: GET /api/services/types/all
2026-03-09 21:10:03 [info]: GET /api/employees
2026-03-09 21:10:03 [info]: GET /api/services/types/all
2026-03-09 21:10:03 [info]: GET /api/employees
2026-03-09 21:10:03 [info]: GET /api/services/types/all
2026-03-09 21:10:21 [info]: GET /api/reports/weekly
2026-03-09 21:10:21 [info]: GET /api/services
2026-03-09 21:10:21 [info]: GET /api/services
2026-03-09 21:10:21 [info]: GET /api/reports/weekly
2026-03-09 21:10:21 [info]: GET /api/services
2026-03-09 21:10:21 [info]: GET /api/services
2026-03-09 21:10:37 [info]: POST /api/auth/login
2026-03-09 21:10:38 [info]: User logged in: matias@gmail.com
2026-03-09 21:10:38 [info]: GET /api/employees
2026-03-09 21:10:38 [info]: GET /api/services
2026-03-09 21:10:38 [info]: GET /api/reports/dashboard
2026-03-09 21:10:38 [info]: GET /api/reports/weekly
2026-03-09 21:10:38 [info]: GET /api/employees
2026-03-09 21:10:38 [info]: GET /api/services
2026-03-09 21:10:38 [info]: GET /api/reports/weekly
2026-03-09 21:10:38 [info]: GET /api/employees
2026-03-09 21:10:38 [info]: GET /api/services
2026-03-09 21:10:38 [info]: GET /api/reports/dashboard
2026-03-09 21:10:38 [info]: GET /api/reports/weekly
2026-03-09 21:10:38 [info]: GET /api/employees
2026-03-09 21:10:38 [info]: GET /api/services
2026-03-09 21:10:38 [info]: GET /api/reports/weekly
2026-03-09 21:10:38 [info]: GET /api/reports/dashboard
2026-03-09 21:10:38 [info]: GET /api/reports/dashboard
2026-03-09 21:10:54 [info]: GET /api/employees
2026-03-09 21:10:54 [info]: GET /api/employees
2026-03-09 21:10:55 [info]: GET /api/services/types/all
2026-03-09 21:10:55 [info]: GET /api/services/types/all
2026-03-09 21:10:56 [info]: GET /api/employees
2026-03-09 21:10:56 [info]: GET /api/services/types/all
2026-03-09 21:10:56 [info]: GET /api/employees
2026-03-09 21:10:56 [info]: GET /api/services/types/all
2026-03-09 21:10:58 [info]: GET /api/reports/weekly
2026-03-09 21:10:58 [info]: GET /api/services
2026-03-09 21:10:58 [info]: GET /api/services
2026-03-09 21:10:58 [info]: GET /api/reports/weekly
2026-03-09 21:10:58 [info]: GET /api/services
2026-03-09 21:10:58 [info]: GET /api/services
2026-03-09 21:11:21 [info]: GET /api/employees
2026-03-09 21:11:21 [info]: GET /api/services
2026-03-09 21:11:21 [info]: GET /api/reports/dashboard
2026-03-09 21:11:21 [info]: GET /api/reports/weekly
2026-03-09 21:11:24 [info]: GET /api/employees
2026-03-09 21:11:24 [info]: GET /api/services/types/all
2026-03-09 21:11:24 [info]: GET /api/employees
2026-03-09 21:11:24 [info]: GET /api/services/types/all
2026-03-09 21:11:30 [info]: GET /api/employees
2026-03-09 21:11:30 [info]: GET /api/services
2026-03-09 21:11:30 [info]: GET /api/reports/dashboard
2026-03-09 21:11:30 [info]: GET /api/reports/weekly
2026-03-09 21:11:36 [info]: GET /api/reports/weekly
2026-03-09 21:11:36 [info]: GET /api/services
2026-03-09 21:11:36 [info]: GET /api/services
2026-03-09 21:11:36 [info]: GET /api/reports/weekly
2026-03-09 21:11:36 [info]: GET /api/services
2026-03-09 21:11:36 [info]: GET /api/services
2026-03-09 21:11:41 [info]: GET /api/services
2026-03-09 21:11:41 [info]: GET /api/employees
2026-03-09 21:11:41 [info]: GET /api/reports/dashboard
2026-03-09 21:11:41 [info]: GET /api/reports/weekly
2026-03-09 21:11:57 [info]: GET /api/employees
2026-03-09 21:11:57 [info]: GET /api/services
2026-03-09 21:11:57 [info]: GET /api/reports/dashboard
2026-03-09 21:11:57 [info]: GET /api/reports/weekly
2026-03-09 21:11:57 [info]: GET /api/services
2026-03-09 21:11:57 [info]: GET /api/employees
2026-03-09 21:11:57 [info]: GET /api/reports/weekly
2026-03-09 21:11:57 [info]: GET /api/services
2026-03-09 21:11:57 [info]: GET /api/employees
2026-03-09 21:11:57 [info]: GET /api/reports/weekly
2026-03-09 21:11:57 [info]: GET /api/services
2026-03-09 21:11:57 [info]: GET /api/employees
2026-03-09 21:11:57 [info]: GET /api/reports/weekly
2026-03-09 21:11:57 [info]: GET /api/reports/dashboard
2026-03-09 21:11:57 [info]: GET /api/reports/dashboard
2026-03-09 21:11:57 [info]: GET /api/reports/dashboard
2026-03-09 21:12:10 [info]: GET /api/plans/active
2026-03-09 21:12:10 [info]: GET /api/plans/active
2026-03-09 21:24:41 [info]: POST /api/auth/login
2026-03-09 21:24:43 [info]: User logged in: matias@gmail.com
2026-03-09 21:24:43 [info]: GET /api/auth/me
2026-03-09 21:24:43 [info]: GET /api/services
2026-03-09 21:24:43 [info]: GET /api/employees
2026-03-09 21:24:43 [info]: GET /api/reports/dashboard
2026-03-09 21:24:43 [info]: GET /api/reports/weekly
2026-03-09 21:24:43 [info]: GET /api/auth/me
2026-03-09 21:24:43 [info]: GET /api/services
2026-03-09 21:24:43 [info]: GET /api/services
2026-03-09 21:24:43 [info]: GET /api/services
2026-03-09 21:24:43 [info]: GET /api/employees
2026-03-09 21:24:43 [info]: GET /api/employees
2026-03-09 21:24:43 [info]: GET /api/reports/weekly
2026-03-09 21:24:43 [info]: GET /api/reports/dashboard
2026-03-09 21:24:43 [info]: GET /api/employees
2026-03-09 21:24:43 [info]: GET /api/reports/weekly
2026-03-09 21:24:43 [info]: GET /api/reports/weekly
2026-03-09 21:24:43 [info]: GET /api/reports/dashboard
2026-03-09 21:24:43 [info]: GET /api/reports/dashboard
2026-03-09 21:24:51 [info]: GET /api/employees
2026-03-09 21:24:51 [info]: GET /api/employees
2026-03-09 21:24:52 [info]: GET /api/services/types/all
2026-03-09 21:24:52 [info]: GET /api/services/types/all
2026-03-09 21:24:53 [info]: GET /api/employees
2026-03-09 21:24:53 [info]: GET /api/services/types/all
2026-03-09 21:24:53 [info]: GET /api/employees
2026-03-09 21:24:53 [info]: GET /api/services/types/all
2026-03-09 21:24:54 [info]: GET /api/services/types/all
2026-03-09 21:24:54 [info]: GET /api/services/types/all
2026-03-09 21:24:56 [info]: GET /api/services/types/all
2026-03-09 21:24:56 [info]: GET /api/employees
2026-03-09 21:24:56 [info]: GET /api/services/types/all
2026-03-09 21:24:56 [info]: GET /api/employees
2026-03-09 21:24:58 [info]: GET /api/reports/weekly
2026-03-09 21:24:58 [info]: GET /api/services
2026-03-09 21:24:58 [info]: GET /api/services
2026-03-09 21:24:58 [info]: GET /api/reports/weekly
2026-03-09 21:24:58 [info]: GET /api/services
2026-03-09 21:24:58 [info]: GET /api/services
2026-03-09 21:25:11 [info]: GET /api/employees
2026-03-09 21:25:11 [info]: GET /api/services
2026-03-09 21:25:11 [info]: GET /api/reports/dashboard
2026-03-09 21:25:11 [info]: GET /api/reports/weekly
2026-03-09 21:25:20 [info]: GET /api/employees
2026-03-09 21:25:20 [info]: GET /api/employees
2026-03-09 21:25:21 [info]: GET /api/services/types/all
2026-03-09 21:25:21 [info]: GET /api/services/types/all
2026-03-09 21:25:21 [info]: GET /api/employees
2026-03-09 21:25:21 [info]: GET /api/services/types/all
2026-03-09 21:25:21 [info]: GET /api/employees
2026-03-09 21:25:21 [info]: GET /api/services/types/all
2026-03-09 21:25:23 [info]: GET /api/reports/weekly
2026-03-09 21:25:23 [info]: GET /api/services
2026-03-09 21:25:23 [info]: GET /api/services
2026-03-09 21:25:23 [info]: GET /api/reports/weekly
2026-03-09 21:25:23 [info]: GET /api/services
2026-03-09 21:25:23 [info]: GET /api/services
2026-03-09 21:25:26 [info]: GET /api/reports/weekly
2026-03-09 21:25:26 [info]: GET /api/services
2026-03-09 21:25:26 [info]: GET /api/services
2026-03-09 21:25:26 [info]: GET /api/reports/weekly
2026-03-09 21:25:26 [info]: GET /api/services
2026-03-09 21:25:26 [info]: GET /api/services
2026-03-09 21:25:28 [info]: GET /api/employees
2026-03-09 21:25:28 [info]: GET /api/services/types/all
2026-03-09 21:25:28 [info]: GET /api/employees
2026-03-09 21:25:28 [info]: GET /api/services/types/all
2026-03-09 21:25:29 [info]: GET /api/employees
2026-03-09 21:25:29 [info]: GET /api/services
2026-03-09 21:25:29 [info]: GET /api/reports/dashboard
2026-03-09 21:25:30 [info]: GET /api/reports/weekly
2026-03-09 21:25:37 [info]: GET /api/reports/weekly
2026-03-09 21:25:37 [info]: GET /api/services
2026-03-09 21:25:37 [info]: GET /api/services
2026-03-09 21:25:37 [info]: GET /api/reports/weekly
2026-03-09 21:25:37 [info]: GET /api/services
2026-03-09 21:25:37 [info]: GET /api/services
2026-03-09 21:25:40 [info]: GET /api/services/types/all
2026-03-09 21:25:40 [info]: GET /api/services/types/all
2026-03-09 21:25:42 [info]: GET /api/employees
2026-03-09 21:25:42 [info]: GET /api/services
2026-03-09 21:25:42 [info]: GET /api/reports/dashboard
2026-03-09 21:25:42 [info]: GET /api/reports/weekly
2026-03-09 21:25:46 [info]: GET /api/employees
2026-03-09 21:25:46 [info]: GET /api/employees
2026-03-09 21:25:47 [info]: GET /api/employees
2026-03-09 21:25:47 [info]: GET /api/services
2026-03-09 21:25:47 [info]: GET /api/reports/dashboard
2026-03-09 21:25:47 [info]: GET /api/reports/weekly
2026-03-09 21:25:50 [info]: GET /api/employees
2026-03-09 21:25:50 [info]: GET /api/services/types/all
2026-03-09 21:25:50 [info]: GET /api/employees
2026-03-09 21:25:50 [info]: GET /api/services/types/all
2026-03-09 21:25:53 [info]: GET /api/employees
2026-03-09 21:25:53 [info]: GET /api/services
2026-03-09 21:25:53 [info]: GET /api/reports/dashboard
2026-03-09 21:25:53 [info]: GET /api/reports/weekly
2026-03-09 21:25:56 [info]: GET /api/employees
2026-03-09 21:25:56 [info]: GET /api/services/types/all
2026-03-09 21:25:56 [info]: GET /api/employees
2026-03-09 21:25:56 [info]: GET /api/services/types/all
2026-03-09 21:25:57 [info]: GET /api/services/types/all
2026-03-09 21:25:58 [info]: GET /api/services/types/all
2026-03-09 21:25:58 [info]: GET /api/employees
2026-03-09 21:25:58 [info]: GET /api/services
2026-03-09 21:25:58 [info]: GET /api/reports/dashboard
2026-03-09 21:25:58 [info]: GET /api/reports/weekly
2026-03-09 21:28:32 [info]: GET /api/employees
2026-03-09 21:28:32 [info]: GET /api/services
2026-03-09 21:28:32 [info]: GET /api/reports/dashboard
2026-03-09 21:28:32 [info]: GET /api/reports/weekly
2026-03-09 21:28:32 [info]: GET /api/employees
2026-03-09 21:28:32 [info]: GET /api/services
2026-03-09 21:28:32 [info]: GET /api/reports/weekly
2026-03-09 21:28:32 [info]: GET /api/reports/dashboard
2026-03-09 21:28:54 [info]: SIGINT received. Shutting down gracefully...
2026-03-09 21:29:06 [info]: ✅ Database connected successfully
2026-03-09 21:29:06 [info]: 🚀 Server running on port 3001
2026-03-09 21:29:06 [info]: 📊 Environment: development
2026-03-09 21:29:06 [info]: 🔗 API URL: http://localhost:3001/api
2026-03-09 21:29:06 [info]: GET /api/auth/me
2026-03-09 21:29:06 [info]: GET /api/services
2026-03-09 21:29:06 [info]: GET /api/employees
2026-03-09 21:29:06 [info]: GET /api/reports/dashboard
2026-03-09 21:29:06 [info]: GET /api/reports/weekly
2026-03-09 21:29:07 [info]: GET /api/employees
2026-03-09 21:29:07 [info]: GET /api/services
2026-03-09 21:29:07 [info]: GET /api/employees
2026-03-09 21:29:07 [info]: GET /api/services
2026-03-09 21:29:07 [info]: GET /api/employees
2026-03-09 21:29:07 [info]: GET /api/auth/me
2026-03-09 21:29:07 [info]: GET /api/reports/weekly
2026-03-09 21:29:07 [info]: GET /api/services
2026-03-09 21:29:07 [info]: GET /api/reports/dashboard
2026-03-09 21:29:07 [info]: GET /api/reports/weekly
2026-03-09 21:29:07 [info]: GET /api/reports/weekly
2026-03-09 21:29:07 [info]: GET /api/reports/dashboard
2026-03-09 21:29:07 [info]: GET /api/reports/dashboard
2026-03-09 21:29:19 [info]: GET /api/auth/me
2026-03-09 21:29:19 [info]: GET /api/employees
2026-03-09 21:29:19 [info]: GET /api/services
2026-03-09 21:29:19 [info]: GET /api/reports/dashboard
2026-03-09 21:29:19 [info]: GET /api/reports/weekly
2026-03-09 21:29:19 [info]: GET /api/employees
2026-03-09 21:29:19 [info]: GET /api/services
2026-03-09 21:29:19 [info]: GET /api/reports/weekly
2026-03-09 21:29:19 [info]: GET /api/auth/me
2026-03-09 21:29:19 [info]: GET /api/employees
2026-03-09 21:29:19 [info]: GET /api/services
2026-03-09 21:29:19 [info]: GET /api/reports/weekly
2026-03-09 21:29:19 [info]: GET /api/reports/dashboard
2026-03-09 21:29:19 [info]: GET /api/employees
2026-03-09 21:29:19 [info]: GET /api/services
2026-03-09 21:29:19 [info]: GET /api/reports/weekly
2026-03-09 21:29:19 [info]: GET /api/reports/dashboard
2026-03-09 21:29:20 [info]: GET /api/reports/dashboard
2026-03-09 21:29:42 [info]: POST /api/auth/login
2026-03-09 21:29:42 [info]: User logged in: matias1@gmail.com
2026-03-09 21:29:43 [info]: GET /api/auth/me
2026-03-09 21:29:43 [info]: GET /api/employees
2026-03-09 21:29:43 [info]: GET /api/services
2026-03-09 21:29:43 [info]: GET /api/reports/dashboard
2026-03-09 21:29:43 [info]: GET /api/reports/weekly
2026-03-09 21:29:43 [info]: GET /api/employees
2026-03-09 21:29:43 [info]: GET /api/services
2026-03-09 21:29:43 [info]: GET /api/reports/weekly
2026-03-09 21:29:43 [info]: GET /api/auth/me
2026-03-09 21:29:43 [info]: GET /api/employees
2026-03-09 21:29:43 [info]: GET /api/services
2026-03-09 21:29:43 [info]: GET /api/reports/dashboard
2026-03-09 21:29:43 [info]: GET /api/reports/weekly
2026-03-09 21:29:43 [info]: GET /api/employees
2026-03-09 21:29:43 [info]: GET /api/services
2026-03-09 21:29:43 [info]: GET /api/reports/weekly
2026-03-09 21:29:43 [info]: GET /api/reports/dashboard
2026-03-09 21:29:43 [info]: GET /api/reports/dashboard
2026-03-09 21:30:04 [info]: POST /api/auth/login
2026-03-09 21:30:05 [info]: User logged in: admin@barbershop.com
2026-03-09 21:30:05 [info]: GET /api/auth/me
2026-03-09 21:30:05 [info]: GET /api/employees
2026-03-09 21:30:05 [warn]: Admin access denied for user: admin@barbershop.com
2026-03-09 21:30:05 [info]: GET /api/services
2026-03-09 21:30:05 [warn]: Admin access denied for user: admin@barbershop.com
2026-03-09 21:30:05 [info]: GET /api/reports/dashboard
2026-03-09 21:30:05 [warn]: Admin access denied for user: admin@barbershop.com
2026-03-09 21:30:05 [info]: GET /api/reports/weekly
2026-03-09 21:30:05 [warn]: Admin access denied for user: admin@barbershop.com
2026-03-09 21:30:05 [info]: GET /api/plans
2026-03-09 21:30:05 [info]: GET /api/admin/tenants
2026-03-09 21:30:05 [info]: GET /api/employees
2026-03-09 21:30:05 [warn]: Admin access denied for user: admin@barbershop.com
2026-03-09 21:30:05 [info]: GET /api/services
2026-03-09 21:30:05 [warn]: Admin access denied for user: admin@barbershop.com
2026-03-09 21:30:05 [info]: GET /api/reports/dashboard
2026-03-09 21:30:05 [warn]: Admin access denied for user: admin@barbershop.com
2026-03-09 21:30:05 [info]: GET /api/reports/weekly
2026-03-09 21:30:05 [warn]: Admin access denied for user: admin@barbershop.com
2026-03-09 21:30:05 [info]: GET /api/auth/me
2026-03-09 21:30:05 [info]: GET /api/employees
2026-03-09 21:30:05 [warn]: Admin access denied for user: admin@barbershop.com
2026-03-09 21:30:05 [info]: GET /api/services
2026-03-09 21:30:05 [warn]: Admin access denied for user: admin@barbershop.com
2026-03-09 21:30:05 [info]: GET /api/reports/dashboard
2026-03-09 21:30:05 [warn]: Admin access denied for user: admin@barbershop.com
2026-03-09 21:30:05 [info]: GET /api/reports/weekly
2026-03-09 21:30:05 [warn]: Admin access denied for user: admin@barbershop.com
2026-03-09 21:30:05 [info]: GET /api/plans
2026-03-09 21:30:05 [info]: GET /api/admin/tenants
2026-03-09 21:30:05 [info]: GET /api/employees
2026-03-09 21:30:05 [warn]: Admin access denied for user: admin@barbershop.com
2026-03-09 21:30:05 [info]: GET /api/services
2026-03-09 21:30:05 [warn]: Admin access denied for user: admin@barbershop.com
2026-03-09 21:30:05 [info]: GET /api/reports/dashboard
2026-03-09 21:30:05 [warn]: Admin access denied for user: admin@barbershop.com
2026-03-09 21:30:05 [info]: GET /api/reports/weekly
2026-03-09 21:30:05 [warn]: Admin access denied for user: admin@barbershop.com
2026-03-09 21:30:06 [info]: GET /api/plans
2026-03-09 21:30:06 [info]: GET /api/plans
2026-03-09 21:30:22 [info]: POST /api/auth/login
2026-03-09 21:30:22 [info]: User logged in: Martin@gmail.com
2026-03-09 21:30:23 [info]: GET /api/auth/me
2026-03-09 21:30:23 [info]: GET /api/employees
2026-03-09 21:30:23 [info]: GET /api/services
2026-03-09 21:30:23 [info]: GET /api/reports/dashboard
2026-03-09 21:30:23 [info]: GET /api/reports/weekly
2026-03-09 21:30:23 [info]: GET /api/employees
2026-03-09 21:30:23 [info]: GET /api/services
2026-03-09 21:30:23 [info]: GET /api/reports/weekly
2026-03-09 21:30:23 [info]: GET /api/auth/me
2026-03-09 21:30:23 [info]: GET /api/employees
2026-03-09 21:30:23 [info]: GET /api/services
2026-03-09 21:30:23 [info]: GET /api/reports/dashboard
2026-03-09 21:30:23 [info]: GET /api/reports/weekly
2026-03-09 21:30:23 [info]: GET /api/employees
2026-03-09 21:30:23 [info]: GET /api/services
2026-03-09 21:30:23 [info]: GET /api/reports/weekly
2026-03-09 21:30:23 [info]: GET /api/reports/dashboard
2026-03-09 21:30:23 [info]: GET /api/reports/dashboard
2026-03-09 21:34:01 [info]: GET /api/employees
2026-03-09 21:34:01 [info]: GET /api/employees
2026-03-09 21:34:24 [info]: GET /api/employees
2026-03-09 21:34:24 [info]: GET /api/services
2026-03-09 21:34:24 [info]: GET /api/reports/dashboard
2026-03-09 21:34:24 [info]: GET /api/reports/weekly
2026-03-09 21:34:33 [info]: GET /api/employees
2026-03-09 21:34:33 [info]: GET /api/employees
2026-03-09 21:34:34 [info]: GET /api/services/types/all
2026-03-09 21:34:34 [info]: GET /api/services/types/all
2026-03-09 21:34:35 [info]: GET /api/employees
2026-03-09 21:34:35 [info]: GET /api/services/types/all
2026-03-09 21:34:35 [info]: GET /api/employees
2026-03-09 21:34:35 [info]: GET /api/services/types/all
2026-03-09 21:34:36 [info]: GET /api/services/types/all
2026-03-09 21:34:36 [info]: GET /api/services/types/all
2026-03-09 21:34:38 [info]: GET /api/services/types/all
2026-03-09 21:34:38 [info]: GET /api/employees
2026-03-09 21:34:38 [info]: GET /api/services/types/all
2026-03-09 21:34:38 [info]: GET /api/employees
2026-03-09 21:34:38 [info]: GET /api/reports/weekly
2026-03-09 21:34:38 [info]: GET /api/services
2026-03-09 21:34:38 [info]: GET /api/services
2026-03-09 21:34:39 [info]: GET /api/reports/weekly
2026-03-09 21:34:39 [info]: GET /api/services
2026-03-09 21:34:39 [info]: GET /api/services
2026-03-09 21:38:22 [info]: GET /api/employees
2026-03-09 21:38:22 [info]: GET /api/services/types/all
2026-03-09 21:38:22 [info]: GET /api/employees
2026-03-09 21:38:22 [info]: GET /api/services/types/all
2026-03-09 21:38:23 [info]: GET /api/employees
2026-03-09 21:38:23 [info]: GET /api/services
2026-03-09 21:38:23 [info]: GET /api/reports/dashboard
2026-03-09 21:38:23 [info]: GET /api/reports/weekly
2026-03-09 21:38:41 [info]: POST /api/auth/login
2026-03-09 21:38:42 [info]: User logged in: admin@barbershop.com
2026-03-09 21:38:42 [info]: GET /api/auth/me
2026-03-09 21:38:42 [info]: GET /api/employees
2026-03-09 21:38:42 [warn]: Admin access denied for user: admin@barbershop.com
2026-03-09 21:38:42 [info]: GET /api/services
2026-03-09 21:38:42 [warn]: Admin access denied for user: admin@barbershop.com
2026-03-09 21:38:42 [info]: GET /api/reports/dashboard
2026-03-09 21:38:42 [warn]: Admin access denied for user: admin@barbershop.com
2026-03-09 21:38:42 [info]: GET /api/reports/weekly
2026-03-09 21:38:42 [warn]: Admin access denied for user: admin@barbershop.com
2026-03-09 21:38:42 [info]: GET /api/plans
2026-03-09 21:38:42 [info]: GET /api/employees
2026-03-09 21:38:42 [warn]: Admin access denied for user: admin@barbershop.com
2026-03-09 21:38:42 [info]: GET /api/auth/me
2026-03-09 21:38:42 [info]: GET /api/admin/tenants
2026-03-09 21:38:42 [info]: GET /api/services
2026-03-09 21:38:42 [warn]: Admin access denied for user: admin@barbershop.com
2026-03-09 21:38:42 [info]: GET /api/reports/dashboard
2026-03-09 21:38:42 [warn]: Admin access denied for user: admin@barbershop.com
2026-03-09 21:38:42 [info]: GET /api/reports/weekly
2026-03-09 21:38:42 [warn]: Admin access denied for user: admin@barbershop.com
2026-03-09 21:38:42 [info]: GET /api/employees
2026-03-09 21:38:42 [warn]: Admin access denied for user: admin@barbershop.com
2026-03-09 21:38:42 [info]: GET /api/services
2026-03-09 21:38:42 [warn]: Admin access denied for user: admin@barbershop.com
2026-03-09 21:38:42 [info]: GET /api/reports/dashboard
2026-03-09 21:38:42 [warn]: Admin access denied for user: admin@barbershop.com
2026-03-09 21:38:42 [info]: GET /api/plans
2026-03-09 21:38:42 [info]: GET /api/reports/weekly
2026-03-09 21:38:42 [warn]: Admin access denied for user: admin@barbershop.com
2026-03-09 21:38:42 [info]: GET /api/employees
2026-03-09 21:38:42 [warn]: Admin access denied for user: admin@barbershop.com
2026-03-09 21:38:42 [info]: GET /api/services
2026-03-09 21:38:42 [warn]: Admin access denied for user: admin@barbershop.com
2026-03-09 21:38:42 [info]: GET /api/reports/dashboard
2026-03-09 21:38:42 [warn]: Admin access denied for user: admin@barbershop.com
2026-03-09 21:38:42 [info]: GET /api/admin/tenants
2026-03-09 21:38:42 [info]: GET /api/reports/weekly
2026-03-09 21:38:42 [warn]: Admin access denied for user: admin@barbershop.com
2026-03-09 21:38:43 [info]: GET /api/plans
2026-03-09 21:38:43 [info]: GET /api/plans
2026-03-09 21:39:10 [info]: GET /api/plans/active
2026-03-09 21:39:10 [info]: GET /api/plans/active
2026-03-09 21:43:56 [info]: SIGINT received. Shutting down gracefully...
2026-03-09 21:44:06 [info]: ✅ Database connected successfully
2026-03-09 21:44:06 [info]: 🚀 Server running on port 3001
2026-03-09 21:44:06 [info]: 📊 Environment: development
2026-03-09 21:44:06 [info]: 🔗 API URL: http://localhost:3001/api
2026-03-09 21:58:00 [info]: GET /api/plans/active
2026-03-09 21:58:01 [info]: GET /api/plans/active
2026-03-09 21:58:07 [info]: GET /api/plans/active
2026-03-09 21:58:07 [info]: GET /api/plans/active
2026-03-09 21:58:35 [info]: POST /api/auth/login
2026-03-09 21:58:36 [info]: User logged in: matias@gmail.com
2026-03-09 21:58:36 [info]: GET /api/auth/me
2026-03-09 21:58:36 [info]: GET /api/employees
2026-03-09 21:58:36 [info]: GET /api/services
2026-03-09 21:58:36 [info]: GET /api/reports/dashboard
2026-03-09 21:58:36 [info]: GET /api/reports/weekly
2026-03-09 21:58:36 [info]: GET /api/employees
2026-03-09 21:58:36 [info]: GET /api/services
2026-03-09 21:58:36 [info]: GET /api/employees
2026-03-09 21:58:36 [info]: GET /api/services
2026-03-09 21:58:36 [info]: GET /api/employees
2026-03-09 21:58:36 [info]: GET /api/services
2026-03-09 21:58:36 [info]: GET /api/auth/me
2026-03-09 21:58:36 [info]: GET /api/reports/weekly
2026-03-09 21:58:36 [info]: GET /api/reports/dashboard
2026-03-09 21:58:36 [info]: GET /api/reports/weekly
2026-03-09 21:58:36 [info]: GET /api/reports/weekly
2026-03-09 21:58:36 [info]: GET /api/reports/dashboard
2026-03-09 21:58:36 [info]: GET /api/reports/dashboard
2026-03-09 21:58:39 [info]: GET /api/employees
2026-03-09 21:58:39 [info]: GET /api/employees
2026-03-09 21:58:57 [info]: PUT /api/employees/f030fee1-c131-4d94-bd03-bb135ed3dd26
2026-03-09 21:58:58 [info]: Employee updated: f030fee1-c131-4d94-bd03-bb135ed3dd26
2026-03-09 21:58:58 [info]: GET /api/employees
2026-03-09 21:59:11 [info]: POST /api/auth/login
2026-03-09 21:59:11 [info]: User logged in: admin@barbershop.com
2026-03-09 21:59:11 [info]: GET /api/auth/me
2026-03-09 21:59:11 [info]: GET /api/employees
2026-03-09 21:59:11 [warn]: Admin access denied for user: admin@barbershop.com
2026-03-09 21:59:11 [info]: GET /api/services
2026-03-09 21:59:11 [warn]: Admin access denied for user: admin@barbershop.com
2026-03-09 21:59:11 [info]: GET /api/reports/dashboard
2026-03-09 21:59:11 [warn]: Admin access denied for user: admin@barbershop.com
2026-03-09 21:59:11 [info]: GET /api/reports/weekly
2026-03-09 21:59:11 [warn]: Admin access denied for user: admin@barbershop.com
2026-03-09 21:59:11 [info]: GET /api/employees
2026-03-09 21:59:11 [warn]: Admin access denied for user: admin@barbershop.com
2026-03-09 21:59:11 [info]: GET /api/services
2026-03-09 21:59:11 [warn]: Admin access denied for user: admin@barbershop.com
2026-03-09 21:59:11 [info]: GET /api/reports/dashboard
2026-03-09 21:59:11 [warn]: Admin access denied for user: admin@barbershop.com
2026-03-09 21:59:11 [info]: GET /api/plans
2026-03-09 21:59:11 [info]: GET /api/admin/tenants
2026-03-09 21:59:11 [info]: GET /api/auth/me
2026-03-09 21:59:11 [info]: GET /api/reports/weekly
2026-03-09 21:59:11 [warn]: Admin access denied for user: admin@barbershop.com
2026-03-09 21:59:11 [info]: GET /api/employees
2026-03-09 21:59:11 [warn]: Admin access denied for user: admin@barbershop.com
2026-03-09 21:59:11 [info]: GET /api/services
2026-03-09 21:59:11 [warn]: Admin access denied for user: admin@barbershop.com
2026-03-09 21:59:11 [info]: GET /api/reports/dashboard
2026-03-09 21:59:11 [warn]: Admin access denied for user: admin@barbershop.com
2026-03-09 21:59:11 [info]: GET /api/reports/weekly
2026-03-09 21:59:11 [warn]: Admin access denied for user: admin@barbershop.com
2026-03-09 21:59:11 [info]: GET /api/employees
2026-03-09 21:59:11 [warn]: Admin access denied for user: admin@barbershop.com
2026-03-09 21:59:11 [info]: GET /api/services
2026-03-09 21:59:11 [warn]: Admin access denied for user: admin@barbershop.com
2026-03-09 21:59:11 [info]: GET /api/plans
2026-03-09 21:59:11 [info]: GET /api/reports/dashboard
2026-03-09 21:59:11 [warn]: Admin access denied for user: admin@barbershop.com
2026-03-09 21:59:11 [info]: GET /api/reports/weekly
2026-03-09 21:59:11 [warn]: Admin access denied for user: admin@barbershop.com
2026-03-09 21:59:11 [info]: GET /api/admin/tenants
2026-03-09 21:59:13 [info]: GET /api/plans
2026-03-09 21:59:13 [info]: GET /api/plans
2026-03-09 21:59:17 [info]: GET /api/plans
2026-03-09 21:59:17 [info]: GET /api/plans
2026-03-09 22:00:07 [info]: POST /api/auth/login
2026-03-09 22:00:07 [info]: User logged in: admin@barbershop.com
2026-03-09 22:00:08 [info]: GET /api/auth/me
2026-03-09 22:00:08 [info]: GET /api/employees
2026-03-09 22:00:08 [warn]: Admin access denied for user: admin@barbershop.com
2026-03-09 22:00:08 [info]: GET /api/services
2026-03-09 22:00:08 [warn]: Admin access denied for user: admin@barbershop.com
2026-03-09 22:00:08 [info]: GET /api/reports/dashboard
2026-03-09 22:00:08 [warn]: Admin access denied for user: admin@barbershop.com
2026-03-09 22:00:08 [info]: GET /api/reports/weekly
2026-03-09 22:00:08 [warn]: Admin access denied for user: admin@barbershop.com
2026-03-09 22:00:08 [info]: GET /api/plans
2026-03-09 22:00:08 [info]: GET /api/admin/tenants
2026-03-09 22:00:08 [info]: GET /api/employees
2026-03-09 22:00:08 [warn]: Admin access denied for user: admin@barbershop.com
2026-03-09 22:00:08 [info]: GET /api/services
2026-03-09 22:00:08 [warn]: Admin access denied for user: admin@barbershop.com
2026-03-09 22:00:08 [info]: GET /api/auth/me
2026-03-09 22:00:08 [info]: GET /api/reports/dashboard
2026-03-09 22:00:08 [warn]: Admin access denied for user: admin@barbershop.com
2026-03-09 22:00:08 [info]: GET /api/reports/weekly
2026-03-09 22:00:08 [warn]: Admin access denied for user: admin@barbershop.com
2026-03-09 22:00:08 [info]: GET /api/employees
2026-03-09 22:00:08 [warn]: Admin access denied for user: admin@barbershop.com
2026-03-09 22:00:08 [info]: GET /api/services
2026-03-09 22:00:08 [warn]: Admin access denied for user: admin@barbershop.com
2026-03-09 22:00:08 [info]: GET /api/reports/dashboard
2026-03-09 22:00:08 [warn]: Admin access denied for user: admin@barbershop.com
2026-03-09 22:00:08 [info]: GET /api/plans
2026-03-09 22:00:08 [info]: GET /api/reports/weekly
2026-03-09 22:00:08 [warn]: Admin access denied for user: admin@barbershop.com
2026-03-09 22:00:08 [info]: GET /api/admin/tenants
2026-03-09 22:00:08 [info]: GET /api/employees
2026-03-09 22:00:08 [warn]: Admin access denied for user: admin@barbershop.com
2026-03-09 22:00:08 [info]: GET /api/services
2026-03-09 22:00:08 [warn]: Admin access denied for user: admin@barbershop.com
2026-03-09 22:00:08 [info]: GET /api/reports/dashboard
2026-03-09 22:00:08 [warn]: Admin access denied for user: admin@barbershop.com
2026-03-09 22:00:08 [info]: GET /api/reports/weekly
2026-03-09 22:00:08 [warn]: Admin access denied for user: admin@barbershop.com
2026-03-09 22:01:02 [info]: POST /api/auth/login
2026-03-09 22:01:02 [info]: User logged in: Martin@gmail.com
2026-03-09 22:01:02 [info]: GET /api/auth/me
2026-03-09 22:01:02 [info]: GET /api/employees
2026-03-09 22:01:02 [info]: GET /api/services
2026-03-09 22:01:02 [info]: GET /api/reports/dashboard
2026-03-09 22:01:02 [info]: GET /api/reports/weekly
2026-03-09 22:01:03 [info]: GET /api/employees
2026-03-09 22:01:03 [info]: GET /api/services
2026-03-09 22:01:03 [info]: GET /api/reports/weekly
2026-03-09 22:01:03 [info]: GET /api/auth/me
2026-03-09 22:01:03 [info]: GET /api/employees
2026-03-09 22:01:03 [info]: GET /api/services
2026-03-09 22:01:03 [info]: GET /api/reports/dashboard
2026-03-09 22:01:03 [info]: GET /api/reports/weekly
2026-03-09 22:01:03 [info]: GET /api/employees
2026-03-09 22:01:03 [info]: GET /api/services
2026-03-09 22:01:03 [info]: GET /api/reports/weekly
2026-03-09 22:01:03 [info]: GET /api/reports/dashboard
2026-03-09 22:01:03 [info]: GET /api/reports/dashboard
2026-03-09 22:01:04 [info]: GET /api/employees
2026-03-09 22:01:04 [info]: GET /api/employees
2026-03-09 22:01:33 [info]: POST /api/employees
2026-03-09 22:01:34 [info]: Employee created: Matias Cohaila
2026-03-09 22:01:34 [info]: GET /api/employees
2026-03-09 22:01:37 [info]: GET /api/services/types/all
2026-03-09 22:01:37 [info]: GET /api/services/types/all
2026-03-09 22:01:53 [info]: POST /api/services/types
2026-03-09 22:01:53 [info]: Service type created: Corte
2026-03-09 22:01:53 [info]: GET /api/services/types/all
2026-03-09 22:01:55 [info]: GET /api/employees
2026-03-09 22:01:55 [info]: GET /api/services/types/all
2026-03-09 22:01:55 [info]: GET /api/employees
2026-03-09 22:01:55 [info]: GET /api/services/types/all
2026-03-09 22:02:08 [info]: POST /api/services
2026-03-09 22:02:08 [info]: Service created: aa35ea51-f6f3-46b5-8ed7-d9803382e057 for employee ccb9b5a0-93d7-4ba7-b862-06d299ac8703
2026-03-09 22:02:08 [info]: GET /api/services
2026-03-09 22:02:08 [info]: GET /api/employees
2026-03-09 22:02:08 [info]: GET /api/reports/dashboard
2026-03-09 22:02:08 [info]: GET /api/reports/weekly
2026-03-09 22:02:10 [info]: GET /api/services/types/all
2026-03-09 22:02:10 [info]: GET /api/services/types/all
2026-03-09 22:02:13 [info]: GET /api/employees
2026-03-09 22:02:13 [info]: GET /api/employees
2026-03-09 22:02:37 [info]: POST /api/auth/login
2026-03-09 22:02:37 [info]: User logged in: matiascohaila8@gmail.com
2026-03-09 22:02:37 [info]: GET /api/employees/me/profile
2026-03-09 22:02:37 [info]: GET /api/employees/me/services
2026-03-09 22:02:37 [info]: GET /api/employees/me/report
2026-03-09 22:02:37 [info]: GET /api/employees/me/report
2026-03-09 22:02:37 [info]: GET /api/employees/me/earnings
2026-03-09 22:02:37 [info]: GET /api/employees/me/profile
2026-03-09 22:02:37 [info]: GET /api/employees/me/services
2026-03-09 22:02:37 [info]: GET /api/employees/me/report
2026-03-09 22:02:38 [info]: GET /api/employees/me/report
2026-03-09 22:02:38 [info]: GET /api/employees/me/earnings
2026-03-09 22:03:17 [info]: POST /api/employees/me/withdraw
2026-03-09 22:08:46 [info]: GET /api/employees/me/report
2026-03-09 22:09:14 [info]: POST /api/auth/login
2026-03-09 22:09:14 [info]: User logged in: matias@gmail.com
2026-03-09 22:09:15 [info]: GET /api/auth/me
2026-03-09 22:09:15 [info]: GET /api/services
2026-03-09 22:09:15 [info]: GET /api/employees
2026-03-09 22:09:15 [info]: GET /api/reports/dashboard
2026-03-09 22:09:15 [info]: GET /api/reports/weekly
2026-03-09 22:09:15 [info]: GET /api/services
2026-03-09 22:09:15 [info]: GET /api/reports/weekly
2026-03-09 22:09:15 [info]: GET /api/auth/me
2026-03-09 22:09:15 [info]: GET /api/services
2026-03-09 22:09:15 [info]: GET /api/reports/weekly
2026-03-09 22:09:15 [info]: GET /api/services
2026-03-09 22:09:15 [info]: GET /api/employees
2026-03-09 22:09:15 [info]: GET /api/employees
2026-03-09 22:09:15 [info]: GET /api/employees
2026-03-09 22:09:15 [info]: GET /api/reports/dashboard
2026-03-09 22:09:15 [info]: GET /api/reports/weekly
2026-03-09 22:09:15 [info]: GET /api/reports/dashboard
2026-03-09 22:09:15 [info]: GET /api/reports/dashboard
2026-03-09 22:09:18 [info]: GET /api/employees
2026-03-09 22:09:18 [info]: GET /api/employees
2026-03-09 22:09:20 [info]: GET /api/services/types/all
2026-03-09 22:09:20 [info]: GET /api/services/types/all
2026-03-09 22:09:21 [info]: GET /api/employees
2026-03-09 22:09:21 [info]: GET /api/services/types/all
2026-03-09 22:09:21 [info]: GET /api/employees
2026-03-09 22:09:21 [info]: GET /api/services/types/all
2026-03-09 22:09:26 [info]: GET /api/reports/weekly
2026-03-09 22:09:26 [info]: GET /api/services
2026-03-09 22:09:26 [info]: GET /api/services
2026-03-09 22:09:26 [info]: GET /api/reports/weekly
2026-03-09 22:09:26 [info]: GET /api/services
2026-03-09 22:09:26 [info]: GET /api/services
2026-03-09 22:09:34 [info]: GET /api/employees
2026-03-09 22:09:34 [info]: GET /api/services
2026-03-09 22:09:34 [info]: GET /api/reports/dashboard
2026-03-09 22:09:34 [info]: GET /api/reports/weekly
2026-03-09 22:10:11 [info]: GET /api/services/types/all
2026-03-09 22:10:11 [info]: GET /api/services/types/all
2026-03-09 22:10:12 [info]: GET /api/employees
2026-03-09 22:10:12 [info]: GET /api/services/types/all
2026-03-09 22:10:12 [info]: GET /api/employees
2026-03-09 22:10:12 [info]: GET /api/services/types/all
2026-03-09 22:10:41 [info]: GET /api/employees
2026-03-09 22:10:41 [info]: GET /api/services
2026-03-09 22:10:41 [info]: GET /api/reports/dashboard
2026-03-09 22:10:41 [info]: GET /api/reports/weekly
2026-03-09 22:11:21 [info]: GET /api/auth/me
2026-03-09 22:11:21 [info]: GET /api/employees
2026-03-09 22:11:21 [info]: GET /api/services
2026-03-09 22:11:21 [info]: GET /api/reports/dashboard
2026-03-09 22:11:21 [info]: GET /api/reports/weekly
2026-03-09 22:11:21 [info]: GET /api/employees
2026-03-09 22:11:21 [info]: GET /api/services
2026-03-09 22:11:21 [info]: GET /api/reports/weekly
2026-03-09 22:11:21 [info]: GET /api/reports/dashboard
2026-03-09 22:11:37 [info]: GET /api/employees
2026-03-09 22:11:37 [info]: GET /api/services
2026-03-09 22:11:37 [info]: GET /api/reports/dashboard
2026-03-09 22:11:37 [info]: GET /api/reports/weekly
2026-03-09 22:11:52 [info]: GET /api/employees
2026-03-09 22:11:52 [info]: GET /api/services
2026-03-09 22:11:52 [info]: GET /api/reports/dashboard
2026-03-09 22:11:52 [info]: GET /api/reports/weekly
2026-03-09 22:12:07 [info]: GET /api/employees
2026-03-09 22:12:07 [info]: GET /api/services
2026-03-09 22:12:07 [info]: GET /api/reports/dashboard
2026-03-09 22:12:07 [info]: GET /api/reports/weekly
2026-03-09 22:12:22 [info]: GET /api/employees
2026-03-09 22:12:22 [info]: GET /api/services
2026-03-09 22:12:22 [info]: GET /api/reports/dashboard
2026-03-09 22:12:22 [info]: GET /api/reports/weekly
2026-03-09 22:12:37 [info]: GET /api/employees
2026-03-09 22:12:37 [info]: GET /api/services
2026-03-09 22:12:37 [info]: GET /api/reports/dashboard
2026-03-09 22:12:37 [info]: GET /api/reports/weekly
2026-03-09 22:13:14 [info]: SIGINT received. Shutting down gracefully...
2026-03-09 22:13:47 [info]: ✅ Database connected successfully
2026-03-09 22:13:47 [info]: 🚀 Server running on port 3001
2026-03-09 22:13:47 [info]: 📊 Environment: development
2026-03-09 22:13:47 [info]: 🔗 API URL: http://localhost:3001/api
2026-03-09 22:13:47 [info]: GET /api/employees
2026-03-09 22:13:47 [info]: GET /api/services
2026-03-09 22:13:47 [info]: GET /api/reports/dashboard
2026-03-09 22:13:47 [info]: GET /api/reports/weekly
2026-03-09 22:13:47 [info]: GET /api/services/types/all
2026-03-09 22:13:47 [info]: GET /api/employees
2026-03-09 22:13:47 [info]: GET /api/services
2026-03-09 22:13:47 [info]: GET /api/services/types/all
2026-03-09 22:13:47 [info]: GET /api/reports/weekly
2026-03-09 22:13:47 [info]: GET /api/reports/dashboard
2026-03-09 22:13:49 [info]: GET /api/employees
2026-03-09 22:13:49 [info]: GET /api/services/types/all
2026-03-09 22:13:49 [info]: GET /api/employees
2026-03-09 22:13:49 [info]: GET /api/services/types/all
2026-03-09 22:13:53 [info]: GET /api/employees
2026-03-09 22:13:53 [info]: GET /api/services
2026-03-09 22:13:53 [info]: GET /api/reports/dashboard
2026-03-09 22:13:53 [info]: GET /api/reports/weekly
2026-03-09 22:13:53 [info]: POST /api/services
2026-03-09 22:13:53 [info]: Service created: cc598187-9ab2-46f3-81a2-44493dcd95ee for employee f030fee1-c131-4d94-bd03-bb135ed3dd26
2026-03-09 22:13:53 [info]: GET /api/services
2026-03-09 22:13:53 [info]: GET /api/employees
2026-03-09 22:13:53 [info]: GET /api/reports/dashboard
2026-03-09 22:13:53 [info]: GET /api/reports/weekly
2026-03-09 22:13:54 [info]: GET /api/employees
2026-03-09 22:13:54 [info]: GET /api/services
2026-03-09 22:13:54 [info]: GET /api/reports/dashboard
2026-03-09 22:13:54 [info]: GET /api/reports/weekly
2026-03-09 22:14:01 [info]: GET /api/services/types/all
2026-03-09 22:14:01 [info]: GET /api/services/types/all
2026-03-09 22:14:02 [info]: GET /api/employees
2026-03-09 22:14:02 [info]: GET /api/services/types/all
2026-03-09 22:14:02 [info]: GET /api/employees
2026-03-09 22:14:02 [info]: GET /api/services/types/all
2026-03-09 22:14:04 [info]: POST /api/services
2026-03-09 22:14:04 [info]: Service created: 2b9b3c7e-754d-4914-9ebe-47930ed6c758 for employee f030fee1-c131-4d94-bd03-bb135ed3dd26
2026-03-09 22:14:04 [info]: GET /api/services
2026-03-09 22:14:04 [info]: GET /api/employees
2026-03-09 22:14:04 [info]: GET /api/reports/dashboard
2026-03-09 22:14:04 [info]: GET /api/reports/weekly
2026-03-09 22:14:07 [info]: GET /api/services
2026-03-09 22:14:07 [info]: GET /api/reports/dashboard
2026-03-09 22:14:07 [info]: GET /api/reports/weekly
2026-03-09 22:14:07 [info]: GET /api/employees
2026-03-09 22:14:08 [info]: GET /api/employees
2026-03-09 22:14:08 [info]: GET /api/services
2026-03-09 22:14:08 [info]: GET /api/reports/dashboard
2026-03-09 22:14:08 [info]: GET /api/reports/weekly
2026-03-09 22:14:13 [info]: GET /api/employees
2026-03-09 22:14:13 [info]: GET /api/services/types/all
2026-03-09 22:14:13 [info]: GET /api/employees
2026-03-09 22:14:13 [info]: GET /api/services/types/all
2026-03-09 22:14:14 [info]: GET /api/services/types/all
2026-03-09 22:14:14 [info]: GET /api/services/types/all
2026-03-09 22:14:15 [info]: GET /api/employees
2026-03-09 22:14:15 [info]: GET /api/services/types/all
2026-03-09 22:14:15 [info]: GET /api/employees
2026-03-09 22:14:15 [info]: GET /api/services/types/all
2026-03-09 22:14:18 [info]: POST /api/services
2026-03-09 22:14:18 [info]: Service created: 3629cc49-5d7b-462f-bea2-9082e1c88978 for employee f030fee1-c131-4d94-bd03-bb135ed3dd26
2026-03-09 22:14:18 [info]: GET /api/services
2026-03-09 22:14:18 [info]: GET /api/employees
2026-03-09 22:14:18 [info]: GET /api/reports/dashboard
2026-03-09 22:14:18 [info]: GET /api/reports/weekly
2026-03-09 22:14:19 [info]: GET /api/services
2026-03-09 22:14:19 [info]: GET /api/reports/dashboard
2026-03-09 22:14:19 [info]: GET /api/reports/weekly
2026-03-09 22:14:19 [info]: GET /api/employees
2026-03-09 22:14:23 [info]: GET /api/employees
2026-03-09 22:14:23 [info]: GET /api/reports/dashboard
2026-03-09 22:14:23 [info]: GET /api/reports/weekly
2026-03-09 22:14:23 [info]: GET /api/services
2026-03-09 22:14:24 [info]: GET /api/employees
2026-03-09 22:14:24 [info]: GET /api/employees
2026-03-09 22:14:25 [info]: GET /api/services/types/all
2026-03-09 22:14:25 [info]: GET /api/services/types/all
2026-03-09 22:14:27 [info]: GET /api/employees
2026-03-09 22:14:27 [info]: GET /api/services/types/all
2026-03-09 22:14:27 [info]: GET /api/employees
2026-03-09 22:14:27 [info]: GET /api/services/types/all
2026-03-09 22:14:29 [info]: POST /api/services
2026-03-09 22:14:29 [info]: Service created: 263dc3a4-b05a-4e49-ab61-0381a2c9225b for employee f030fee1-c131-4d94-bd03-bb135ed3dd26
2026-03-09 22:14:29 [info]: GET /api/employees
2026-03-09 22:14:29 [info]: GET /api/services
2026-03-09 22:14:29 [info]: GET /api/reports/dashboard
2026-03-09 22:14:29 [info]: GET /api/reports/weekly
2026-03-09 22:14:30 [info]: GET /api/services
2026-03-09 22:14:30 [info]: GET /api/reports/dashboard
2026-03-09 22:14:30 [info]: GET /api/reports/weekly
2026-03-09 22:14:30 [info]: GET /api/employees
2026-03-09 22:14:38 [info]: GET /api/employees
2026-03-09 22:14:38 [info]: GET /api/services
2026-03-09 22:14:38 [info]: GET /api/reports/dashboard
2026-03-09 22:14:38 [info]: GET /api/reports/weekly
2026-03-09 22:14:40 [info]: GET /api/employees
2026-03-09 22:14:40 [info]: GET /api/services
2026-03-09 22:14:40 [info]: GET /api/reports/dashboard
2026-03-09 22:14:40 [info]: GET /api/reports/weekly
2026-03-09 22:14:40 [info]: GET /api/services/types/all
2026-03-09 22:14:40 [info]: GET /api/services/types/all
2026-03-09 22:14:41 [info]: GET /api/employees
2026-03-09 22:14:41 [info]: GET /api/employees
2026-03-09 22:14:42 [info]: GET /api/employees
2026-03-09 22:14:42 [info]: GET /api/services/types/all
2026-03-09 22:14:42 [info]: GET /api/employees
2026-03-09 22:14:42 [info]: GET /api/services/types/all
2026-03-09 22:14:44 [info]: POST /api/services
2026-03-09 22:14:44 [info]: Service created: f4eb9706-e971-4d99-bce8-33f50e86b27a for employee f030fee1-c131-4d94-bd03-bb135ed3dd26
2026-03-09 22:14:44 [info]: GET /api/services
2026-03-09 22:14:44 [info]: GET /api/employees
2026-03-09 22:14:44 [info]: GET /api/reports/dashboard
2026-03-09 22:14:44 [info]: GET /api/reports/weekly
2026-03-09 22:14:49 [info]: GET /api/employees
2026-03-09 22:14:49 [info]: GET /api/services
2026-03-09 22:14:49 [info]: GET /api/reports/dashboard
2026-03-09 22:14:49 [info]: GET /api/reports/weekly
2026-03-09 22:14:49 [info]: GET /api/employees
2026-03-09 22:14:49 [info]: GET /api/services
2026-03-09 22:14:49 [info]: GET /api/reports/weekly
2026-03-09 22:14:49 [info]: GET /api/reports/dashboard
2026-03-09 22:14:53 [info]: GET /api/employees
2026-03-09 22:14:53 [info]: GET /api/services
2026-03-09 22:14:53 [info]: GET /api/reports/dashboard
2026-03-09 22:14:53 [info]: GET /api/reports/weekly
2026-03-09 22:14:55 [info]: GET /api/employees
2026-03-09 22:14:55 [info]: GET /api/services
2026-03-09 22:14:55 [info]: GET /api/reports/dashboard
2026-03-09 22:14:55 [info]: GET /api/reports/weekly
2026-03-09 22:14:56 [info]: GET /api/employees
2026-03-09 22:14:56 [info]: GET /api/employees
2026-03-09 22:14:57 [info]: GET /api/services/types/all
2026-03-09 22:14:57 [info]: GET /api/services/types/all
2026-03-09 22:14:58 [info]: GET /api/employees
2026-03-09 22:14:58 [info]: GET /api/services/types/all
2026-03-09 22:14:58 [info]: GET /api/employees
2026-03-09 22:14:58 [info]: GET /api/services/types/all
2026-03-09 22:15:08 [info]: GET /api/employees
2026-03-09 22:15:08 [info]: GET /api/services
2026-03-09 22:15:08 [info]: GET /api/reports/dashboard
2026-03-09 22:15:08 [info]: GET /api/reports/weekly
2026-03-09 22:15:12 [info]: GET /api/employees
2026-03-09 22:15:12 [info]: GET /api/services
2026-03-09 22:15:12 [info]: GET /api/reports/dashboard
2026-03-09 22:15:12 [info]: GET /api/reports/weekly
2026-03-09 22:15:20 [info]: GET /api/employees
2026-03-09 22:15:20 [info]: GET /api/services
2026-03-09 22:15:20 [info]: GET /api/reports/dashboard
2026-03-09 22:15:20 [info]: GET /api/reports/weekly
2026-03-09 22:15:23 [info]: GET /api/employees
2026-03-09 22:15:23 [info]: GET /api/services
2026-03-09 22:15:23 [info]: GET /api/reports/dashboard
2026-03-09 22:15:23 [info]: GET /api/reports/weekly
2026-03-09 22:15:38 [info]: GET /api/employees
2026-03-09 22:15:38 [info]: GET /api/services
2026-03-09 22:15:38 [info]: GET /api/reports/dashboard
2026-03-09 22:15:38 [info]: GET /api/reports/weekly
2026-03-09 22:15:53 [info]: GET /api/employees
2026-03-09 22:15:53 [info]: GET /api/services
2026-03-09 22:15:53 [info]: GET /api/reports/dashboard
2026-03-09 22:15:53 [info]: GET /api/reports/weekly
2026-03-09 22:16:08 [info]: GET /api/employees
2026-03-09 22:16:08 [info]: GET /api/services
2026-03-09 22:16:08 [info]: GET /api/reports/dashboard
2026-03-09 22:16:08 [info]: GET /api/reports/weekly
2026-03-09 22:16:28 [info]: GET /api/employees
2026-03-09 22:16:28 [info]: GET /api/services
2026-03-09 22:16:28 [info]: GET /api/reports/dashboard
2026-03-09 22:16:28 [info]: GET /api/reports/weekly
2026-03-09 22:16:28 [info]: GET /api/employees
2026-03-09 22:16:28 [info]: GET /api/services
2026-03-09 22:16:28 [info]: GET /api/reports/dashboard
2026-03-09 22:16:28 [info]: GET /api/reports/weekly
2026-03-09 22:16:28 [info]: GET /api/employees
2026-03-09 22:16:28 [info]: GET /api/services
2026-03-09 22:16:28 [info]: GET /api/reports/weekly
2026-03-09 22:16:28 [info]: GET /api/reports/dashboard
2026-03-09 22:16:30 [info]: GET /api/employees
2026-03-09 22:16:30 [info]: GET /api/services
2026-03-09 22:16:30 [info]: GET /api/reports/dashboard
2026-03-09 22:16:30 [info]: GET /api/reports/weekly
2026-03-09 22:16:38 [info]: GET /api/employees
2026-03-09 22:16:38 [info]: GET /api/services
2026-03-09 22:16:38 [info]: GET /api/reports/dashboard
2026-03-09 22:16:38 [info]: GET /api/reports/weekly
2026-03-09 22:16:53 [info]: GET /api/employees
2026-03-09 22:16:53 [info]: GET /api/services
2026-03-09 22:16:53 [info]: GET /api/reports/dashboard
2026-03-09 22:16:53 [info]: GET /api/reports/weekly
2026-03-09 22:17:08 [info]: GET /api/employees
2026-03-09 22:17:08 [info]: GET /api/services
2026-03-09 22:17:08 [info]: GET /api/reports/dashboard
2026-03-09 22:17:08 [info]: GET /api/reports/weekly
2026-03-09 22:17:23 [info]: GET /api/employees
2026-03-09 22:17:23 [info]: GET /api/services
2026-03-09 22:17:23 [info]: GET /api/reports/dashboard
2026-03-09 22:17:23 [info]: GET /api/reports/weekly
2026-03-09 22:18:29 [info]: GET /api/employees
2026-03-09 22:18:29 [info]: GET /api/services
2026-03-09 22:18:29 [info]: GET /api/reports/dashboard
2026-03-09 22:18:29 [info]: GET /api/reports/weekly
2026-03-09 22:19:29 [info]: GET /api/employees
2026-03-09 22:19:29 [info]: GET /api/services
2026-03-09 22:19:29 [info]: GET /api/reports/dashboard
2026-03-09 22:19:29 [info]: GET /api/reports/weekly
2026-03-09 22:20:03 [info]: GET /api/employees
2026-03-09 22:20:03 [info]: GET /api/services
2026-03-09 22:20:03 [info]: GET /api/reports/dashboard
2026-03-09 22:20:03 [info]: GET /api/reports/weekly
2026-03-09 22:20:03 [info]: GET /api/employees
2026-03-09 22:20:03 [info]: GET /api/services
2026-03-09 22:20:03 [info]: GET /api/reports/weekly
2026-03-09 22:20:03 [info]: GET /api/services
2026-03-09 22:20:03 [info]: GET /api/employees
2026-03-09 22:20:03 [info]: GET /api/reports/weekly
2026-03-09 22:20:03 [info]: GET /api/reports/dashboard
2026-03-09 22:20:03 [info]: GET /api/reports/dashboard
2026-03-09 22:20:08 [info]: GET /api/employees
2026-03-09 22:20:08 [info]: GET /api/services
2026-03-09 22:20:08 [info]: GET /api/reports/dashboard
2026-03-09 22:20:08 [info]: GET /api/reports/weekly
2026-03-09 22:20:23 [info]: GET /api/employees
2026-03-09 22:20:23 [info]: GET /api/services
2026-03-09 22:20:23 [info]: GET /api/reports/dashboard
2026-03-09 22:20:23 [info]: GET /api/reports/weekly
2026-03-09 22:20:38 [info]: GET /api/employees
2026-03-09 22:20:38 [info]: GET /api/services
2026-03-09 22:20:38 [info]: GET /api/reports/dashboard
2026-03-09 22:20:38 [info]: GET /api/reports/weekly
2026-03-09 22:20:49 [info]: GET /api/employees
2026-03-09 22:20:49 [info]: GET /api/employees
2026-03-09 22:20:49 [info]: GET /api/services
2026-03-09 22:20:49 [info]: GET /api/reports/weekly
2026-03-09 22:20:49 [info]: GET /api/services
2026-03-09 22:20:49 [info]: GET /api/services
2026-03-09 22:20:49 [info]: GET /api/reports/weekly
2026-03-09 22:20:49 [info]: GET /api/services
2026-03-09 22:20:53 [info]: GET /api/employees
2026-03-09 22:20:53 [info]: GET /api/services
2026-03-09 22:20:53 [info]: GET /api/reports/dashboard
2026-03-09 22:20:53 [info]: GET /api/reports/weekly
2026-03-09 22:21:08 [info]: GET /api/employees
2026-03-09 22:21:08 [info]: GET /api/services
2026-03-09 22:21:08 [info]: GET /api/reports/dashboard
2026-03-09 22:21:08 [info]: GET /api/reports/weekly
2026-03-09 22:21:17 [info]: GET /api/employees
2026-03-09 22:21:17 [info]: GET /api/services
2026-03-09 22:21:17 [info]: GET /api/reports/dashboard
2026-03-09 22:21:17 [info]: GET /api/reports/weekly
2026-03-09 22:21:21 [info]: GET /api/employees
2026-03-09 22:21:21 [info]: GET /api/services
2026-03-09 22:21:21 [info]: GET /api/reports/dashboard
2026-03-09 22:21:21 [info]: GET /api/reports/weekly
2026-03-09 22:21:22 [info]: GET /api/employees
2026-03-09 22:21:22 [info]: GET /api/services
2026-03-09 22:21:22 [info]: GET /api/reports/dashboard
2026-03-09 22:21:22 [info]: GET /api/reports/weekly
2026-03-09 22:21:23 [info]: GET /api/employees
2026-03-09 22:21:23 [info]: GET /api/services
2026-03-09 22:21:23 [info]: GET /api/reports/dashboard
2026-03-09 22:21:23 [info]: GET /api/reports/weekly
2026-03-09 22:21:38 [info]: GET /api/employees
2026-03-09 22:21:38 [info]: GET /api/services
2026-03-09 22:21:38 [info]: GET /api/reports/dashboard
2026-03-09 22:21:38 [info]: GET /api/reports/weekly
2026-03-09 22:21:49 [info]: GET /api/employees
2026-03-09 22:21:49 [info]: GET /api/services
2026-03-09 22:21:49 [info]: GET /api/reports/dashboard
2026-03-09 22:21:49 [info]: GET /api/reports/weekly
2026-03-09 22:21:49 [info]: GET /api/employees
2026-03-09 22:21:49 [info]: GET /api/services
2026-03-09 22:21:49 [info]: GET /api/reports/weekly
2026-03-09 22:21:49 [info]: GET /api/reports/dashboard
2026-03-09 22:21:52 [info]: GET /api/employees
2026-03-09 22:21:52 [info]: GET /api/services
2026-03-09 22:21:52 [info]: GET /api/reports/dashboard
2026-03-09 22:21:52 [info]: GET /api/reports/weekly
2026-03-09 22:21:53 [info]: GET /api/employees
2026-03-09 22:21:53 [info]: GET /api/services
2026-03-09 22:21:53 [info]: GET /api/reports/dashboard
2026-03-09 22:21:53 [info]: GET /api/reports/weekly
2026-03-09 22:22:08 [info]: GET /api/employees
2026-03-09 22:22:08 [info]: GET /api/services
2026-03-09 22:22:08 [info]: GET /api/reports/dashboard
2026-03-09 22:22:08 [info]: GET /api/reports/weekly
2026-03-09 22:22:23 [info]: GET /api/employees
2026-03-09 22:22:23 [info]: GET /api/services
2026-03-09 22:22:23 [info]: GET /api/reports/dashboard
2026-03-09 22:22:23 [info]: GET /api/reports/weekly
2026-03-09 22:22:38 [info]: GET /api/employees
2026-03-09 22:22:38 [info]: GET /api/services
2026-03-09 22:22:38 [info]: GET /api/reports/dashboard
2026-03-09 22:22:38 [info]: GET /api/reports/weekly
2026-03-09 22:23:13 [info]: GET /api/reports/weekly
2026-03-09 22:23:13 [info]: GET /api/services
2026-03-09 22:23:13 [info]: GET /api/services
2026-03-09 22:23:29 [info]: GET /api/employees
2026-03-09 22:23:29 [info]: GET /api/services
2026-03-09 22:23:29 [info]: GET /api/reports/dashboard
2026-03-09 22:23:29 [info]: GET /api/reports/weekly
2026-03-09 22:24:29 [info]: GET /api/employees
2026-03-09 22:24:29 [warn]: Invalid or expired token attempt
2026-03-09 22:24:29 [info]: GET /api/services
2026-03-09 22:24:29 [warn]: Invalid or expired token attempt
2026-03-09 22:24:29 [info]: GET /api/reports/dashboard
2026-03-09 22:24:29 [warn]: Invalid or expired token attempt
2026-03-09 22:24:29 [info]: GET /api/reports/weekly
2026-03-09 22:24:29 [warn]: Invalid or expired token attempt
2026-03-09 22:24:29 [info]: POST /api/auth/refresh
2026-03-09 22:24:29 [info]: GET /api/employees
2026-03-09 22:24:29 [info]: GET /api/services
2026-03-09 22:24:29 [info]: GET /api/reports/dashboard
2026-03-09 22:24:29 [info]: GET /api/reports/weekly
2026-03-09 22:25:07 [info]: GET /api/employees
2026-03-09 22:25:07 [info]: GET /api/services
2026-03-09 22:25:07 [info]: GET /api/reports/dashboard
2026-03-09 22:25:07 [info]: GET /api/reports/weekly
2026-03-09 22:25:07 [info]: GET /api/employees
2026-03-09 22:25:07 [info]: GET /api/services
2026-03-09 22:25:07 [info]: GET /api/reports/weekly
2026-03-09 22:25:07 [info]: GET /api/employees
2026-03-09 22:25:07 [info]: GET /api/services
2026-03-09 22:25:07 [info]: GET /api/reports/dashboard
2026-03-09 22:25:07 [info]: GET /api/reports/weekly
2026-03-09 22:25:07 [info]: GET /api/reports/dashboard
2026-03-09 22:25:08 [info]: GET /api/employees
2026-03-09 22:25:08 [info]: GET /api/services
2026-03-09 22:25:08 [info]: GET /api/reports/dashboard
2026-03-09 22:25:08 [info]: GET /api/reports/weekly
2026-03-09 22:25:08 [info]: GET /api/employees
2026-03-09 22:25:08 [info]: GET /api/services
2026-03-09 22:25:08 [info]: GET /api/reports/dashboard
2026-03-09 22:25:08 [info]: GET /api/reports/weekly
2026-03-09 22:25:15 [info]: GET /api/employees
2026-03-09 22:25:15 [info]: GET /api/services
2026-03-09 22:25:15 [info]: GET /api/reports/dashboard
2026-03-09 22:25:15 [info]: GET /api/reports/weekly
2026-03-09 22:25:15 [info]: GET /api/employees
2026-03-09 22:25:15 [info]: GET /api/services
2026-03-09 22:25:15 [info]: GET /api/reports/weekly
2026-03-09 22:25:15 [info]: GET /api/reports/dashboard
2026-03-09 22:25:15 [info]: GET /api/employees
2026-03-09 22:25:15 [info]: GET /api/services
2026-03-09 22:25:15 [info]: GET /api/reports/dashboard
2026-03-09 22:25:15 [info]: GET /api/reports/weekly
2026-03-09 22:25:23 [info]: GET /api/employees
2026-03-09 22:25:23 [info]: GET /api/services
2026-03-09 22:25:23 [info]: GET /api/reports/dashboard
2026-03-09 22:25:23 [info]: GET /api/reports/weekly
2026-03-09 22:25:37 [info]: GET /api/reports/weekly
2026-03-09 22:25:37 [info]: GET /api/services
2026-03-09 22:25:37 [info]: GET /api/services
2026-03-09 22:25:38 [info]: GET /api/services
2026-03-09 22:25:38 [info]: GET /api/employees
2026-03-09 22:25:38 [info]: GET /api/reports/dashboard
2026-03-09 22:25:38 [info]: GET /api/reports/weekly
2026-03-09 22:25:53 [info]: GET /api/employees
2026-03-09 22:25:53 [info]: GET /api/services
2026-03-09 22:25:53 [info]: GET /api/reports/dashboard
2026-03-09 22:25:53 [info]: GET /api/reports/weekly
2026-03-09 22:26:03 [info]: GET /api/reports/weekly
2026-03-09 22:26:03 [info]: GET /api/services
2026-03-09 22:26:03 [info]: GET /api/services
2026-03-09 22:26:08 [info]: GET /api/services
2026-03-09 22:26:08 [info]: GET /api/employees
2026-03-09 22:26:08 [info]: GET /api/reports/dashboard
2026-03-09 22:26:08 [info]: GET /api/reports/weekly
2026-03-09 22:26:14 [info]: GET /api/reports/weekly
2026-03-09 22:26:14 [info]: GET /api/services
2026-03-09 22:26:14 [info]: GET /api/services
2026-03-09 22:26:29 [info]: GET /api/employees
2026-03-09 22:26:29 [info]: GET /api/services
2026-03-09 22:26:29 [info]: GET /api/reports/dashboard
2026-03-09 22:26:29 [info]: GET /api/reports/weekly
2026-03-09 22:26:33 [info]: GET /api/services
2026-03-09 22:26:33 [info]: GET /api/reports/weekly
2026-03-09 22:26:33 [info]: GET /api/services
2026-03-09 22:26:56 [info]: GET /api/employees
2026-03-09 22:26:56 [info]: GET /api/services
2026-03-09 22:26:56 [info]: GET /api/reports/dashboard
2026-03-09 22:26:56 [info]: GET /api/reports/weekly
2026-03-09 22:26:56 [info]: GET /api/employees
2026-03-09 22:26:56 [info]: GET /api/services
2026-03-09 22:26:56 [info]: GET /api/reports/weekly
2026-03-09 22:26:56 [info]: GET /api/employees
2026-03-09 22:26:56 [info]: GET /api/services
2026-03-09 22:26:56 [info]: GET /api/reports/dashboard
2026-03-09 22:26:56 [info]: GET /api/reports/weekly
2026-03-09 22:26:56 [info]: GET /api/reports/dashboard
2026-03-09 22:27:03 [info]: GET /api/employees
2026-03-09 22:27:03 [info]: GET /api/services
2026-03-09 22:27:03 [info]: GET /api/reports/dashboard
2026-03-09 22:27:03 [info]: GET /api/reports/weekly
2026-03-09 22:27:06 [info]: GET /api/employees
2026-03-09 22:27:06 [info]: GET /api/services
2026-03-09 22:27:06 [info]: GET /api/reports/dashboard
2026-03-09 22:27:06 [info]: GET /api/reports/weekly
2026-03-09 22:27:07 [info]: GET /api/employees
2026-03-09 22:27:07 [info]: GET /api/services
2026-03-09 22:27:07 [info]: GET /api/reports/dashboard
2026-03-09 22:27:07 [info]: GET /api/reports/weekly
2026-03-09 22:27:08 [info]: GET /api/employees
2026-03-09 22:27:08 [info]: GET /api/services
2026-03-09 22:27:08 [info]: GET /api/reports/dashboard
2026-03-09 22:27:08 [info]: GET /api/reports/weekly
2026-03-09 22:27:15 [info]: GET /api/employees
2026-03-09 22:27:15 [info]: GET /api/services/types/all
2026-03-09 22:27:15 [info]: GET /api/employees
2026-03-09 22:27:15 [info]: GET /api/services/types/all
2026-03-09 22:27:16 [info]: GET /api/services/types/all
2026-03-09 22:27:16 [info]: GET /api/services/types/all
2026-03-09 22:27:19 [info]: GET /api/employees
2026-03-09 22:27:19 [info]: GET /api/services
2026-03-09 22:27:19 [info]: GET /api/reports/weekly
2026-03-09 22:27:19 [info]: GET /api/reports/dashboard
2026-03-09 22:27:23 [info]: GET /api/services
2026-03-09 22:27:23 [info]: GET /api/reports/dashboard
2026-03-09 22:27:23 [info]: GET /api/reports/weekly
2026-03-09 22:27:23 [info]: GET /api/employees
2026-03-09 22:27:38 [info]: GET /api/employees
2026-03-09 22:27:38 [info]: GET /api/services
2026-03-09 22:27:38 [info]: GET /api/reports/weekly
2026-03-09 22:27:38 [info]: GET /api/reports/dashboard
2026-03-09 22:27:53 [info]: GET /api/employees
2026-03-09 22:27:53 [info]: GET /api/services
2026-03-09 22:27:53 [info]: GET /api/reports/dashboard
2026-03-09 22:27:53 [info]: GET /api/reports/weekly
2026-03-09 22:28:08 [info]: GET /api/employees
2026-03-09 22:28:08 [info]: GET /api/services
2026-03-09 22:28:08 [info]: GET /api/reports/dashboard
2026-03-09 22:28:08 [info]: GET /api/reports/weekly
2026-03-09 22:28:29 [info]: GET /api/employees
2026-03-09 22:28:29 [info]: GET /api/services
2026-03-09 22:28:29 [info]: GET /api/reports/dashboard
2026-03-09 22:28:29 [info]: GET /api/reports/weekly
2026-03-09 22:28:45 [info]: GET /api/employees
2026-03-09 22:28:45 [info]: GET /api/services
2026-03-09 22:28:45 [info]: GET /api/reports/dashboard
2026-03-09 22:28:45 [info]: GET /api/reports/weekly
2026-03-09 22:28:45 [info]: GET /api/employees
2026-03-09 22:28:45 [info]: GET /api/services
2026-03-09 22:28:45 [info]: GET /api/reports/weekly
2026-03-09 22:28:45 [info]: GET /api/employees
2026-03-09 22:28:45 [info]: GET /api/services
2026-03-09 22:28:45 [info]: GET /api/reports/weekly
2026-03-09 22:28:45 [info]: GET /api/reports/dashboard
2026-03-09 22:28:45 [info]: GET /api/reports/dashboard
2026-03-09 22:28:47 [info]: GET /api/services
2026-03-09 22:28:47 [info]: GET /api/services
2026-03-09 22:28:47 [info]: GET /api/reports/weekly
2026-03-09 22:28:47 [info]: GET /api/services
2026-03-09 22:28:47 [info]: GET /api/services
2026-03-09 22:28:47 [info]: GET /api/reports/weekly
2026-03-09 22:28:48 [info]: GET /api/employees
2026-03-09 22:28:48 [info]: GET /api/services/types/all
2026-03-09 22:28:48 [info]: GET /api/employees
2026-03-09 22:28:48 [info]: GET /api/services/types/all
2026-03-09 22:28:53 [info]: GET /api/employees
2026-03-09 22:28:53 [info]: GET /api/services
2026-03-09 22:28:53 [info]: GET /api/reports/dashboard
2026-03-09 22:28:53 [info]: GET /api/reports/weekly
2026-03-09 22:28:55 [info]: GET /api/employees
2026-03-09 22:28:55 [info]: GET /api/services
2026-03-09 22:28:55 [info]: GET /api/reports/dashboard
2026-03-09 22:28:55 [info]: GET /api/reports/weekly
2026-03-09 22:29:08 [info]: GET /api/employees
2026-03-09 22:29:08 [info]: GET /api/services
2026-03-09 22:29:08 [info]: GET /api/reports/dashboard
2026-03-09 22:29:08 [info]: GET /api/reports/weekly
2026-03-09 22:29:23 [info]: GET /api/employees
2026-03-09 22:29:23 [info]: GET /api/services
2026-03-09 22:29:23 [info]: GET /api/reports/dashboard
2026-03-09 22:29:23 [info]: GET /api/reports/weekly
2026-03-09 22:29:38 [info]: GET /api/employees
2026-03-09 22:29:38 [info]: GET /api/services
2026-03-09 22:29:38 [info]: GET /api/reports/dashboard
2026-03-09 22:29:38 [info]: GET /api/reports/weekly
2026-03-09 22:29:41 [info]: GET /api/employees
2026-03-09 22:29:41 [info]: GET /api/services
2026-03-09 22:29:41 [info]: GET /api/reports/dashboard
2026-03-09 22:29:41 [info]: GET /api/reports/weekly
2026-03-09 22:29:41 [info]: GET /api/employees
2026-03-09 22:29:41 [info]: GET /api/services
2026-03-09 22:29:41 [info]: GET /api/reports/dashboard
2026-03-09 22:29:41 [info]: GET /api/reports/weekly
2026-03-09 22:29:42 [info]: GET /api/employees
2026-03-09 22:29:42 [info]: GET /api/services
2026-03-09 22:29:42 [info]: GET /api/reports/dashboard
2026-03-09 22:29:42 [info]: GET /api/reports/weekly
2026-03-09 22:29:53 [info]: GET /api/employees
2026-03-09 22:29:53 [info]: GET /api/services
2026-03-09 22:29:53 [info]: GET /api/reports/dashboard
2026-03-09 22:29:53 [info]: GET /api/reports/weekly
2026-03-09 22:30:00 [info]: GET /api/employees
2026-03-09 22:30:00 [info]: GET /api/services
2026-03-09 22:30:00 [info]: GET /api/reports/dashboard
2026-03-09 22:30:00 [info]: GET /api/reports/weekly
2026-03-09 22:30:01 [info]: GET /api/employees
2026-03-09 22:30:01 [info]: GET /api/services
2026-03-09 22:30:01 [info]: GET /api/reports/weekly
2026-03-09 22:30:01 [info]: GET /api/reports/dashboard
2026-03-09 22:30:01 [info]: GET /api/employees
2026-03-09 22:30:01 [info]: GET /api/services
2026-03-09 22:30:01 [info]: GET /api/reports/dashboard
2026-03-09 22:30:01 [info]: GET /api/reports/weekly
2026-03-09 22:30:08 [info]: GET /api/employees
2026-03-09 22:30:08 [info]: GET /api/services
2026-03-09 22:30:08 [info]: GET /api/reports/dashboard
2026-03-09 22:30:08 [info]: GET /api/reports/weekly
2026-03-09 22:30:23 [info]: GET /api/employees
2026-03-09 22:30:23 [info]: GET /api/services
2026-03-09 22:30:23 [info]: GET /api/reports/dashboard
2026-03-09 22:30:23 [info]: GET /api/reports/weekly
2026-03-09 22:30:38 [info]: GET /api/employees
2026-03-09 22:30:38 [info]: GET /api/services
2026-03-09 22:30:38 [info]: GET /api/reports/weekly
2026-03-09 22:30:38 [info]: GET /api/reports/dashboard
2026-03-09 22:30:53 [info]: GET /api/employees
2026-03-09 22:30:53 [info]: GET /api/services
2026-03-09 22:30:53 [info]: GET /api/reports/dashboard
2026-03-09 22:30:53 [info]: GET /api/reports/weekly
2026-03-09 22:31:29 [info]: GET /api/employees
2026-03-09 22:31:29 [info]: GET /api/services
2026-03-09 22:31:29 [info]: GET /api/reports/dashboard
2026-03-09 22:31:29 [info]: GET /api/reports/weekly
2026-03-09 22:32:29 [info]: GET /api/employees
2026-03-09 22:32:29 [info]: GET /api/services
2026-03-09 22:32:29 [info]: GET /api/reports/dashboard
2026-03-09 22:32:29 [info]: GET /api/reports/weekly
2026-03-09 22:33:26 [info]: GET /api/employees
2026-03-09 22:33:26 [info]: GET /api/services
2026-03-09 22:33:26 [info]: GET /api/reports/dashboard
2026-03-09 22:33:26 [info]: GET /api/reports/weekly
2026-03-09 22:33:26 [info]: GET /api/employees
2026-03-09 22:33:26 [info]: GET /api/services
2026-03-09 22:33:26 [info]: GET /api/reports/weekly
2026-03-09 22:33:26 [info]: GET /api/employees
2026-03-09 22:33:26 [info]: GET /api/services
2026-03-09 22:33:26 [info]: GET /api/reports/dashboard
2026-03-09 22:33:26 [info]: GET /api/reports/weekly
2026-03-09 22:33:26 [info]: GET /api/reports/dashboard
2026-03-09 22:33:28 [info]: GET /api/services
2026-03-09 22:33:28 [info]: GET /api/reports/weekly
2026-03-09 22:33:28 [info]: GET /api/services
2026-03-09 22:33:28 [info]: GET /api/services
2026-03-09 22:33:28 [info]: GET /api/reports/weekly
2026-03-09 22:33:28 [info]: GET /api/services
2026-03-09 22:33:32 [info]: GET /api/employees
2026-03-09 22:33:32 [info]: GET /api/services
2026-03-09 22:33:32 [info]: GET /api/reports/dashboard
2026-03-09 22:33:32 [info]: GET /api/reports/weekly
2026-03-09 22:33:35 [info]: GET /api/employees
2026-03-09 22:33:35 [info]: GET /api/employees
2026-03-09 22:33:37 [info]: GET /api/services/types/all
2026-03-09 22:33:37 [info]: GET /api/services/types/all
2026-03-09 22:33:37 [info]: GET /api/employees
2026-03-09 22:33:37 [info]: GET /api/services/types/all
2026-03-09 22:33:37 [info]: GET /api/employees
2026-03-09 22:33:37 [info]: GET /api/services/types/all
2026-03-09 22:33:38 [info]: GET /api/employees
2026-03-09 22:33:38 [info]: GET /api/services
2026-03-09 22:33:38 [info]: GET /api/reports/dashboard
2026-03-09 22:33:38 [info]: GET /api/reports/weekly
2026-03-09 22:33:39 [info]: GET /api/services
2026-03-09 22:33:39 [info]: GET /api/reports/weekly
2026-03-09 22:33:39 [info]: GET /api/services
2026-03-09 22:33:39 [info]: GET /api/services
2026-03-09 22:33:39 [info]: GET /api/reports/weekly
2026-03-09 22:33:39 [info]: GET /api/services
2026-03-09 22:33:49 [info]: GET /api/employees
2026-03-09 22:33:49 [info]: GET /api/services
2026-03-09 22:33:49 [info]: GET /api/reports/dashboard
2026-03-09 22:33:49 [info]: GET /api/reports/weekly
2026-03-09 22:33:52 [info]: GET /api/employees
2026-03-09 22:33:52 [info]: GET /api/services
2026-03-09 22:33:52 [info]: GET /api/reports/dashboard
2026-03-09 22:33:52 [info]: GET /api/reports/weekly
2026-03-09 22:33:52 [info]: GET /api/employees
2026-03-09 22:33:52 [info]: GET /api/services
2026-03-09 22:33:52 [info]: GET /api/reports/weekly
2026-03-09 22:33:52 [info]: GET /api/reports/dashboard
2026-03-09 22:33:53 [info]: GET /api/employees
2026-03-09 22:33:53 [info]: GET /api/services
2026-03-09 22:33:53 [info]: GET /api/reports/dashboard
2026-03-09 22:33:53 [info]: GET /api/reports/weekly
2026-03-09 22:33:54 [info]: GET /api/employees
2026-03-09 22:33:54 [info]: GET /api/services
2026-03-09 22:33:54 [info]: GET /api/reports/dashboard
2026-03-09 22:33:54 [info]: GET /api/reports/weekly
2026-03-09 22:33:56 [info]: GET /api/employees
2026-03-09 22:33:56 [info]: GET /api/services
2026-03-09 22:33:56 [info]: GET /api/reports/dashboard
2026-03-09 22:33:56 [info]: GET /api/reports/weekly
2026-03-09 22:33:56 [info]: GET /api/employees
2026-03-09 22:33:56 [info]: GET /api/services
2026-03-09 22:33:56 [info]: GET /api/reports/weekly
2026-03-09 22:33:56 [info]: GET /api/reports/dashboard
2026-03-09 22:34:01 [info]: GET /api/employees
2026-03-09 22:34:01 [info]: GET /api/services
2026-03-09 22:34:01 [info]: GET /api/reports/dashboard
2026-03-09 22:34:01 [info]: GET /api/reports/weekly
2026-03-09 22:34:06 [info]: GET /api/employees
2026-03-09 22:34:06 [info]: GET /api/services
2026-03-09 22:34:06 [info]: GET /api/reports/dashboard
2026-03-09 22:34:06 [info]: GET /api/reports/weekly
2026-03-09 22:34:06 [info]: GET /api/employees
2026-03-09 22:34:06 [info]: GET /api/services
2026-03-09 22:34:06 [info]: GET /api/reports/dashboard
2026-03-09 22:34:06 [info]: GET /api/reports/weekly
2026-03-09 22:34:08 [info]: GET /api/employees
2026-03-09 22:34:08 [info]: GET /api/services
2026-03-09 22:34:08 [info]: GET /api/reports/dashboard
2026-03-09 22:34:08 [info]: GET /api/reports/weekly
2026-03-09 22:34:17 [info]: GET /api/employees
2026-03-09 22:34:17 [info]: GET /api/services
2026-03-09 22:34:17 [info]: GET /api/reports/dashboard
2026-03-09 22:34:17 [info]: GET /api/reports/weekly
2026-03-09 22:34:17 [info]: GET /api/employees
2026-03-09 22:34:17 [info]: GET /api/services
2026-03-09 22:34:17 [info]: GET /api/reports/weekly
2026-03-09 22:34:17 [info]: GET /api/reports/dashboard
2026-03-09 22:34:18 [info]: GET /api/employees
2026-03-09 22:34:18 [info]: GET /api/services
2026-03-09 22:34:18 [info]: GET /api/reports/dashboard
2026-03-09 22:34:18 [info]: GET /api/reports/weekly
2026-03-09 22:34:18 [info]: GET /api/employees
2026-03-09 22:34:18 [info]: GET /api/services
2026-03-09 22:34:18 [info]: GET /api/reports/dashboard
2026-03-09 22:34:18 [info]: GET /api/reports/weekly
2026-03-09 22:34:18 [info]: GET /api/employees
2026-03-09 22:34:18 [info]: GET /api/services
2026-03-09 22:34:19 [info]: GET /api/reports/weekly
2026-03-09 22:34:19 [info]: GET /api/reports/dashboard
2026-03-09 22:34:19 [info]: GET /api/employees
2026-03-09 22:34:19 [info]: GET /api/services
2026-03-09 22:34:19 [info]: GET /api/reports/dashboard
2026-03-09 22:34:19 [info]: GET /api/reports/weekly
2026-03-09 22:34:23 [info]: GET /api/employees
2026-03-09 22:34:23 [info]: GET /api/services
2026-03-09 22:34:23 [info]: GET /api/reports/dashboard
2026-03-09 22:34:23 [info]: GET /api/reports/weekly
2026-03-09 22:34:38 [info]: GET /api/employees
2026-03-09 22:34:38 [info]: GET /api/services
2026-03-09 22:34:38 [info]: GET /api/reports/dashboard
2026-03-09 22:34:38 [info]: GET /api/reports/weekly
2026-03-09 22:34:53 [info]: GET /api/employees
2026-03-09 22:34:53 [info]: GET /api/services
2026-03-09 22:34:53 [info]: GET /api/reports/dashboard
2026-03-09 22:34:53 [info]: GET /api/reports/weekly
2026-03-09 22:35:08 [info]: GET /api/employees
2026-03-09 22:35:08 [info]: GET /api/services
2026-03-09 22:35:08 [info]: GET /api/reports/dashboard
2026-03-09 22:35:08 [info]: GET /api/reports/weekly
2026-03-09 22:35:29 [info]: GET /api/employees
2026-03-09 22:35:29 [info]: GET /api/services
2026-03-09 22:35:29 [info]: GET /api/reports/dashboard
2026-03-09 22:35:29 [info]: GET /api/reports/weekly
2026-03-09 22:35:39 [info]: GET /api/reports/weekly
2026-03-09 22:35:39 [info]: GET /api/services
2026-03-09 22:35:39 [info]: GET /api/services
2026-03-09 22:35:54 [info]: GET /api/employees
2026-03-09 22:35:54 [info]: GET /api/services
2026-03-09 22:35:54 [info]: GET /api/reports/dashboard
2026-03-09 22:35:54 [info]: GET /api/reports/weekly
2026-03-09 22:35:54 [info]: GET /api/employees
2026-03-09 22:35:54 [info]: GET /api/services
2026-03-09 22:35:54 [info]: GET /api/reports/weekly
2026-03-09 22:35:54 [info]: GET /api/employees
2026-03-09 22:35:54 [info]: GET /api/reports/weekly
2026-03-09 22:35:54 [info]: GET /api/reports/dashboard
2026-03-09 22:35:54 [info]: GET /api/services
2026-03-09 22:35:54 [info]: GET /api/reports/dashboard
2026-03-09 22:35:57 [info]: GET /api/employees
2026-03-09 22:35:57 [info]: GET /api/services
2026-03-09 22:35:57 [info]: GET /api/reports/dashboard
2026-03-09 22:35:57 [info]: GET /api/reports/weekly
2026-03-09 22:36:03 [info]: GET /api/employees
2026-03-09 22:36:03 [info]: GET /api/services
2026-03-09 22:36:03 [info]: GET /api/reports/dashboard
2026-03-09 22:36:03 [info]: GET /api/reports/weekly
2026-03-09 22:36:03 [info]: GET /api/employees
2026-03-09 22:36:03 [info]: GET /api/services
2026-03-09 22:36:03 [info]: GET /api/reports/weekly
2026-03-09 22:36:03 [info]: GET /api/reports/dashboard
2026-03-09 22:36:08 [info]: GET /api/employees
2026-03-09 22:36:08 [info]: GET /api/services
2026-03-09 22:36:08 [info]: GET /api/reports/dashboard
2026-03-09 22:36:08 [info]: GET /api/reports/weekly
2026-03-09 22:36:09 [info]: GET /api/employees
2026-03-09 22:36:09 [info]: GET /api/services
2026-03-09 22:36:09 [info]: GET /api/reports/dashboard
2026-03-09 22:36:09 [info]: GET /api/reports/weekly
2026-03-09 22:36:14 [info]: GET /api/employees
2026-03-09 22:36:14 [info]: GET /api/services
2026-03-09 22:36:14 [info]: GET /api/reports/dashboard
2026-03-09 22:36:14 [info]: GET /api/reports/weekly
2026-03-09 22:36:14 [info]: GET /api/employees
2026-03-09 22:36:14 [info]: GET /api/services
2026-03-09 22:36:14 [info]: GET /api/reports/weekly
2026-03-09 22:36:14 [info]: GET /api/reports/dashboard
2026-03-09 22:36:19 [info]: GET /api/reports/custom
2026-03-09 22:36:19 [info]: GET /api/services
2026-03-09 22:36:19 [info]: GET /api/services
2026-03-09 22:36:21 [info]: GET /api/services
2026-03-09 22:36:21 [info]: GET /api/reports/daily
2026-03-09 22:36:21 [info]: GET /api/services
2026-03-09 22:36:23 [info]: GET /api/services
2026-03-09 22:36:23 [info]: GET /api/employees
2026-03-09 22:36:23 [info]: GET /api/reports/dashboard
2026-03-09 22:36:23 [info]: GET /api/reports/weekly
2026-03-09 22:36:23 [info]: GET /api/services
2026-03-09 22:36:23 [info]: GET /api/reports/weekly
2026-03-09 22:36:23 [info]: GET /api/services
2026-03-09 22:36:29 [info]: GET /api/employees
2026-03-09 22:36:29 [info]: GET /api/services
2026-03-09 22:36:29 [info]: GET /api/reports/dashboard
2026-03-09 22:36:29 [info]: GET /api/reports/weekly
2026-03-09 22:36:37 [info]: GET /api/employees
2026-03-09 22:36:37 [info]: GET /api/services
2026-03-09 22:36:37 [info]: GET /api/reports/dashboard
2026-03-09 22:36:37 [info]: GET /api/reports/weekly
2026-03-09 22:36:37 [info]: GET /api/employees
2026-03-09 22:36:37 [info]: GET /api/services
2026-03-09 22:36:37 [info]: GET /api/reports/weekly
2026-03-09 22:36:37 [info]: GET /api/reports/dashboard
2026-03-09 22:36:38 [info]: GET /api/employees
2026-03-09 22:36:38 [info]: GET /api/services
2026-03-09 22:36:38 [info]: GET /api/reports/dashboard
2026-03-09 22:36:38 [info]: GET /api/reports/weekly
2026-03-09 22:36:42 [info]: GET /api/services
2026-03-09 22:36:42 [info]: GET /api/reports/custom
2026-03-09 22:36:42 [info]: GET /api/services
2026-03-09 22:36:53 [info]: GET /api/employees
2026-03-09 22:36:53 [info]: GET /api/services
2026-03-09 22:36:53 [info]: GET /api/reports/dashboard
2026-03-09 22:36:53 [info]: GET /api/reports/weekly
2026-03-09 22:36:55 [info]: GET /api/employees
2026-03-09 22:36:55 [info]: GET /api/services
2026-03-09 22:36:55 [info]: GET /api/reports/dashboard
2026-03-09 22:36:55 [info]: GET /api/reports/weekly
2026-03-09 22:37:05 [info]: GET /api/reports/custom
2026-03-09 22:37:05 [info]: GET /api/services
2026-03-09 22:37:05 [info]: GET /api/services
2026-03-09 22:37:06 [info]: GET /api/services
2026-03-09 22:37:06 [info]: GET /api/reports/weekly
2026-03-09 22:37:06 [info]: GET /api/reports/custom
2026-03-09 22:37:06 [info]: GET /api/services
2026-03-09 22:37:06 [info]: GET /api/employees
2026-03-09 22:37:06 [info]: GET /api/reports/dashboard
2026-03-09 22:37:06 [info]: GET /api/services
2026-03-09 22:37:08 [info]: GET /api/employees
2026-03-09 22:37:08 [info]: GET /api/services
2026-03-09 22:37:08 [info]: GET /api/reports/dashboard
2026-03-09 22:37:08 [info]: GET /api/reports/weekly
2026-03-09 22:37:09 [info]: GET /api/employees
2026-03-09 22:37:09 [info]: GET /api/services
2026-03-09 22:37:09 [info]: GET /api/reports/dashboard
2026-03-09 22:37:09 [info]: GET /api/reports/weekly
2026-03-09 22:37:12 [info]: GET /api/employees
2026-03-09 22:37:12 [info]: GET /api/services
2026-03-09 22:37:12 [info]: GET /api/reports/dashboard
2026-03-09 22:37:12 [info]: GET /api/reports/weekly
2026-03-09 22:37:12 [info]: GET /api/employees
2026-03-09 22:37:12 [info]: GET /api/services
2026-03-09 22:37:12 [info]: GET /api/reports/dashboard
2026-03-09 22:37:13 [info]: GET /api/employees
2026-03-09 22:37:13 [info]: GET /api/reports/weekly
2026-03-09 22:37:13 [info]: GET /api/services
2026-03-09 22:37:13 [info]: GET /api/reports/weekly
2026-03-09 22:37:13 [info]: GET /api/reports/dashboard
2026-03-09 22:37:14 [info]: GET /api/employees
2026-03-09 22:37:14 [info]: GET /api/services
2026-03-09 22:37:14 [info]: GET /api/reports/dashboard
2026-03-09 22:37:14 [info]: GET /api/reports/weekly
2026-03-09 22:37:23 [info]: GET /api/employees
2026-03-09 22:37:23 [info]: GET /api/services
2026-03-09 22:37:23 [info]: GET /api/reports/dashboard
2026-03-09 22:37:23 [info]: GET /api/reports/weekly
2026-03-09 22:37:38 [info]: GET /api/employees
2026-03-09 22:37:38 [info]: GET /api/services
2026-03-09 22:37:38 [info]: GET /api/reports/dashboard
2026-03-09 22:37:38 [info]: GET /api/reports/weekly
2026-03-09 22:37:53 [info]: GET /api/employees
2026-03-09 22:37:53 [info]: GET /api/services
2026-03-09 22:37:53 [info]: GET /api/reports/dashboard
2026-03-09 22:37:53 [info]: GET /api/reports/weekly
2026-03-09 22:38:08 [info]: GET /api/employees
2026-03-09 22:38:08 [info]: GET /api/services
2026-03-09 22:38:08 [info]: GET /api/reports/dashboard
2026-03-09 22:38:08 [info]: GET /api/reports/weekly
2026-03-09 22:38:29 [info]: GET /api/employees
2026-03-09 22:38:29 [info]: GET /api/services
2026-03-09 22:38:29 [info]: GET /api/reports/dashboard
2026-03-09 22:38:29 [info]: GET /api/reports/weekly
2026-03-09 22:39:29 [info]: GET /api/employees
2026-03-09 22:39:29 [warn]: Invalid or expired token attempt
2026-03-09 22:39:29 [info]: GET /api/services
2026-03-09 22:39:29 [warn]: Invalid or expired token attempt
2026-03-09 22:39:29 [info]: GET /api/reports/dashboard
2026-03-09 22:39:29 [warn]: Invalid or expired token attempt
2026-03-09 22:39:29 [info]: GET /api/reports/weekly
2026-03-09 22:39:29 [warn]: Invalid or expired token attempt
2026-03-09 22:39:29 [info]: POST /api/auth/refresh
2026-03-09 22:39:29 [info]: GET /api/employees
2026-03-09 22:39:29 [info]: GET /api/services
2026-03-09 22:39:29 [info]: GET /api/reports/dashboard
2026-03-09 22:39:29 [info]: GET /api/reports/weekly
2026-03-09 22:39:41 [info]: GET /api/employees
2026-03-09 22:39:41 [info]: GET /api/services
2026-03-09 22:39:41 [info]: GET /api/reports/dashboard
2026-03-09 22:39:41 [info]: GET /api/reports/weekly
2026-03-09 22:39:41 [info]: GET /api/employees
2026-03-09 22:39:41 [info]: GET /api/services
2026-03-09 22:39:41 [info]: GET /api/reports/weekly
2026-03-09 22:39:41 [info]: GET /api/employees
2026-03-09 22:39:41 [info]: GET /api/reports/dashboard
2026-03-09 22:39:41 [info]: GET /api/services
2026-03-09 22:39:41 [info]: GET /api/reports/weekly
2026-03-09 22:39:41 [info]: GET /api/reports/dashboard
2026-03-09 22:39:43 [info]: GET /api/employees
2026-03-09 22:39:43 [info]: GET /api/services
2026-03-09 22:39:43 [info]: GET /api/reports/dashboard
2026-03-09 22:39:43 [info]: GET /api/reports/weekly
2026-03-09 22:39:46 [info]: GET /api/employees
2026-03-09 22:39:46 [info]: GET /api/services
2026-03-09 22:39:46 [info]: GET /api/reports/dashboard
2026-03-09 22:39:46 [info]: GET /api/reports/weekly
2026-03-09 22:39:53 [info]: GET /api/employees
2026-03-09 22:39:53 [info]: GET /api/services
2026-03-09 22:39:53 [info]: GET /api/reports/dashboard
2026-03-09 22:39:53 [info]: GET /api/reports/weekly
2026-03-09 22:40:08 [info]: GET /api/employees
2026-03-09 22:40:08 [info]: GET /api/services
2026-03-09 22:40:08 [info]: GET /api/reports/dashboard
2026-03-09 22:40:08 [info]: GET /api/reports/weekly
2026-03-09 22:40:22 [info]: GET /api/employees
2026-03-09 22:40:22 [info]: GET /api/services
2026-03-09 22:40:22 [info]: GET /api/reports/dashboard
2026-03-09 22:40:22 [info]: GET /api/reports/weekly
2026-03-09 22:40:22 [info]: GET /api/employees
2026-03-09 22:40:22 [info]: GET /api/services
2026-03-09 22:40:22 [info]: GET /api/reports/dashboard
2026-03-09 22:40:22 [info]: GET /api/reports/weekly
2026-03-09 22:40:23 [info]: GET /api/employees
2026-03-09 22:40:23 [info]: GET /api/services
2026-03-09 22:40:23 [info]: GET /api/reports/dashboard
2026-03-09 22:40:23 [info]: GET /api/reports/weekly
2026-03-09 22:40:23 [info]: GET /api/employees
2026-03-09 22:40:23 [info]: GET /api/services
2026-03-09 22:40:23 [info]: GET /api/reports/dashboard
2026-03-09 22:40:23 [info]: GET /api/reports/weekly
2026-03-09 22:40:38 [info]: GET /api/employees
2026-03-09 22:40:38 [info]: GET /api/services
2026-03-09 22:40:38 [info]: GET /api/reports/dashboard
2026-03-09 22:40:38 [info]: GET /api/reports/weekly
2026-03-09 22:40:53 [info]: GET /api/employees
2026-03-09 22:40:53 [info]: GET /api/services
2026-03-09 22:40:53 [info]: GET /api/reports/dashboard
2026-03-09 22:40:53 [info]: GET /api/reports/weekly
2026-03-09 22:41:08 [info]: GET /api/employees
2026-03-09 22:41:08 [info]: GET /api/services
2026-03-09 22:41:08 [info]: GET /api/reports/dashboard
2026-03-09 22:41:08 [info]: GET /api/reports/weekly
2026-03-09 22:41:23 [info]: GET /api/employees
2026-03-09 22:41:23 [info]: GET /api/services
2026-03-09 22:41:23 [info]: GET /api/reports/dashboard
2026-03-09 22:41:23 [info]: GET /api/reports/weekly
2026-03-09 22:42:29 [info]: GET /api/employees
2026-03-09 22:42:29 [info]: GET /api/services
2026-03-09 22:42:29 [info]: GET /api/reports/dashboard
2026-03-09 22:42:29 [info]: GET /api/reports/weekly
2026-03-09 22:43:29 [info]: GET /api/employees
2026-03-09 22:43:29 [info]: GET /api/services
2026-03-09 22:43:29 [info]: GET /api/reports/dashboard
2026-03-09 22:43:29 [info]: GET /api/reports/weekly
2026-03-09 22:44:29 [info]: GET /api/employees
2026-03-09 22:44:29 [info]: GET /api/services
2026-03-09 22:44:29 [info]: GET /api/reports/dashboard
2026-03-09 22:44:29 [info]: GET /api/reports/weekly
2026-03-09 22:45:29 [info]: GET /api/employees
2026-03-09 22:45:29 [info]: GET /api/services
2026-03-09 22:45:29 [info]: GET /api/reports/dashboard
2026-03-09 22:45:29 [info]: GET /api/reports/weekly
2026-03-09 22:46:29 [info]: GET /api/employees
2026-03-09 22:46:29 [info]: GET /api/services
2026-03-09 22:46:29 [info]: GET /api/reports/dashboard
2026-03-09 22:46:29 [info]: GET /api/reports/weekly
2026-03-09 22:47:29 [info]: GET /api/employees
2026-03-09 22:47:29 [info]: GET /api/services
2026-03-09 22:47:29 [info]: GET /api/reports/dashboard
2026-03-09 22:47:29 [info]: GET /api/reports/weekly
2026-03-09 22:48:29 [info]: GET /api/employees
2026-03-09 22:48:29 [info]: GET /api/services
2026-03-09 22:48:29 [info]: GET /api/reports/dashboard
2026-03-09 22:48:29 [info]: GET /api/reports/weekly
2026-03-09 22:49:29 [info]: GET /api/employees
2026-03-09 22:49:29 [info]: GET /api/services
2026-03-09 22:49:29 [info]: GET /api/reports/dashboard
2026-03-09 22:49:29 [info]: GET /api/reports/weekly
2026-03-09 22:49:57 [info]: GET /api/employees
2026-03-09 22:49:57 [info]: GET /api/services
2026-03-09 22:49:57 [info]: GET /api/reports/dashboard
2026-03-09 22:49:57 [info]: GET /api/reports/weekly
2026-03-09 22:49:57 [info]: GET /api/services
2026-03-09 22:49:57 [info]: GET /api/employees
2026-03-09 22:49:57 [info]: GET /api/reports/weekly
2026-03-09 22:49:57 [info]: GET /api/services
2026-03-09 22:49:57 [info]: GET /api/employees
2026-03-09 22:49:57 [info]: GET /api/reports/weekly
2026-03-09 22:49:57 [info]: GET /api/reports/dashboard
2026-03-09 22:49:57 [info]: GET /api/reports/dashboard
2026-03-09 22:50:20 [info]: POST /api/auth/login
2026-03-09 22:50:20 [info]: User logged in: admin@barbershop.com
2026-03-09 22:50:20 [info]: GET /api/auth/me
2026-03-09 22:50:20 [info]: GET /api/employees
2026-03-09 22:50:20 [warn]: Admin access denied for user: admin@barbershop.com
2026-03-09 22:50:20 [info]: GET /api/services
2026-03-09 22:50:20 [warn]: Admin access denied for user: admin@barbershop.com
2026-03-09 22:50:20 [info]: GET /api/reports/dashboard
2026-03-09 22:50:20 [warn]: Admin access denied for user: admin@barbershop.com
2026-03-09 22:50:20 [info]: GET /api/reports/weekly
2026-03-09 22:50:20 [warn]: Admin access denied for user: admin@barbershop.com
2026-03-09 22:50:20 [info]: GET /api/employees
2026-03-09 22:50:20 [warn]: Admin access denied for user: admin@barbershop.com
2026-03-09 22:50:20 [info]: GET /api/services
2026-03-09 22:50:20 [warn]: Admin access denied for user: admin@barbershop.com
2026-03-09 22:50:20 [info]: GET /api/reports/dashboard
2026-03-09 22:50:20 [warn]: Admin access denied for user: admin@barbershop.com
2026-03-09 22:50:20 [info]: GET /api/reports/weekly
2026-03-09 22:50:20 [warn]: Admin access denied for user: admin@barbershop.com
2026-03-09 22:50:20 [info]: GET /api/auth/me
2026-03-09 22:50:20 [info]: GET /api/plans
2026-03-09 22:50:20 [info]: GET /api/admin/tenants
2026-03-09 22:50:20 [info]: GET /api/employees
2026-03-09 22:50:20 [warn]: Admin access denied for user: admin@barbershop.com
2026-03-09 22:50:20 [info]: GET /api/services
2026-03-09 22:50:20 [warn]: Admin access denied for user: admin@barbershop.com
2026-03-09 22:50:20 [info]: GET /api/reports/dashboard
2026-03-09 22:50:20 [warn]: Admin access denied for user: admin@barbershop.com
2026-03-09 22:50:20 [info]: GET /api/reports/weekly
2026-03-09 22:50:20 [warn]: Admin access denied for user: admin@barbershop.com
2026-03-09 22:50:20 [info]: GET /api/employees
2026-03-09 22:50:20 [warn]: Admin access denied for user: admin@barbershop.com
2026-03-09 22:50:20 [info]: GET /api/services
2026-03-09 22:50:20 [warn]: Admin access denied for user: admin@barbershop.com
2026-03-09 22:50:20 [info]: GET /api/reports/dashboard
2026-03-09 22:50:20 [warn]: Admin access denied for user: admin@barbershop.com
2026-03-09 22:50:20 [info]: GET /api/reports/weekly
2026-03-09 22:50:20 [warn]: Admin access denied for user: admin@barbershop.com
2026-03-09 22:50:20 [info]: GET /api/plans
2026-03-09 22:50:20 [info]: GET /api/admin/tenants
2026-03-09 22:50:22 [info]: GET /api/plans
2026-03-09 22:50:22 [info]: GET /api/plans
2026-03-09 23:14:06 [info]: PUT /api/plans/b2f35a7f-9688-47bb-b5e5-30af95277eb0
2026-03-09 23:14:07 [warn]: Invalid or expired token attempt
2026-03-09 23:14:07 [info]: POST /api/auth/refresh
2026-03-09 23:14:07 [info]: PUT /api/plans/b2f35a7f-9688-47bb-b5e5-30af95277eb0
2026-03-09 23:14:07 [info]: GET /api/plans
2026-03-09 23:14:19 [info]: PUT /api/plans/b2f35a7f-9688-47bb-b5e5-30af95277eb0
2026-03-09 23:14:19 [info]: GET /api/plans
2026-03-09 23:14:26 [info]: PUT /api/plans/1d302032-e444-49a4-a0c6-8ee0326a1eab
2026-03-09 23:14:27 [info]: GET /api/plans
2026-03-09 23:14:33 [info]: GET /api/plans
2026-03-09 23:14:33 [info]: GET /api/plans
2026-03-09 23:15:40 [info]: POST /api/auth/register
2026-03-09 23:15:41 [info]: User registered: mass@gmail.com
2026-03-09 23:15:41 [info]: GET /api/admin/tenants
2026-03-09 23:15:56 [info]: POST /api/auth/login
2026-03-09 23:15:57 [info]: User logged in: mass@gmail.com
2026-03-09 23:15:57 [info]: GET /api/auth/me
2026-03-09 23:15:57 [info]: GET /api/employees
2026-03-09 23:15:57 [info]: GET /api/services
2026-03-09 23:15:57 [info]: GET /api/reports/dashboard
2026-03-09 23:15:57 [info]: GET /api/reports/weekly
2026-03-09 23:15:57 [info]: GET /api/employees
2026-03-09 23:15:57 [info]: GET /api/services
2026-03-09 23:15:57 [info]: GET /api/reports/weekly
2026-03-09 23:15:57 [info]: GET /api/employees
2026-03-09 23:15:57 [info]: GET /api/services
2026-03-09 23:15:57 [info]: GET /api/reports/weekly
2026-03-09 23:15:57 [info]: GET /api/employees
2026-03-09 23:15:57 [info]: GET /api/services
2026-03-09 23:15:57 [info]: GET /api/reports/weekly
2026-03-09 23:15:57 [info]: GET /api/auth/me
2026-03-09 23:15:57 [info]: GET /api/reports/dashboard
2026-03-09 23:15:57 [info]: GET /api/reports/dashboard
2026-03-09 23:15:57 [info]: GET /api/reports/dashboard
2026-03-09 23:15:59 [info]: GET /api/employees
2026-03-09 23:15:59 [info]: GET /api/services
2026-03-09 23:15:59 [info]: GET /api/reports/dashboard
2026-03-09 23:15:59 [info]: GET /api/reports/weekly
2026-03-09 23:16:00 [info]: GET /api/services/types/all
2026-03-09 23:16:00 [info]: GET /api/services/types/all
2026-03-09 23:16:01 [info]: GET /api/employees
2026-03-09 23:16:01 [info]: GET /api/employees
2026-03-09 23:16:12 [info]: GET /api/employees
2026-03-09 23:16:12 [info]: GET /api/services
2026-03-09 23:16:12 [info]: GET /api/reports/dashboard
2026-03-09 23:16:12 [info]: GET /api/reports/weekly
2026-03-09 23:16:23 [info]: POST /api/employees
2026-03-09 23:16:23 [error]: Error: El email ya está registrado
    at EmployeeService.createEmployee (C:\Users\matia\Downloads\Kimi_Agent_Panel Admin Peluquería Completo\barbershop-admin\backend\dist\services\employee.service.js:49:19)
    at async C:\Users\matia\Downloads\Kimi_Agent_Panel Admin Peluquería Completo\barbershop-admin\backend\dist\controllers\employee.controller.js:94:22
2026-03-09 23:16:27 [info]: GET /api/employees
2026-03-09 23:16:27 [info]: GET /api/services
2026-03-09 23:16:27 [info]: GET /api/reports/dashboard
2026-03-09 23:16:27 [info]: GET /api/reports/weekly
2026-03-09 23:16:29 [info]: POST /api/employees
2026-03-09 23:16:30 [info]: Employee created: Matias matias
2026-03-09 23:16:30 [info]: GET /api/employees
2026-03-09 23:16:32 [info]: GET /api/employees
2026-03-09 23:16:32 [info]: GET /api/services
2026-03-09 23:16:32 [info]: GET /api/reports/dashboard
2026-03-09 23:16:32 [info]: GET /api/reports/weekly
2026-03-09 23:16:42 [info]: GET /api/employees
2026-03-09 23:16:42 [info]: GET /api/services
2026-03-09 23:16:42 [info]: GET /api/reports/dashboard
2026-03-09 23:16:42 [info]: GET /api/reports/weekly
2026-03-09 23:16:51 [info]: POST /api/employees
2026-03-09 23:16:52 [info]: Employee created: Martin matias
2026-03-09 23:16:52 [info]: GET /api/employees
2026-03-09 23:16:55 [info]: GET /api/employees
2026-03-09 23:16:55 [info]: GET /api/services
2026-03-09 23:16:55 [info]: GET /api/reports/dashboard
2026-03-09 23:16:55 [info]: GET /api/reports/weekly
2026-03-09 23:16:57 [info]: GET /api/services
2026-03-09 23:16:57 [info]: GET /api/reports/dashboard
2026-03-09 23:16:57 [info]: GET /api/reports/weekly
2026-03-09 23:16:57 [info]: GET /api/employees
2026-03-09 23:17:12 [info]: GET /api/employees
2026-03-09 23:17:12 [info]: GET /api/services
2026-03-09 23:17:12 [info]: GET /api/reports/dashboard
2026-03-09 23:17:12 [info]: GET /api/reports/weekly
2026-03-09 23:17:17 [info]: POST /api/employees
2026-03-09 23:17:17 [info]: Employee created: Martes matias
2026-03-09 23:17:17 [info]: GET /api/employees
2026-03-09 23:17:19 [info]: GET /api/employees
2026-03-09 23:17:19 [info]: GET /api/services
2026-03-09 23:17:19 [info]: GET /api/reports/dashboard
2026-03-09 23:17:19 [info]: GET /api/reports/weekly
2026-03-09 23:17:27 [info]: GET /api/employees
2026-03-09 23:17:27 [info]: GET /api/services
2026-03-09 23:17:27 [info]: GET /api/reports/dashboard
2026-03-09 23:17:27 [info]: GET /api/reports/weekly
2026-03-09 23:17:39 [info]: POST /api/employees
2026-03-09 23:17:40 [info]: Employee created: Martin matias
2026-03-09 23:17:40 [info]: GET /api/employees
2026-03-09 23:17:42 [info]: GET /api/employees
2026-03-09 23:17:42 [info]: GET /api/services
2026-03-09 23:17:42 [info]: GET /api/reports/dashboard
2026-03-09 23:17:42 [info]: GET /api/reports/weekly
2026-03-09 23:17:42 [info]: GET /api/employees
2026-03-09 23:17:42 [info]: GET /api/services
2026-03-09 23:17:42 [info]: GET /api/reports/dashboard
2026-03-09 23:17:42 [info]: GET /api/reports/weekly
2026-03-09 23:17:55 [info]: DELETE /api/employees/626a026e-cd67-4c08-ae85-91d930352a57
2026-03-09 23:17:55 [info]: GET /api/employees
2026-03-09 23:17:55 [info]: GET /api/services
2026-03-09 23:17:55 [info]: GET /api/reports/dashboard
2026-03-09 23:17:55 [info]: GET /api/reports/weekly
2026-03-09 23:17:55 [info]: Employee deleted: 626a026e-cd67-4c08-ae85-91d930352a57
2026-03-09 23:17:55 [info]: GET /api/employees
2026-03-09 23:17:57 [info]: GET /api/employees
2026-03-09 23:17:57 [info]: GET /api/services
2026-03-09 23:17:57 [info]: GET /api/reports/dashboard
2026-03-09 23:17:57 [info]: GET /api/reports/weekly
2026-03-09 23:17:58 [info]: GET /api/employees
2026-03-09 23:17:58 [info]: GET /api/services
2026-03-09 23:17:58 [info]: GET /api/reports/dashboard
2026-03-09 23:17:58 [info]: GET /api/reports/weekly
2026-03-09 23:17:58 [info]: DELETE /api/employees/57bf27d7-13dd-4ae3-9335-a50615d6eb80
2026-03-09 23:17:58 [info]: Employee deleted: 57bf27d7-13dd-4ae3-9335-a50615d6eb80
2026-03-09 23:17:58 [info]: GET /api/employees
2026-03-09 23:17:59 [info]: GET /api/employees
2026-03-09 23:17:59 [info]: GET /api/services
2026-03-09 23:17:59 [info]: GET /api/reports/dashboard
2026-03-09 23:17:59 [info]: GET /api/reports/weekly
2026-03-09 23:18:03 [info]: GET /api/employees
2026-03-09 23:18:03 [info]: GET /api/services
2026-03-09 23:18:03 [info]: GET /api/reports/dashboard
2026-03-09 23:18:03 [info]: GET /api/reports/weekly
2026-03-09 23:18:03 [info]: GET /api/employees
2026-03-09 23:18:03 [info]: GET /api/services
2026-03-09 23:18:03 [info]: GET /api/reports/weekly
2026-03-09 23:18:03 [info]: GET /api/reports/dashboard
2026-03-09 23:18:04 [info]: GET /api/employees
2026-03-09 23:18:04 [info]: GET /api/services
2026-03-09 23:18:04 [info]: GET /api/reports/dashboard
2026-03-09 23:18:04 [info]: GET /api/reports/weekly
2026-03-09 23:18:12 [info]: GET /api/employees
2026-03-09 23:18:12 [info]: GET /api/services
2026-03-09 23:18:12 [info]: GET /api/reports/dashboard
2026-03-09 23:18:12 [info]: GET /api/reports/weekly
2026-03-09 23:18:18 [info]: SIGINT received. Shutting down gracefully...
2026-03-09 23:20:49 [info]: ✅ Database connected successfully
2026-03-09 23:20:49 [info]: 🚀 Server running on port 3001
2026-03-09 23:20:49 [info]: 📊 Environment: development
2026-03-09 23:20:49 [info]: 🔗 API URL: http://localhost:3001/api
2026-03-09 23:20:49 [info]: GET /api/employees
2026-03-09 23:20:49 [info]: GET /api/services
2026-03-09 23:20:49 [info]: GET /api/reports/dashboard
2026-03-09 23:20:49 [info]: GET /api/reports/weekly
2026-03-09 23:20:49 [info]: GET /api/employees
2026-03-09 23:20:50 [info]: GET /api/services
2026-03-09 23:20:50 [info]: GET /api/reports/weekly
2026-03-09 23:20:50 [info]: GET /api/reports/dashboard
2026-03-09 23:20:51 [info]: GET /api/employees
2026-03-09 23:20:51 [info]: GET /api/services
2026-03-09 23:20:51 [info]: GET /api/reports/dashboard
2026-03-09 23:20:51 [info]: GET /api/reports/weekly
2026-03-09 23:20:57 [info]: GET /api/employees
2026-03-09 23:20:57 [info]: GET /api/services
2026-03-09 23:20:57 [info]: GET /api/reports/weekly
2026-03-09 23:20:57 [info]: GET /api/reports/dashboard
2026-03-09 23:21:12 [info]: GET /api/employees
2026-03-09 23:21:12 [info]: GET /api/services
2026-03-09 23:21:12 [info]: GET /api/reports/dashboard
2026-03-09 23:21:12 [info]: GET /api/reports/weekly
2026-03-09 23:21:26 [info]: GET /api/employees
2026-03-09 23:21:26 [info]: GET /api/services
2026-03-09 23:21:26 [info]: GET /api/reports/dashboard
2026-03-09 23:21:26 [info]: GET /api/reports/weekly
2026-03-09 23:21:26 [info]: GET /api/employees
2026-03-09 23:21:26 [info]: GET /api/services
2026-03-09 23:21:26 [info]: GET /api/reports/weekly
2026-03-09 23:21:26 [info]: GET /api/reports/dashboard
2026-03-09 23:21:27 [info]: GET /api/employees
2026-03-09 23:21:27 [info]: GET /api/services
2026-03-09 23:21:27 [info]: GET /api/reports/dashboard
2026-03-09 23:21:27 [info]: GET /api/reports/weekly
2026-03-09 23:21:29 [info]: GET /api/employees
2026-03-09 23:21:29 [info]: GET /api/services
2026-03-09 23:21:29 [info]: GET /api/reports/dashboard
2026-03-09 23:21:29 [info]: GET /api/reports/weekly
2026-03-09 23:21:29 [info]: GET /api/employees
2026-03-09 23:21:29 [info]: GET /api/services
2026-03-09 23:21:29 [info]: GET /api/auth/me
2026-03-09 23:21:29 [info]: GET /api/reports/weekly
2026-03-09 23:21:29 [info]: GET /api/employees
2026-03-09 23:21:29 [info]: GET /api/services
2026-03-09 23:21:29 [info]: GET /api/reports/dashboard
2026-03-09 23:21:29 [info]: GET /api/reports/weekly
2026-03-09 23:21:29 [info]: GET /api/employees
2026-03-09 23:21:29 [info]: GET /api/services
2026-03-09 23:21:29 [info]: GET /api/reports/weekly
2026-03-09 23:21:29 [info]: GET /api/auth/me
2026-03-09 23:21:29 [info]: GET /api/reports/dashboard
2026-03-09 23:21:29 [info]: GET /api/reports/dashboard
2026-03-09 23:21:31 [info]: GET /api/employees
2026-03-09 23:21:31 [info]: GET /api/services
2026-03-09 23:21:31 [info]: GET /api/reports/dashboard
2026-03-09 23:21:31 [info]: GET /api/reports/weekly
2026-03-09 23:21:35 [info]: GET /api/services/types/all
2026-03-09 23:21:35 [info]: GET /api/services/types/all
2026-03-09 23:21:36 [info]: GET /api/employees
2026-03-09 23:21:36 [info]: GET /api/employees
2026-03-09 23:21:38 [info]: GET /api/services/types/all
2026-03-09 23:21:38 [info]: GET /api/services/types/all
2026-03-09 23:21:39 [info]: GET /api/employees
2026-03-09 23:21:39 [info]: GET /api/employees
2026-03-09 23:21:44 [info]: GET /api/employees
2026-03-09 23:21:44 [info]: GET /api/services
2026-03-09 23:21:44 [info]: GET /api/reports/dashboard
2026-03-09 23:21:44 [info]: GET /api/reports/weekly
2026-03-09 23:21:54 [info]: POST /api/employees
2026-03-09 23:21:55 [info]: Employee created: mALALA matias
2026-03-09 23:21:55 [info]: GET /api/employees
2026-03-09 23:21:57 [info]: GET /api/employees
2026-03-09 23:21:57 [info]: GET /api/services
2026-03-09 23:21:57 [info]: GET /api/reports/dashboard
2026-03-09 23:21:57 [info]: GET /api/reports/weekly
2026-03-09 23:21:59 [info]: GET /api/services
2026-03-09 23:21:59 [info]: GET /api/reports/dashboard
2026-03-09 23:21:59 [info]: GET /api/reports/weekly
2026-03-09 23:21:59 [info]: GET /api/employees
2026-03-09 23:22:09 [info]: POST /api/employees
2026-03-09 23:22:10 [error]: Error: El email ya está registrado
    at EmployeeService.createEmployee (C:\Users\matia\Downloads\Kimi_Agent_Panel Admin Peluquería Completo\barbershop-admin\backend\dist\services\employee.service.js:70:19)
    at async C:\Users\matia\Downloads\Kimi_Agent_Panel Admin Peluquería Completo\barbershop-admin\backend\dist\controllers\employee.controller.js:94:22
2026-03-09 23:22:11 [info]: POST /api/employees
2026-03-09 23:22:11 [error]: Error: El email ya está registrado
    at EmployeeService.createEmployee (C:\Users\matia\Downloads\Kimi_Agent_Panel Admin Peluquería Completo\barbershop-admin\backend\dist\services\employee.service.js:70:19)
    at async C:\Users\matia\Downloads\Kimi_Agent_Panel Admin Peluquería Completo\barbershop-admin\backend\dist\controllers\employee.controller.js:94:22
2026-03-09 23:22:14 [info]: GET /api/employees
2026-03-09 23:22:14 [info]: GET /api/services
2026-03-09 23:22:14 [info]: GET /api/reports/dashboard
2026-03-09 23:22:14 [info]: GET /api/reports/weekly
2026-03-09 23:22:16 [info]: POST /api/employees
2026-03-09 23:22:17 [info]: Employee created: MATIAS matias
2026-03-09 23:22:17 [info]: GET /api/employees
2026-03-09 23:22:19 [info]: GET /api/employees
2026-03-09 23:22:19 [info]: GET /api/services
2026-03-09 23:22:19 [info]: GET /api/reports/dashboard
2026-03-09 23:22:19 [info]: GET /api/reports/weekly
2026-03-09 23:22:22 [info]: GET /api/employees
2026-03-09 23:22:22 [info]: GET /api/services
2026-03-09 23:22:22 [info]: GET /api/reports/dashboard
2026-03-09 23:22:22 [info]: GET /api/reports/weekly
2026-03-09 23:22:23 [info]: GET /api/employees
2026-03-09 23:22:23 [info]: GET /api/services
2026-03-09 23:22:23 [info]: GET /api/reports/dashboard
2026-03-09 23:22:23 [info]: GET /api/reports/weekly
2026-03-09 23:22:23 [info]: GET /api/employees
2026-03-09 23:22:23 [info]: GET /api/services
2026-03-09 23:22:23 [info]: GET /api/reports/weekly
2026-03-09 23:22:23 [info]: GET /api/reports/dashboard
2026-03-09 23:22:25 [info]: GET /api/employees
2026-03-09 23:22:25 [info]: GET /api/services
2026-03-09 23:22:25 [info]: GET /api/reports/dashboard
2026-03-09 23:22:25 [info]: GET /api/reports/weekly
2026-03-09 23:22:26 [info]: GET /api/employees
2026-03-09 23:22:26 [info]: GET /api/services
2026-03-09 23:22:26 [info]: GET /api/reports/dashboard
2026-03-09 23:22:26 [info]: GET /api/reports/weekly
2026-03-09 23:22:26 [info]: DELETE /api/employees/c0f49afd-8fd0-42e8-9b07-9effb75ed542
2026-03-09 23:22:26 [info]: Employee deleted: c0f49afd-8fd0-42e8-9b07-9effb75ed542
2026-03-09 23:22:26 [info]: GET /api/employees
2026-03-09 23:22:29 [info]: DELETE /api/employees/3082ed2d-1acf-42e4-9a3b-50cb64a2fdf1
2026-03-09 23:22:29 [info]: GET /api/employees
2026-03-09 23:22:29 [info]: GET /api/services
2026-03-09 23:22:29 [info]: GET /api/reports/dashboard
2026-03-09 23:22:29 [info]: GET /api/reports/weekly
2026-03-09 23:22:29 [info]: Employee deleted: 3082ed2d-1acf-42e4-9a3b-50cb64a2fdf1
2026-03-09 23:22:29 [info]: GET /api/employees
2026-03-09 23:22:29 [info]: GET /api/employees
2026-03-09 23:22:29 [info]: GET /api/services
2026-03-09 23:22:29 [info]: GET /api/reports/dashboard
2026-03-09 23:22:29 [info]: GET /api/reports/weekly
2026-03-09 23:22:29 [info]: GET /api/employees
2026-03-09 23:22:29 [info]: GET /api/services
2026-03-09 23:22:29 [info]: GET /api/reports/dashboard
2026-03-09 23:22:29 [info]: GET /api/reports/weekly
2026-03-09 23:22:39 [info]: SIGINT received. Shutting down gracefully...
2026-03-09 23:33:04 [info]: ✅ Database connected successfully
2026-03-09 23:33:04 [info]: 🚀 Server running on port 3001
2026-03-09 23:33:04 [info]: 📊 Environment: development
2026-03-09 23:33:04 [info]: 🔗 API URL: http://localhost:3001/api
2026-03-09 23:33:32 [info]: POST /api/auth/login
2026-03-09 23:33:33 [info]: User logged in: admin@barbershop.com
2026-03-09 23:33:33 [info]: GET /api/auth/me
2026-03-09 23:33:33 [info]: GET /api/employees
2026-03-09 23:33:33 [warn]: Admin access denied for user: admin@barbershop.com
2026-03-09 23:33:33 [info]: GET /api/services
2026-03-09 23:33:33 [warn]: Admin access denied for user: admin@barbershop.com
2026-03-09 23:33:33 [info]: GET /api/reports/dashboard
2026-03-09 23:33:33 [warn]: Admin access denied for user: admin@barbershop.com
2026-03-09 23:33:33 [info]: GET /api/reports/weekly
2026-03-09 23:33:33 [warn]: Admin access denied for user: admin@barbershop.com
2026-03-09 23:33:33 [info]: GET /api/employees
2026-03-09 23:33:33 [warn]: Admin access denied for user: admin@barbershop.com
2026-03-09 23:33:33 [info]: GET /api/services
2026-03-09 23:33:33 [warn]: Admin access denied for user: admin@barbershop.com
2026-03-09 23:33:33 [info]: GET /api/reports/dashboard
2026-03-09 23:33:33 [warn]: Admin access denied for user: admin@barbershop.com
2026-03-09 23:33:33 [info]: GET /api/reports/weekly
2026-03-09 23:33:33 [warn]: Admin access denied for user: admin@barbershop.com
2026-03-09 23:33:33 [info]: GET /api/plans
2026-03-09 23:33:33 [info]: GET /api/auth/me
2026-03-09 23:33:33 [info]: GET /api/admin/tenants
2026-03-09 23:33:33 [info]: GET /api/employees
2026-03-09 23:33:33 [warn]: Admin access denied for user: admin@barbershop.com
2026-03-09 23:33:33 [info]: GET /api/services
2026-03-09 23:33:33 [warn]: Admin access denied for user: admin@barbershop.com
2026-03-09 23:33:33 [info]: GET /api/reports/dashboard
2026-03-09 23:33:33 [warn]: Admin access denied for user: admin@barbershop.com
2026-03-09 23:33:33 [info]: GET /api/reports/weekly
2026-03-09 23:33:33 [warn]: Admin access denied for user: admin@barbershop.com
2026-03-09 23:33:33 [info]: GET /api/employees
2026-03-09 23:33:33 [warn]: Admin access denied for user: admin@barbershop.com
2026-03-09 23:33:33 [info]: GET /api/services
2026-03-09 23:33:33 [warn]: Admin access denied for user: admin@barbershop.com
2026-03-09 23:33:33 [info]: GET /api/reports/dashboard
2026-03-09 23:33:33 [warn]: Admin access denied for user: admin@barbershop.com
2026-03-09 23:33:33 [info]: GET /api/plans
2026-03-09 23:33:33 [info]: GET /api/reports/weekly
2026-03-09 23:33:33 [warn]: Admin access denied for user: admin@barbershop.com
2026-03-09 23:33:33 [info]: GET /api/admin/tenants
2026-03-09 23:33:46 [info]: GET /api/plans
2026-03-09 23:33:46 [info]: GET /api/plans
2026-03-09 23:36:41 [info]: SIGINT received. Shutting down gracefully...
2026-03-09 23:37:01 [info]: ✅ Database connected successfully
2026-03-09 23:37:01 [info]: 🚀 Server running on port 3001
2026-03-09 23:37:01 [info]: 📊 Environment: development
2026-03-09 23:37:01 [info]: 🔗 API URL: http://localhost:3001/api
2026-03-09 23:37:14 [info]: PUT /api/plans/b2f35a7f-9688-47bb-b5e5-30af95277eb0
2026-03-09 23:37:14 [info]: GET /api/plans
2026-03-09 23:37:18 [info]: PUT /api/plans/b2f35a7f-9688-47bb-b5e5-30af95277eb0
2026-03-09 23:37:18 [info]: GET /api/plans
2026-03-09 23:37:25 [info]: PUT /api/plans/1d302032-e444-49a4-a0c6-8ee0326a1eab
2026-03-09 23:37:25 [info]: GET /api/plans
2026-03-09 23:37:56 [info]: POST /api/auth/login
2026-03-09 23:37:57 [info]: User logged in: admin@barbershop.com
2026-03-09 23:37:57 [info]: GET /api/auth/me
2026-03-09 23:37:57 [info]: GET /api/employees
2026-03-09 23:37:57 [warn]: Admin access denied for user: admin@barbershop.com
2026-03-09 23:37:57 [info]: GET /api/services
2026-03-09 23:37:57 [warn]: Admin access denied for user: admin@barbershop.com
2026-03-09 23:37:57 [info]: GET /api/reports/weekly
2026-03-09 23:37:57 [warn]: Admin access denied for user: admin@barbershop.com
2026-03-09 23:37:57 [info]: GET /api/reports/dashboard
2026-03-09 23:37:57 [warn]: Admin access denied for user: admin@barbershop.com
2026-03-09 23:37:57 [info]: GET /api/plans
2026-03-09 23:37:57 [info]: GET /api/admin/tenants
2026-03-09 23:37:57 [info]: GET /api/employees
2026-03-09 23:37:57 [warn]: Admin access denied for user: admin@barbershop.com
2026-03-09 23:37:57 [info]: GET /api/services
2026-03-09 23:37:57 [warn]: Admin access denied for user: admin@barbershop.com
2026-03-09 23:37:57 [info]: GET /api/reports/weekly
2026-03-09 23:37:57 [warn]: Admin access denied for user: admin@barbershop.com
2026-03-09 23:37:57 [info]: GET /api/reports/dashboard
2026-03-09 23:37:57 [warn]: Admin access denied for user: admin@barbershop.com
2026-03-09 23:37:57 [info]: GET /api/auth/me
2026-03-09 23:37:57 [info]: GET /api/employees
2026-03-09 23:37:57 [warn]: Admin access denied for user: admin@barbershop.com
2026-03-09 23:37:57 [info]: GET /api/services
2026-03-09 23:37:57 [warn]: Admin access denied for user: admin@barbershop.com
2026-03-09 23:37:57 [info]: GET /api/reports/weekly
2026-03-09 23:37:57 [warn]: Admin access denied for user: admin@barbershop.com
2026-03-09 23:37:57 [info]: GET /api/plans
2026-03-09 23:37:57 [info]: GET /api/reports/dashboard
2026-03-09 23:37:57 [warn]: Admin access denied for user: admin@barbershop.com
2026-03-09 23:37:57 [info]: GET /api/employees
2026-03-09 23:37:57 [warn]: Admin access denied for user: admin@barbershop.com
2026-03-09 23:37:57 [info]: GET /api/admin/tenants
2026-03-09 23:37:57 [info]: GET /api/services
2026-03-09 23:37:57 [warn]: Admin access denied for user: admin@barbershop.com
2026-03-09 23:37:57 [info]: GET /api/reports/weekly
2026-03-09 23:37:57 [warn]: Admin access denied for user: admin@barbershop.com
2026-03-09 23:37:57 [info]: GET /api/reports/dashboard
2026-03-09 23:37:57 [warn]: Admin access denied for user: admin@barbershop.com
2026-03-09 23:38:10 [info]: POST /api/auth/login
2026-03-09 23:38:11 [info]: User logged in: mass@gmail.com
2026-03-09 23:38:11 [info]: GET /api/auth/me
2026-03-09 23:38:11 [info]: GET /api/employees
2026-03-09 23:38:11 [info]: GET /api/services
2026-03-09 23:38:11 [info]: GET /api/reports/dashboard
2026-03-09 23:38:11 [info]: GET /api/reports/weekly
2026-03-09 23:38:11 [info]: GET /api/employees
2026-03-09 23:38:11 [info]: GET /api/services
2026-03-09 23:38:11 [info]: GET /api/employees
2026-03-09 23:38:11 [info]: GET /api/services
2026-03-09 23:38:11 [info]: GET /api/employees
2026-03-09 23:38:11 [info]: GET /api/services
2026-03-09 23:38:11 [info]: GET /api/reports/dashboard
2026-03-09 23:38:11 [info]: GET /api/auth/me
2026-03-09 23:38:11 [info]: GET /api/reports/dashboard
2026-03-09 23:38:11 [info]: GET /api/reports/dashboard
2026-03-09 23:38:11 [info]: GET /api/reports/weekly
2026-03-09 23:38:11 [info]: GET /api/reports/weekly
2026-03-09 23:38:11 [info]: GET /api/reports/weekly
2026-03-09 23:38:13 [info]: GET /api/employees
2026-03-09 23:38:13 [info]: GET /api/employees
2026-03-09 23:38:15 [info]: GET /api/employees
2026-03-09 23:38:15 [info]: GET /api/services
2026-03-09 23:38:15 [info]: GET /api/reports/dashboard
2026-03-09 23:38:15 [info]: GET /api/reports/weekly
2026-03-09 23:38:26 [info]: GET /api/employees
2026-03-09 23:38:26 [info]: GET /api/services
2026-03-09 23:38:26 [info]: GET /api/reports/dashboard
2026-03-09 23:38:26 [info]: GET /api/reports/weekly
2026-03-09 23:38:37 [info]: POST /api/employees
2026-03-09 23:38:38 [info]: Employee created: Matias matias
2026-03-09 23:38:38 [info]: GET /api/employees
2026-03-09 23:38:41 [info]: GET /api/employees
2026-03-09 23:38:41 [info]: GET /api/services
2026-03-09 23:38:41 [info]: GET /api/reports/dashboard
2026-03-09 23:38:41 [info]: GET /api/reports/weekly
2026-03-09 23:38:41 [info]: GET /api/employees
2026-03-09 23:38:41 [info]: GET /api/services
2026-03-09 23:38:41 [info]: GET /api/reports/dashboard
2026-03-09 23:38:41 [info]: GET /api/reports/weekly
2026-03-09 23:38:56 [info]: GET /api/employees
2026-03-09 23:38:56 [info]: GET /api/services
2026-03-09 23:38:56 [info]: GET /api/reports/dashboard
2026-03-09 23:38:56 [info]: GET /api/reports/weekly
2026-03-09 23:39:01 [info]: POST /api/employees
2026-03-09 23:39:01 [error]: Error: Has alcanzado el límite de peluqueros permitido para tu plan. Actualiza tu plan para agregar más.
    at EmployeeService.createEmployee (C:\Users\matia\Downloads\Kimi_Agent_Panel Admin Peluquería Completo\barbershop-admin\backend\dist\services\employee.service.js:62:23)
    at async C:\Users\matia\Downloads\Kimi_Agent_Panel Admin Peluquería Completo\barbershop-admin\backend\dist\controllers\employee.controller.js:94:22
2026-03-09 23:39:07 [info]: GET /api/employees
2026-03-09 23:39:07 [info]: GET /api/services
2026-03-09 23:39:07 [info]: GET /api/reports/dashboard
2026-03-09 23:39:07 [info]: GET /api/reports/weekly
2026-03-09 23:39:10 [info]: GET /api/employees
2026-03-09 23:39:10 [info]: GET /api/services
2026-03-09 23:39:10 [info]: GET /api/reports/dashboard
2026-03-09 23:39:10 [info]: GET /api/reports/weekly
2026-03-09 23:39:11 [info]: GET /api/employees
2026-03-09 23:39:11 [info]: GET /api/services
2026-03-09 23:39:11 [info]: GET /api/reports/dashboard
2026-03-09 23:39:11 [info]: GET /api/reports/weekly
2026-03-09 23:39:11 [info]: GET /api/employees
2026-03-09 23:39:11 [info]: GET /api/services
2026-03-09 23:39:11 [info]: GET /api/reports/dashboard
2026-03-09 23:39:11 [info]: GET /api/reports/weekly
2026-03-09 23:39:26 [info]: GET /api/employees
2026-03-09 23:39:26 [info]: GET /api/services
2026-03-09 23:39:26 [info]: GET /api/reports/dashboard
2026-03-09 23:39:26 [info]: GET /api/reports/weekly
2026-03-09 23:39:41 [info]: GET /api/employees
2026-03-09 23:39:41 [info]: GET /api/services
2026-03-09 23:39:41 [info]: GET /api/reports/dashboard
2026-03-09 23:39:41 [info]: GET /api/reports/weekly
2026-03-09 23:39:56 [info]: GET /api/employees
2026-03-09 23:39:56 [info]: GET /api/services
2026-03-09 23:39:56 [info]: GET /api/reports/dashboard
2026-03-09 23:39:56 [info]: GET /api/reports/weekly
2026-03-09 23:40:11 [info]: GET /api/employees
2026-03-09 23:40:11 [info]: GET /api/services
2026-03-09 23:40:11 [info]: GET /api/reports/dashboard
2026-03-09 23:40:11 [info]: GET /api/reports/weekly
2026-03-09 23:40:26 [info]: GET /api/employees
2026-03-09 23:40:26 [info]: GET /api/services
2026-03-09 23:40:26 [info]: GET /api/reports/dashboard
2026-03-09 23:40:26 [info]: GET /api/reports/weekly
2026-03-09 23:40:41 [info]: GET /api/employees
2026-03-09 23:40:41 [info]: GET /api/services
2026-03-09 23:40:41 [info]: GET /api/reports/dashboard
2026-03-09 23:40:41 [info]: GET /api/reports/weekly
2026-03-09 23:40:56 [info]: GET /api/employees
2026-03-09 23:40:56 [info]: GET /api/services
2026-03-09 23:40:56 [info]: GET /api/reports/dashboard
2026-03-09 23:40:56 [info]: GET /api/reports/weekly
2026-03-09 23:41:11 [info]: GET /api/employees
2026-03-09 23:41:11 [info]: GET /api/services
2026-03-09 23:41:11 [info]: GET /api/reports/dashboard
2026-03-09 23:41:11 [info]: GET /api/reports/weekly
2026-03-09 23:41:20 [info]: GET /api/employees
2026-03-09 23:41:20 [info]: GET /api/services
2026-03-09 23:41:20 [info]: GET /api/reports/dashboard
2026-03-09 23:41:20 [info]: GET /api/reports/weekly
2026-03-09 23:41:20 [info]: GET /api/employees
2026-03-09 23:41:20 [info]: GET /api/services
2026-03-09 23:41:20 [info]: GET /api/reports/weekly
2026-03-09 23:41:20 [info]: GET /api/reports/dashboard
2026-03-09 23:41:26 [info]: GET /api/employees
2026-03-09 23:41:26 [info]: GET /api/services
2026-03-09 23:41:26 [info]: GET /api/reports/dashboard
2026-03-09 23:41:26 [info]: GET /api/reports/weekly
2026-03-09 23:41:57 [info]: POST /api/auth/login
2026-03-09 23:41:58 [info]: User logged in: admin@barbershop.com
2026-03-09 23:41:58 [info]: GET /api/auth/me
2026-03-09 23:41:58 [info]: GET /api/employees
2026-03-09 23:41:58 [warn]: Admin access denied for user: admin@barbershop.com
2026-03-09 23:41:58 [info]: GET /api/services
2026-03-09 23:41:58 [warn]: Admin access denied for user: admin@barbershop.com
2026-03-09 23:41:58 [info]: GET /api/reports/dashboard
2026-03-09 23:41:58 [warn]: Admin access denied for user: admin@barbershop.com
2026-03-09 23:41:58 [info]: GET /api/reports/weekly
2026-03-09 23:41:58 [warn]: Admin access denied for user: admin@barbershop.com
2026-03-09 23:41:58 [info]: GET /api/plans
2026-03-09 23:41:58 [info]: GET /api/employees
2026-03-09 23:41:58 [warn]: Admin access denied for user: admin@barbershop.com
2026-03-09 23:41:58 [info]: GET /api/services
2026-03-09 23:41:58 [warn]: Admin access denied for user: admin@barbershop.com
2026-03-09 23:41:58 [info]: GET /api/reports/dashboard
2026-03-09 23:41:58 [warn]: Admin access denied for user: admin@barbershop.com
2026-03-09 23:41:58 [info]: GET /api/admin/tenants
2026-03-09 23:41:58 [info]: GET /api/auth/me
2026-03-09 23:41:58 [info]: GET /api/reports/weekly
2026-03-09 23:41:58 [warn]: Admin access denied for user: admin@barbershop.com
2026-03-09 23:41:58 [info]: GET /api/employees
2026-03-09 23:41:58 [warn]: Admin access denied for user: admin@barbershop.com
2026-03-09 23:41:58 [info]: GET /api/services
2026-03-09 23:41:58 [warn]: Admin access denied for user: admin@barbershop.com
2026-03-09 23:41:58 [info]: GET /api/reports/dashboard
2026-03-09 23:41:58 [warn]: Admin access denied for user: admin@barbershop.com
2026-03-09 23:41:58 [info]: GET /api/plans
2026-03-09 23:41:58 [info]: GET /api/reports/weekly
2026-03-09 23:41:58 [warn]: Admin access denied for user: admin@barbershop.com
2026-03-09 23:41:58 [info]: GET /api/employees
2026-03-09 23:41:58 [warn]: Admin access denied for user: admin@barbershop.com
2026-03-09 23:41:58 [info]: GET /api/services
2026-03-09 23:41:58 [warn]: Admin access denied for user: admin@barbershop.com
2026-03-09 23:41:58 [info]: GET /api/reports/dashboard
2026-03-09 23:41:58 [warn]: Admin access denied for user: admin@barbershop.com
2026-03-09 23:41:58 [info]: GET /api/admin/tenants
2026-03-09 23:41:58 [info]: GET /api/reports/weekly
2026-03-09 23:41:58 [warn]: Admin access denied for user: admin@barbershop.com
2026-03-09 23:42:06 [info]: PATCH /api/admin/tenants/774278d6-5deb-46f0-abe8-48b78a63206d/toggle
2026-03-09 23:42:06 [info]: GET /api/admin/tenants
2026-03-09 23:42:32 [info]: POST /api/auth/login
2026-03-09 23:42:33 [warn]: Failed login attempt 1/4 for: matias@gmail.com (3 left)
2026-03-09 23:42:33 [warn]: Client error:
2026-03-09 23:42:39 [info]: POST /api/auth/login
2026-03-09 23:42:40 [warn]: Failed login attempt 2/4 for: matias@gmail.com (2 left)
2026-03-09 23:42:40 [warn]: Client error:
2026-03-09 23:42:49 [info]: POST /api/auth/login
2026-03-09 23:42:50 [warn]: Failed login attempt 3/4 for: matias@gmail.com (1 left)
2026-03-09 23:42:50 [warn]: Client error:
2026-03-09 23:43:09 [info]: POST /api/auth/login
2026-03-09 23:43:10 [info]: User logged in: matias@gmail.com
2026-03-09 23:43:10 [info]: GET /api/auth/me
2026-03-09 23:43:10 [info]: GET /api/employees
2026-03-09 23:43:10 [info]: GET /api/services
2026-03-09 23:43:10 [info]: GET /api/reports/dashboard
2026-03-09 23:43:10 [info]: GET /api/reports/weekly
2026-03-09 23:43:10 [info]: GET /api/employees
2026-03-09 23:43:10 [info]: GET /api/services
2026-03-09 23:43:10 [info]: GET /api/reports/weekly
2026-03-09 23:43:10 [info]: GET /api/auth/me
2026-03-09 23:43:10 [info]: GET /api/employees
2026-03-09 23:43:10 [info]: GET /api/reports/dashboard
2026-03-09 23:43:10 [info]: GET /api/services
2026-03-09 23:43:10 [info]: GET /api/reports/weekly
2026-03-09 23:43:10 [info]: GET /api/employees
2026-03-09 23:43:10 [info]: GET /api/services
2026-03-09 23:43:10 [info]: GET /api/reports/weekly
2026-03-09 23:43:10 [info]: GET /api/reports/dashboard
2026-03-09 23:43:10 [info]: GET /api/reports/dashboard
2026-03-09 23:43:12 [info]: GET /api/employees
2026-03-09 23:43:12 [info]: GET /api/services
2026-03-09 23:43:12 [info]: GET /api/reports/dashboard
2026-03-09 23:43:12 [info]: GET /api/reports/weekly
2026-03-09 23:43:13 [info]: GET /api/services/types/all
2026-03-09 23:43:13 [info]: GET /api/services/types/all
2026-03-09 23:43:16 [info]: GET /api/employees
2026-03-09 23:43:16 [info]: GET /api/employees
2026-03-09 23:43:22 [info]: GET /api/services/types/all
2026-03-09 23:43:22 [info]: GET /api/services/types/all
2026-03-09 23:43:25 [info]: GET /api/employees
2026-03-09 23:43:25 [info]: GET /api/services
2026-03-09 23:43:25 [info]: GET /api/reports/dashboard
2026-03-09 23:43:25 [info]: GET /api/reports/weekly
2026-03-09 23:43:25 [info]: GET /api/services
2026-03-09 23:43:25 [info]: GET /api/reports/weekly
2026-03-09 23:43:25 [info]: GET /api/services
2026-03-09 23:43:25 [info]: GET /api/services
2026-03-09 23:43:25 [info]: GET /api/reports/weekly
2026-03-09 23:43:25 [info]: GET /api/services
2026-03-09 23:43:40 [info]: GET /api/employees
2026-03-09 23:43:40 [info]: GET /api/services
2026-03-09 23:43:40 [info]: GET /api/reports/dashboard
2026-03-09 23:43:40 [info]: GET /api/reports/weekly
2026-03-09 23:43:44 [info]: GET /api/employees
2026-03-09 23:43:44 [info]: GET /api/services
2026-03-09 23:43:44 [info]: GET /api/reports/dashboard
2026-03-09 23:43:44 [info]: GET /api/reports/weekly
2026-03-09 23:43:45 [info]: GET /api/employees
2026-03-09 23:43:45 [info]: GET /api/employees
2026-03-09 23:43:46 [info]: GET /api/services/types/all
2026-03-09 23:43:46 [info]: GET /api/services/types/all
2026-03-09 23:43:47 [info]: GET /api/employees
2026-03-09 23:43:47 [info]: GET /api/services/types/all
2026-03-09 23:43:47 [info]: GET /api/employees
2026-03-09 23:43:47 [info]: GET /api/services/types/all
2026-03-09 23:43:52 [info]: GET /api/reports/weekly
2026-03-09 23:43:52 [info]: GET /api/services
2026-03-09 23:43:52 [info]: GET /api/services
2026-03-09 23:43:52 [info]: GET /api/reports/weekly
2026-03-09 23:43:52 [info]: GET /api/services
2026-03-09 23:43:52 [info]: GET /api/services
2026-03-09 23:43:55 [info]: GET /api/services
2026-03-09 23:43:55 [info]: GET /api/employees
2026-03-09 23:43:55 [info]: GET /api/reports/dashboard
2026-03-09 23:43:55 [info]: GET /api/reports/weekly
2026-03-09 23:43:57 [info]: GET /api/employees
2026-03-09 23:43:57 [info]: GET /api/services
2026-03-09 23:43:57 [info]: GET /api/reports/dashboard
2026-03-09 23:43:57 [info]: GET /api/reports/weekly
2026-03-09 23:43:58 [info]: GET /api/employees
2026-03-09 23:43:58 [info]: GET /api/employees
2026-03-09 23:44:12 [info]: GET /api/plans/active
2026-03-09 23:44:12 [info]: GET /api/plans/active
2026-03-09 23:44:20 [info]: GET /api/plans/active
2026-03-09 23:44:20 [info]: GET /api/plans/active
2026-03-09 23:44:41 [info]: POST /api/auth/login
2026-03-09 23:44:41 [info]: User logged in: admin@barbershop.com
2026-03-09 23:44:41 [info]: GET /api/auth/me
2026-03-09 23:44:41 [info]: GET /api/employees
2026-03-09 23:44:41 [warn]: Admin access denied for user: admin@barbershop.com
2026-03-09 23:44:41 [info]: GET /api/services
2026-03-09 23:44:41 [warn]: Admin access denied for user: admin@barbershop.com
2026-03-09 23:44:41 [info]: GET /api/reports/dashboard
2026-03-09 23:44:41 [warn]: Admin access denied for user: admin@barbershop.com
2026-03-09 23:44:41 [info]: GET /api/reports/weekly
2026-03-09 23:44:41 [warn]: Admin access denied for user: admin@barbershop.com
2026-03-09 23:44:41 [info]: GET /api/plans
2026-03-09 23:44:41 [info]: GET /api/employees
2026-03-09 23:44:41 [warn]: Admin access denied for user: admin@barbershop.com
2026-03-09 23:44:41 [info]: GET /api/services
2026-03-09 23:44:41 [warn]: Admin access denied for user: admin@barbershop.com
2026-03-09 23:44:41 [info]: GET /api/admin/tenants
2026-03-09 23:44:41 [info]: GET /api/auth/me
2026-03-09 23:44:41 [info]: GET /api/reports/dashboard
2026-03-09 23:44:41 [warn]: Admin access denied for user: admin@barbershop.com
2026-03-09 23:44:42 [info]: GET /api/reports/weekly
2026-03-09 23:44:42 [warn]: Admin access denied for user: admin@barbershop.com
2026-03-09 23:44:42 [info]: GET /api/employees
2026-03-09 23:44:42 [warn]: Admin access denied for user: admin@barbershop.com
2026-03-09 23:44:42 [info]: GET /api/services
2026-03-09 23:44:42 [warn]: Admin access denied for user: admin@barbershop.com
2026-03-09 23:44:42 [info]: GET /api/reports/dashboard
2026-03-09 23:44:42 [warn]: Admin access denied for user: admin@barbershop.com
2026-03-09 23:44:42 [info]: GET /api/plans
2026-03-09 23:44:42 [info]: GET /api/reports/weekly
2026-03-09 23:44:42 [warn]: Admin access denied for user: admin@barbershop.com
2026-03-09 23:44:42 [info]: GET /api/employees
2026-03-09 23:44:42 [warn]: Admin access denied for user: admin@barbershop.com
2026-03-09 23:44:42 [info]: GET /api/services
2026-03-09 23:44:42 [warn]: Admin access denied for user: admin@barbershop.com
2026-03-09 23:44:42 [info]: GET /api/admin/tenants
2026-03-09 23:44:42 [info]: GET /api/reports/dashboard
2026-03-09 23:44:42 [warn]: Admin access denied for user: admin@barbershop.com
2026-03-09 23:44:42 [info]: GET /api/reports/weekly
2026-03-09 23:44:42 [warn]: Admin access denied for user: admin@barbershop.com
2026-03-09 23:48:28 [info]: GET /api/plans
2026-03-09 23:48:28 [info]: GET /api/plans
2026-03-09 23:49:30 [info]: GET /api/plans
2026-03-09 23:49:30 [info]: GET /api/plans
2026-03-09 23:52:25 [info]: POST /api/auth/login
2026-03-09 23:52:26 [info]: User logged in: matias@gmail.com
2026-03-09 23:52:26 [info]: GET /api/auth/me
2026-03-09 23:52:26 [info]: GET /api/employees
2026-03-09 23:52:26 [info]: GET /api/services
2026-03-09 23:52:26 [info]: GET /api/reports/dashboard
2026-03-09 23:52:26 [info]: GET /api/reports/weekly
2026-03-09 23:52:26 [info]: GET /api/employees
2026-03-09 23:52:26 [info]: GET /api/auth/me
2026-03-09 23:52:26 [info]: GET /api/employees
2026-03-09 23:52:26 [info]: GET /api/employees
2026-03-09 23:52:26 [info]: GET /api/services
2026-03-09 23:52:26 [info]: GET /api/services
2026-03-09 23:52:26 [info]: GET /api/reports/weekly
2026-03-09 23:52:26 [info]: GET /api/reports/dashboard
2026-03-09 23:52:26 [info]: GET /api/services
2026-03-09 23:52:26 [info]: GET /api/reports/weekly
2026-03-09 23:52:26 [info]: GET /api/reports/weekly
2026-03-09 23:52:26 [info]: GET /api/reports/dashboard
2026-03-09 23:52:26 [info]: GET /api/reports/dashboard
2026-03-09 23:52:29 [info]: GET /api/employees
2026-03-09 23:52:29 [info]: GET /api/services
2026-03-09 23:52:29 [info]: GET /api/reports/dashboard
2026-03-09 23:52:29 [info]: GET /api/reports/weekly
2026-03-09 23:52:33 [info]: GET /api/employees
2026-03-09 23:52:33 [info]: GET /api/employees
2026-03-09 23:52:41 [info]: GET /api/employees
2026-03-09 23:52:41 [info]: GET /api/services
2026-03-09 23:52:41 [info]: GET /api/reports/dashboard
2026-03-09 23:52:41 [info]: GET /api/reports/weekly
2026-03-09 23:52:47 [info]: GET /api/services/types/all
2026-03-09 23:52:47 [info]: GET /api/services/types/all
2026-03-09 23:52:50 [info]: GET /api/employees
2026-03-09 23:52:50 [info]: GET /api/services/types/all
2026-03-09 23:52:50 [info]: GET /api/employees
2026-03-09 23:52:50 [info]: GET /api/services/types/all
2026-03-09 23:52:50 [info]: GET /api/reports/weekly
2026-03-09 23:52:50 [info]: GET /api/services
2026-03-09 23:52:50 [info]: GET /api/services
2026-03-09 23:52:50 [info]: GET /api/reports/weekly
2026-03-09 23:52:50 [info]: GET /api/services
2026-03-09 23:52:50 [info]: GET /api/services
2026-03-09 23:52:51 [info]: GET /api/employees
2026-03-09 23:52:51 [info]: GET /api/employees
2026-03-09 23:52:56 [info]: GET /api/employees
2026-03-09 23:52:56 [info]: GET /api/services
2026-03-09 23:52:56 [info]: GET /api/reports/dashboard
2026-03-09 23:52:56 [info]: GET /api/reports/weekly
2026-03-09 23:53:00 [info]: GET /api/employees
2026-03-09 23:53:00 [info]: GET /api/services
2026-03-09 23:53:00 [info]: GET /api/reports/dashboard
2026-03-09 23:53:00 [info]: GET /api/reports/weekly
2026-03-09 23:53:06 [info]: GET /api/employees
2026-03-09 23:53:06 [info]: GET /api/services
2026-03-09 23:53:06 [info]: GET /api/reports/dashboard
2026-03-09 23:53:06 [info]: GET /api/reports/weekly
2026-03-09 23:53:08 [info]: GET /api/employees
2026-03-09 23:53:08 [info]: GET /api/services
2026-03-09 23:53:08 [info]: GET /api/reports/dashboard
2026-03-09 23:53:08 [info]: GET /api/reports/weekly
2026-03-09 23:53:09 [info]: GET /api/employees
2026-03-09 23:53:09 [info]: GET /api/services
2026-03-09 23:53:09 [info]: GET /api/reports/dashboard
2026-03-09 23:53:09 [info]: GET /api/reports/weekly
2026-03-09 23:53:11 [info]: GET /api/employees
2026-03-09 23:53:11 [info]: GET /api/services
2026-03-09 23:53:11 [info]: GET /api/reports/dashboard
2026-03-09 23:53:11 [info]: GET /api/reports/weekly
2026-03-09 23:53:26 [info]: GET /api/employees
2026-03-09 23:53:26 [info]: GET /api/services
2026-03-09 23:53:26 [info]: GET /api/reports/weekly
2026-03-09 23:53:26 [info]: GET /api/reports/dashboard
2026-03-09 23:53:27 [info]: GET /api/employees
2026-03-09 23:53:27 [info]: GET /api/services
2026-03-09 23:53:27 [info]: GET /api/reports/dashboard
2026-03-09 23:53:27 [info]: GET /api/reports/weekly
2026-03-09 23:53:27 [info]: GET /api/employees
2026-03-09 23:53:27 [info]: GET /api/services
2026-03-09 23:53:27 [info]: GET /api/reports/weekly
2026-03-09 23:53:27 [info]: GET /api/reports/dashboard
2026-03-09 23:53:29 [info]: GET /api/employees
2026-03-09 23:53:29 [info]: GET /api/services
2026-03-09 23:53:29 [info]: GET /api/reports/dashboard
2026-03-09 23:53:29 [info]: GET /api/reports/weekly
2026-03-09 23:53:41 [info]: GET /api/employees
2026-03-09 23:53:41 [info]: GET /api/services
2026-03-09 23:53:41 [info]: GET /api/reports/dashboard
2026-03-09 23:53:41 [info]: GET /api/reports/weekly
2026-03-09 23:53:51 [info]: GET /api/employees
2026-03-09 23:53:51 [info]: GET /api/services
2026-03-09 23:53:51 [info]: GET /api/reports/dashboard
2026-03-09 23:53:51 [info]: GET /api/reports/weekly
2026-03-09 23:53:51 [info]: GET /api/employees
2026-03-09 23:53:51 [info]: GET /api/services
2026-03-09 23:53:51 [info]: GET /api/reports/weekly
2026-03-09 23:53:51 [info]: GET /api/reports/dashboard
2026-03-09 23:53:52 [info]: GET /api/employees
2026-03-09 23:53:52 [info]: GET /api/services
2026-03-09 23:53:52 [info]: GET /api/reports/dashboard
2026-03-09 23:53:52 [info]: GET /api/reports/weekly
2026-03-09 23:53:56 [info]: GET /api/employees
2026-03-09 23:53:56 [info]: GET /api/services
2026-03-09 23:53:56 [info]: GET /api/reports/dashboard
2026-03-09 23:53:56 [info]: GET /api/reports/weekly
2026-03-09 23:54:00 [info]: GET /api/employees
2026-03-09 23:54:00 [info]: GET /api/services
2026-03-09 23:54:00 [info]: GET /api/reports/dashboard
2026-03-09 23:54:00 [info]: GET /api/reports/weekly
2026-03-09 23:54:00 [info]: GET /api/employees
2026-03-09 23:54:00 [info]: GET /api/services
2026-03-09 23:54:00 [info]: GET /api/reports/weekly
2026-03-09 23:54:00 [info]: GET /api/reports/dashboard
2026-03-09 23:54:02 [info]: GET /api/employees
2026-03-09 23:54:02 [info]: GET /api/services
2026-03-09 23:54:02 [info]: GET /api/reports/dashboard
2026-03-09 23:54:02 [info]: GET /api/reports/weekly
2026-03-09 23:54:11 [info]: GET /api/employees
2026-03-09 23:54:11 [info]: GET /api/services
2026-03-09 23:54:11 [info]: GET /api/reports/dashboard
2026-03-09 23:54:11 [info]: GET /api/reports/weekly
2026-03-09 23:54:26 [info]: GET /api/employees
2026-03-09 23:54:26 [info]: GET /api/services
2026-03-09 23:54:26 [info]: GET /api/reports/dashboard
2026-03-09 23:54:26 [info]: GET /api/reports/weekly
2026-03-09 23:54:38 [info]: GET /api/employees
2026-03-09 23:54:38 [info]: GET /api/auth/me
2026-03-09 23:54:41 [info]: GET /api/employees
2026-03-09 23:54:41 [info]: GET /api/services
2026-03-09 23:54:41 [info]: GET /api/reports/dashboard
2026-03-09 23:54:41 [info]: GET /api/reports/weekly
2026-03-09 23:54:56 [info]: GET /api/employees
2026-03-09 23:54:56 [info]: GET /api/services
2026-03-09 23:54:56 [info]: GET /api/reports/dashboard
2026-03-09 23:54:56 [info]: GET /api/reports/weekly
2026-03-09 23:55:11 [info]: GET /api/employees
2026-03-09 23:55:11 [info]: GET /api/services
2026-03-09 23:55:11 [info]: GET /api/reports/dashboard
2026-03-09 23:55:11 [info]: GET /api/reports/weekly
2026-03-09 23:55:22 [info]: GET /api/employees
2026-03-09 23:55:22 [info]: GET /api/services
2026-03-09 23:55:22 [info]: GET /api/reports/dashboard
2026-03-09 23:55:22 [info]: GET /api/reports/weekly
2026-03-09 23:55:22 [info]: GET /api/employees
2026-03-09 23:55:22 [info]: GET /api/services
2026-03-09 23:55:22 [info]: GET /api/reports/weekly
2026-03-09 23:55:22 [info]: GET /api/reports/dashboard
2026-03-09 23:55:26 [info]: GET /api/employees
2026-03-09 23:55:26 [info]: GET /api/services
2026-03-09 23:55:26 [info]: GET /api/reports/dashboard
2026-03-09 23:55:26 [info]: GET /api/reports/weekly
2026-03-09 23:56:01 [info]: POST /api/auth/login
2026-03-09 23:56:02 [info]: User logged in: admin@barbershop.com
2026-03-09 23:56:02 [info]: GET /api/auth/me
2026-03-09 23:56:02 [info]: GET /api/employees
2026-03-09 23:56:02 [warn]: Admin access denied for user: admin@barbershop.com
2026-03-09 23:56:02 [info]: GET /api/services
2026-03-09 23:56:02 [warn]: Admin access denied for user: admin@barbershop.com
2026-03-09 23:56:03 [info]: GET /api/reports/dashboard
2026-03-09 23:56:03 [warn]: Admin access denied for user: admin@barbershop.com
2026-03-09 23:56:03 [info]: GET /api/reports/weekly
2026-03-09 23:56:03 [warn]: Admin access denied for user: admin@barbershop.com
2026-03-09 23:56:03 [info]: GET /api/employees
2026-03-09 23:56:03 [warn]: Admin access denied for user: admin@barbershop.com
2026-03-09 23:56:03 [info]: GET /api/services
2026-03-09 23:56:03 [warn]: Admin access denied for user: admin@barbershop.com
2026-03-09 23:56:03 [info]: GET /api/auth/me
2026-03-09 23:56:03 [info]: GET /api/reports/dashboard
2026-03-09 23:56:03 [warn]: Admin access denied for user: admin@barbershop.com
2026-03-09 23:56:03 [info]: GET /api/plans
2026-03-09 23:56:03 [info]: GET /api/admin/tenants
2026-03-09 23:56:03 [info]: GET /api/reports/weekly
2026-03-09 23:56:03 [warn]: Admin access denied for user: admin@barbershop.com
2026-03-09 23:56:03 [info]: GET /api/employees
2026-03-09 23:56:03 [warn]: Admin access denied for user: admin@barbershop.com
2026-03-09 23:56:03 [info]: GET /api/services
2026-03-09 23:56:03 [warn]: Admin access denied for user: admin@barbershop.com
2026-03-09 23:56:03 [info]: GET /api/reports/dashboard
2026-03-09 23:56:03 [warn]: Admin access denied for user: admin@barbershop.com
2026-03-09 23:56:03 [info]: GET /api/reports/weekly
2026-03-09 23:56:03 [warn]: Admin access denied for user: admin@barbershop.com
2026-03-09 23:56:03 [info]: GET /api/employees
2026-03-09 23:56:03 [warn]: Admin access denied for user: admin@barbershop.com
2026-03-09 23:56:03 [info]: GET /api/services
2026-03-09 23:56:03 [warn]: Admin access denied for user: admin@barbershop.com
2026-03-09 23:56:03 [info]: GET /api/plans
2026-03-09 23:56:03 [info]: GET /api/reports/dashboard
2026-03-09 23:56:03 [warn]: Admin access denied for user: admin@barbershop.com
2026-03-09 23:56:03 [info]: GET /api/reports/weekly
2026-03-09 23:56:03 [warn]: Admin access denied for user: admin@barbershop.com
2026-03-09 23:56:03 [info]: GET /api/admin/tenants
2026-03-09 23:56:06 [info]: GET /api/plans
2026-03-09 23:56:06 [info]: GET /api/plans
2026-03-09 23:56:23 [info]: POST /api/auth/login
2026-03-09 23:56:23 [warn]: Login attempt for inactive tenant: 774278d6-5deb-46f0-abe8-48b78a63206d by user: mass@gmail.com
2026-03-09 23:56:23 [warn]: Client error:
2026-03-09 23:57:00 [info]: POST /api/auth/login
2026-03-09 23:57:01 [info]: User logged in: admin@barbershop.com
2026-03-09 23:57:01 [info]: GET /api/auth/me
2026-03-09 23:57:01 [info]: GET /api/employees
2026-03-09 23:57:01 [warn]: Admin access denied for user: admin@barbershop.com
2026-03-09 23:57:01 [info]: GET /api/services
2026-03-09 23:57:01 [warn]: Admin access denied for user: admin@barbershop.com
2026-03-09 23:57:01 [info]: GET /api/reports/dashboard
2026-03-09 23:57:01 [warn]: Admin access denied for user: admin@barbershop.com
2026-03-09 23:57:01 [info]: GET /api/reports/weekly
2026-03-09 23:57:01 [warn]: Admin access denied for user: admin@barbershop.com
2026-03-09 23:57:01 [info]: GET /api/employees
2026-03-09 23:57:01 [warn]: Admin access denied for user: admin@barbershop.com
2026-03-09 23:57:01 [info]: GET /api/plans
2026-03-09 23:57:01 [info]: GET /api/admin/tenants
2026-03-09 23:57:01 [info]: GET /api/auth/me
2026-03-09 23:57:01 [info]: GET /api/services
2026-03-09 23:57:01 [warn]: Admin access denied for user: admin@barbershop.com
2026-03-09 23:57:01 [info]: GET /api/reports/dashboard
2026-03-09 23:57:01 [warn]: Admin access denied for user: admin@barbershop.com
2026-03-09 23:57:01 [info]: GET /api/reports/weekly
2026-03-09 23:57:01 [warn]: Admin access denied for user: admin@barbershop.com
2026-03-09 23:57:01 [info]: GET /api/employees
2026-03-09 23:57:01 [warn]: Admin access denied for user: admin@barbershop.com
2026-03-09 23:57:01 [info]: GET /api/services
2026-03-09 23:57:01 [warn]: Admin access denied for user: admin@barbershop.com
2026-03-09 23:57:01 [info]: GET /api/reports/dashboard
2026-03-09 23:57:01 [warn]: Admin access denied for user: admin@barbershop.com
2026-03-09 23:57:01 [info]: GET /api/reports/weekly
2026-03-09 23:57:01 [warn]: Admin access denied for user: admin@barbershop.com
2026-03-09 23:57:01 [info]: GET /api/plans
2026-03-09 23:57:01 [info]: GET /api/employees
2026-03-09 23:57:01 [warn]: Admin access denied for user: admin@barbershop.com
2026-03-09 23:57:01 [info]: GET /api/admin/tenants
2026-03-09 23:57:01 [info]: GET /api/services
2026-03-09 23:57:01 [warn]: Admin access denied for user: admin@barbershop.com
2026-03-09 23:57:01 [info]: GET /api/reports/dashboard
2026-03-09 23:57:01 [warn]: Admin access denied for user: admin@barbershop.com
2026-03-09 23:57:01 [info]: GET /api/reports/weekly
2026-03-09 23:57:01 [warn]: Admin access denied for user: admin@barbershop.com
2026-03-09 23:57:02 [info]: GET /api/plans
2026-03-09 23:57:02 [info]: GET /api/plans
2026-03-09 23:57:09 [info]: PATCH /api/admin/tenants/774278d6-5deb-46f0-abe8-48b78a63206d/toggle
2026-03-09 23:57:09 [info]: GET /api/admin/tenants
2026-03-09 23:57:22 [info]: POST /api/auth/login
2026-03-09 23:57:23 [warn]: Failed login attempt 1/4 for: mass@gmail.com (3 left)
2026-03-09 23:57:23 [warn]: Client error:
2026-03-09 23:57:31 [info]: POST /api/auth/login
2026-03-09 23:57:32 [info]: User logged in: mass@gmail.com
2026-03-09 23:57:32 [info]: GET /api/auth/me
2026-03-09 23:57:32 [info]: GET /api/employees
2026-03-09 23:57:32 [info]: GET /api/services
2026-03-09 23:57:32 [info]: GET /api/reports/dashboard
2026-03-09 23:57:32 [info]: GET /api/reports/weekly
2026-03-09 23:57:32 [info]: GET /api/employees
2026-03-09 23:57:32 [info]: GET /api/auth/me
2026-03-09 23:57:32 [info]: GET /api/reports/weekly
2026-03-09 23:57:32 [info]: GET /api/employees
2026-03-09 23:57:32 [info]: GET /api/reports/weekly
2026-03-09 23:57:33 [info]: GET /api/employees
2026-03-09 23:57:33 [info]: GET /api/reports/weekly
2026-03-09 23:57:33 [info]: GET /api/services
2026-03-09 23:57:33 [info]: GET /api/services
2026-03-09 23:57:33 [info]: GET /api/services
2026-03-09 23:57:33 [info]: GET /api/reports/dashboard
2026-03-09 23:57:33 [info]: GET /api/reports/dashboard
2026-03-09 23:57:33 [info]: GET /api/reports/dashboard
2026-03-09 23:57:34 [info]: GET /api/employees
2026-03-09 23:57:34 [info]: GET /api/services/types/all
2026-03-09 23:57:34 [info]: GET /api/services/types/all
2026-03-09 23:57:34 [info]: GET /api/employees
2026-03-09 23:57:36 [info]: GET /api/services/types/all
2026-03-09 23:57:36 [info]: GET /api/services/types/all
2026-03-09 23:57:37 [info]: GET /api/employees
2026-03-09 23:57:37 [info]: GET /api/auth/me
2026-03-09 23:57:37 [info]: GET /api/employees
2026-03-09 23:57:37 [info]: GET /api/auth/me
2026-03-09 23:57:41 [info]: GET /api/employees
2026-03-09 23:57:41 [info]: GET /api/services
2026-03-09 23:57:41 [info]: GET /api/reports/dashboard
2026-03-09 23:57:41 [info]: GET /api/reports/weekly
2026-03-09 23:57:47 [info]: GET /api/employees
2026-03-09 23:57:47 [info]: GET /api/services
2026-03-09 23:57:47 [info]: GET /api/reports/dashboard
2026-03-09 23:57:47 [info]: GET /api/reports/weekly
2026-03-09 23:58:02 [info]: GET /api/employees
2026-03-09 23:58:02 [info]: GET /api/services
2026-03-09 23:58:02 [info]: GET /api/reports/dashboard
2026-03-09 23:58:02 [info]: GET /api/reports/weekly
2026-03-09 23:58:03 [info]: POST /api/employees
2026-03-09 23:58:03 [error]: Error: Has alcanzado el límite de peluqueros permitido para tu plan. Actualiza tu plan para agregar más.
    at EmployeeService.createEmployee (C:\Users\matia\Downloads\Kimi_Agent_Panel Admin Peluquería Completo\barbershop-admin\backend\dist\services\employee.service.js:62:23)
    at async C:\Users\matia\Downloads\Kimi_Agent_Panel Admin Peluquería Completo\barbershop-admin\backend\dist\controllers\employee.controller.js:94:22
2026-03-09 23:58:10 [info]: GET /api/employees
2026-03-09 23:58:10 [info]: GET /api/services
2026-03-09 23:58:10 [info]: GET /api/reports/dashboard
2026-03-09 23:58:10 [info]: GET /api/reports/weekly
2026-03-09 23:58:11 [info]: GET /api/employees
2026-03-09 23:58:11 [info]: GET /api/services
2026-03-09 23:58:11 [info]: GET /api/reports/dashboard
2026-03-09 23:58:11 [info]: GET /api/reports/weekly
2026-03-09 23:58:14 [info]: GET /api/employees
2026-03-09 23:58:14 [info]: GET /api/services
2026-03-09 23:58:14 [info]: GET /api/reports/dashboard
2026-03-09 23:58:14 [info]: GET /api/reports/weekly
2026-03-09 23:58:14 [info]: GET /api/employees
2026-03-09 23:58:14 [info]: GET /api/services
2026-03-09 23:58:14 [info]: GET /api/reports/weekly
2026-03-09 23:58:14 [info]: GET /api/reports/dashboard
2026-03-09 23:58:16 [info]: GET /api/employees
2026-03-09 23:58:16 [info]: GET /api/services
2026-03-09 23:58:16 [info]: GET /api/reports/dashboard
2026-03-09 23:58:16 [info]: GET /api/reports/weekly
2026-03-09 23:58:17 [info]: GET /api/employees
2026-03-09 23:58:17 [info]: GET /api/services
2026-03-09 23:58:17 [info]: GET /api/reports/dashboard
2026-03-09 23:58:17 [info]: GET /api/reports/weekly
2026-03-09 23:58:20 [info]: GET /api/employees
2026-03-09 23:58:20 [info]: GET /api/services
2026-03-09 23:58:20 [info]: GET /api/reports/dashboard
2026-03-09 23:58:20 [info]: GET /api/reports/weekly
2026-03-09 23:58:33 [info]: GET /api/employees
2026-03-09 23:58:33 [info]: GET /api/services
2026-03-09 23:58:33 [info]: GET /api/reports/dashboard
2026-03-09 23:58:33 [info]: GET /api/reports/weekly
2026-03-09 23:58:35 [info]: GET /api/employees
2026-03-09 23:58:35 [info]: GET /api/services
2026-03-09 23:58:35 [info]: GET /api/reports/dashboard
2026-03-09 23:58:35 [info]: GET /api/reports/weekly
2026-03-09 23:58:35 [info]: GET /api/employees
2026-03-09 23:58:35 [info]: GET /api/services
2026-03-09 23:58:35 [info]: GET /api/reports/weekly
2026-03-09 23:58:35 [info]: GET /api/reports/dashboard
2026-03-09 23:58:40 [info]: GET /api/employees
2026-03-09 23:58:40 [info]: GET /api/services
2026-03-09 23:58:40 [info]: GET /api/reports/dashboard
2026-03-09 23:58:40 [info]: GET /api/reports/weekly
2026-03-09 23:58:41 [info]: GET /api/employees
2026-03-09 23:58:41 [info]: GET /api/services
2026-03-09 23:58:41 [info]: GET /api/reports/dashboard
2026-03-09 23:58:41 [info]: GET /api/reports/weekly
2026-03-09 23:58:41 [info]: GET /api/employees
2026-03-09 23:58:41 [info]: GET /api/services
2026-03-09 23:58:41 [info]: GET /api/reports/weekly
2026-03-09 23:58:41 [info]: GET /api/reports/dashboard
2026-03-09 23:58:42 [info]: GET /api/employees
2026-03-09 23:58:42 [info]: GET /api/services
2026-03-09 23:58:42 [info]: GET /api/reports/dashboard
2026-03-09 23:58:42 [info]: GET /api/reports/weekly
2026-03-09 23:58:45 [info]: GET /api/employees
2026-03-09 23:58:45 [info]: GET /api/services
2026-03-09 23:58:45 [info]: GET /api/reports/dashboard
2026-03-09 23:58:45 [info]: GET /api/reports/weekly
2026-03-09 23:58:45 [info]: GET /api/employees
2026-03-09 23:58:45 [info]: GET /api/services
2026-03-09 23:58:45 [info]: GET /api/reports/weekly
2026-03-09 23:58:45 [info]: GET /api/reports/dashboard
2026-03-09 23:58:47 [info]: GET /api/employees
2026-03-09 23:58:47 [info]: GET /api/services
2026-03-09 23:58:47 [info]: GET /api/reports/dashboard
2026-03-09 23:58:47 [info]: GET /api/reports/weekly
2026-03-09 23:58:48 [info]: GET /api/employees
2026-03-09 23:58:48 [info]: GET /api/services
2026-03-09 23:58:48 [info]: GET /api/reports/dashboard
2026-03-09 23:58:48 [info]: GET /api/reports/weekly
2026-03-09 23:59:03 [info]: GET /api/employees
2026-03-09 23:59:03 [info]: GET /api/services
2026-03-09 23:59:03 [info]: GET /api/reports/dashboard
2026-03-09 23:59:03 [info]: GET /api/reports/weekly
2026-03-09 23:59:04 [info]: GET /api/employees
2026-03-09 23:59:04 [info]: GET /api/services
2026-03-09 23:59:04 [info]: GET /api/reports/dashboard
2026-03-09 23:59:04 [info]: GET /api/reports/weekly
2026-03-09 23:59:04 [info]: GET /api/employees
2026-03-09 23:59:04 [info]: GET /api/services
2026-03-09 23:59:04 [info]: GET /api/reports/weekly
2026-03-09 23:59:04 [info]: GET /api/reports/dashboard
2026-03-09 23:59:05 [info]: GET /api/employees
2026-03-09 23:59:05 [info]: GET /api/services
2026-03-09 23:59:05 [info]: GET /api/reports/dashboard
2026-03-09 23:59:05 [info]: GET /api/reports/weekly
2026-03-09 23:59:06 [info]: GET /api/employees
2026-03-09 23:59:06 [info]: GET /api/services
2026-03-09 23:59:06 [info]: GET /api/employees
2026-03-09 23:59:06 [info]: GET /api/reports/dashboard
2026-03-09 23:59:06 [info]: GET /api/reports/weekly
2026-03-09 23:59:06 [info]: GET /api/services
2026-03-09 23:59:06 [info]: GET /api/reports/weekly
2026-03-09 23:59:06 [info]: GET /api/reports/dashboard
2026-03-09 23:59:07 [info]: GET /api/employees
2026-03-09 23:59:07 [info]: GET /api/services
2026-03-09 23:59:07 [info]: GET /api/reports/dashboard
2026-03-09 23:59:07 [info]: GET /api/reports/weekly
2026-03-09 23:59:15 [info]: GET /api/employees
2026-03-09 23:59:15 [info]: GET /api/services
2026-03-09 23:59:15 [info]: GET /api/reports/dashboard
2026-03-09 23:59:15 [info]: GET /api/reports/weekly
2026-03-09 23:59:15 [info]: GET /api/employees
2026-03-09 23:59:15 [info]: GET /api/services
2026-03-09 23:59:15 [info]: GET /api/reports/weekly
2026-03-09 23:59:15 [info]: GET /api/reports/dashboard
2026-03-09 23:59:17 [info]: GET /api/employees
2026-03-09 23:59:17 [info]: GET /api/services
2026-03-09 23:59:17 [info]: GET /api/reports/dashboard
2026-03-09 23:59:17 [info]: GET /api/reports/weekly
2026-03-09 23:59:20 [info]: GET /api/employees
2026-03-09 23:59:20 [info]: GET /api/services
2026-03-09 23:59:20 [info]: GET /api/reports/dashboard
2026-03-09 23:59:20 [info]: GET /api/reports/weekly
2026-03-09 23:59:33 [info]: GET /api/employees
2026-03-09 23:59:33 [info]: GET /api/services
2026-03-09 23:59:33 [info]: GET /api/reports/dashboard
2026-03-09 23:59:33 [info]: GET /api/reports/weekly
2026-03-09 23:59:48 [info]: GET /api/employees
2026-03-09 23:59:48 [info]: GET /api/services
2026-03-09 23:59:48 [info]: GET /api/reports/dashboard
2026-03-09 23:59:48 [info]: GET /api/reports/weekly
2026-03-10 00:00:03 [info]: GET /api/employees
2026-03-10 00:00:03 [info]: GET /api/services
2026-03-10 00:00:03 [info]: GET /api/reports/dashboard
2026-03-10 00:00:03 [info]: GET /api/reports/weekly
2026-03-10 00:00:05 [info]: GET /api/employees
2026-03-10 00:00:05 [info]: GET /api/services
2026-03-10 00:00:05 [info]: GET /api/reports/dashboard
2026-03-10 00:00:05 [info]: GET /api/reports/weekly
2026-03-10 00:00:05 [info]: GET /api/employees
2026-03-10 00:00:05 [info]: GET /api/services
2026-03-10 00:00:05 [info]: GET /api/reports/weekly
2026-03-10 00:00:05 [info]: GET /api/reports/dashboard
2026-03-10 00:00:07 [info]: GET /api/employees
2026-03-10 00:00:07 [info]: GET /api/services
2026-03-10 00:00:07 [info]: GET /api/reports/dashboard
2026-03-10 00:00:07 [info]: GET /api/reports/weekly
2026-03-10 00:00:18 [info]: GET /api/employees
2026-03-10 00:00:18 [info]: GET /api/services
2026-03-10 00:00:18 [info]: GET /api/reports/dashboard
2026-03-10 00:00:18 [info]: GET /api/reports/weekly
2026-03-10 00:00:33 [info]: GET /api/employees
2026-03-10 00:00:33 [info]: GET /api/services
2026-03-10 00:00:33 [info]: GET /api/reports/dashboard
2026-03-10 00:00:33 [info]: GET /api/reports/weekly
2026-03-10 00:00:48 [info]: GET /api/employees
2026-03-10 00:00:48 [info]: GET /api/services
2026-03-10 00:00:48 [info]: GET /api/reports/dashboard
2026-03-10 00:00:48 [info]: GET /api/reports/weekly
2026-03-10 00:01:03 [info]: GET /api/employees
2026-03-10 00:01:03 [info]: GET /api/services
2026-03-10 00:01:03 [info]: GET /api/reports/dashboard
2026-03-10 00:01:03 [info]: GET /api/reports/weekly
2026-03-10 00:01:14 [info]: GET /api/employees
2026-03-10 00:01:14 [info]: GET /api/services
2026-03-10 00:01:14 [info]: GET /api/reports/dashboard
2026-03-10 00:01:14 [info]: GET /api/reports/weekly
2026-03-10 00:01:15 [info]: GET /api/employees
2026-03-10 00:01:15 [info]: GET /api/services
2026-03-10 00:01:15 [info]: GET /api/reports/weekly
2026-03-10 00:01:15 [info]: GET /api/reports/dashboard
2026-03-10 00:01:17 [info]: GET /api/employees
2026-03-10 00:01:17 [info]: GET /api/services
2026-03-10 00:01:17 [info]: GET /api/reports/dashboard
2026-03-10 00:01:17 [info]: GET /api/reports/weekly
2026-03-10 00:01:18 [info]: GET /api/employees
2026-03-10 00:01:18 [info]: GET /api/services
2026-03-10 00:01:18 [info]: GET /api/reports/dashboard
2026-03-10 00:01:18 [info]: GET /api/reports/weekly
2026-03-10 00:01:23 [info]: SIGINT received. Shutting down gracefully...
